# Blender 5.0.1
# www.blender.org
o Hull
v -2.049479 0.514788 -0.280048
v -2.347725 0.514788 0.000000
v 3.253356 0.220223 -0.104779
v 2.758140 0.220851 0.000000
v 2.773216 0.235299 0.000000
v 2.714797 0.327640 0.000000
v 2.695323 0.330153 0.000000
v 2.646657 0.389200 0.000000
v 2.532661 0.410391 0.000000
v 2.247737 0.410391 0.000000
v 2.503371 0.410391 0.000000
v 2.488830 0.429915 0.000000
v 2.460112 0.446190 0.000000
v 2.438664 0.449909 0.000000
v 2.391406 0.449909 0.000000
v 2.362786 0.435916 0.000000
v 2.280908 0.429915 0.000000
v 2.225564 0.410391 0.000000
v 2.376132 0.446190 0.000000
v 2.173109 0.409884 0.000000
v 1.868613 0.370915 0.000000
v 1.870711 0.220224 -0.242333
v 1.856964 0.317007 0.000000
v 1.530879 0.277973 0.000000
v 1.852676 0.256198 -0.081544
v -1.629373 0.289574 -1.217795
v 0.678838 0.289646 0.000000
v 0.627211 0.245483 -0.194249
v 0.627211 0.245483 0.000000
v -0.911748 0.344807 0.000000
v -0.960097 0.401431 0.000000
v -1.030620 0.436693 0.000000
v -1.052432 0.437420 0.000000
v -0.796875 0.460322 0.000000
v -1.020948 0.618818 0.000000
v -1.222197 0.618818 0.000000
v -1.226923 0.630815 0.000000
v -1.525376 0.709699 0.000000
v -1.369201 0.618818 -0.094944
v -2.090770 0.575203 -0.441042
v -2.049479 0.608093 0.000000
v -2.347725 0.608093 -0.171057
v -1.907709 0.396070 0.000000
v -1.948260 0.289575 0.000000
v 2.874971 0.113831 0.000000
v 3.029022 0.048396 0.000000
v 3.029022 0.012347 0.000000
v 2.936232 -0.036650 0.000000
v 2.860559 -0.064185 0.000000
v 2.614087 -0.105316 0.000000
v 2.614087 -0.122440 0.000000
v 2.382341 -0.122440 0.000000
v 2.373758 -0.112089 0.000000
v 2.316705 -0.112089 0.000000
v 2.263691 -0.077504 0.000000
v 2.212192 -0.014393 0.000000
v 1.857151 -0.014393 0.000000
v 1.840110 -0.049314 0.000000
v 1.397477 -0.067122 0.000000
v 1.360519 -0.145583 0.000000
v 0.798891 -0.145583 0.000000
v 0.543962 -0.092823 -0.121119
v 0.549084 -0.111255 0.000000
v 0.543962 -0.092823 0.000000
v 1.397477 -0.067122 -0.103910
v 3.050263 0.220223 -0.413054
v 2.808202 0.220223 -0.644261
v 2.569397 0.220223 -0.774518
v 2.377267 0.220223 -0.774518
v 2.355407 0.220223 -0.757181
v 2.149619 0.220223 -0.326005
v 1.870711 0.161290 -0.242333
v 0.905541 0.203036 -0.306406
v 0.642313 0.210963 -0.343644
v 0.310338 0.220223 -0.386159
v 0.127792 0.230147 -0.466418
v 0.029018 0.230147 -0.540839
v -0.026160 0.230147 -0.606872
v -0.069052 0.230147 -0.702781
v -0.076087 0.230147 -0.824972
v -0.047211 0.230147 -0.970899
v 0.278864 0.211415 -1.521321
v 0.032606 0.230147 -1.118386
v 0.331692 0.204444 -1.704593
v 0.302055 0.191821 -1.793467
v 0.383333 0.187137 -1.825827
v 0.506277 0.176045 -1.895091
v 0.520304 0.151846 -1.876901
v 0.961305 0.155995 -2.028161
v 0.599713 0.137717 -2.118383
v 0.233907 0.121286 -2.190025
v -0.094993 0.115838 -2.212597
v -0.460609 0.124562 -2.178999
v 0.336485 0.206872 -1.625169
v 0.416993 0.159218 -1.804031
v 0.599713 0.103636 -2.145648
v 0.233907 0.085943 -2.216532
v 0.363113 0.160848 -1.780653
v 0.961305 0.162558 -1.976661
v 0.971215 0.142055 -1.950977
v 0.375036 0.163101 -1.707734
v 0.377317 0.167498 -1.606323
v 0.312333 0.170011 -1.500516
v 0.066980 0.176293 -1.096676
v -0.007410 0.176293 -0.964567
v -0.033572 0.176293 -0.821353
v -0.024728 0.176293 -0.716350
v 0.010023 0.176293 -0.626773
v 0.055402 0.176293 -0.572248
v 0.150406 0.176293 -0.499083
v 0.319132 0.176293 -0.421965
v 0.642313 0.176293 -0.368771
v 0.904913 0.167491 -0.330277
v -0.436509 0.191821 -1.834105
v -0.532377 0.204444 -1.704593
v -0.617455 0.206872 -1.625169
v -1.090734 0.230147 -1.163067
v -1.090734 0.230147 -1.183959
v -0.728519 0.207414 -1.521321
v -0.670651 0.245483 -0.359808
v -0.481618 0.245483 -0.372168
v -0.331481 0.245483 -0.373986
v -0.139175 0.245483 -0.347448
v 0.038589 0.245483 -0.299099
v 0.214173 0.245483 -0.225303
v 0.359874 0.245483 -0.141110
v 0.433598 0.245483 -0.046884
v 0.448067 0.245483 0.000000
v -0.950707 0.235259 -0.895314
v -0.810679 0.240371 -0.627561
v -0.701069 0.295649 -0.326980
v -1.129140 0.289574 -1.163067
v -1.123539 0.290037 -1.201561
v -0.843759 0.293315 -0.598988
v -0.986449 0.291907 -0.881027
v -0.471074 0.248469 -1.824889
v -0.797307 0.272262 -1.506636
v -0.634190 0.260366 -1.659173
v -0.642440 0.344808 -0.283181
v -0.492304 0.344808 -0.284564
v -0.299998 0.344808 -0.264372
v -0.122234 0.344808 -0.227584
v 0.053350 0.344808 -0.171433
v 0.199051 0.344808 -0.107370
v 0.272774 0.344808 -0.035674
v 0.287244 0.344808 0.000000
v 1.852676 0.256200 -0.132478
v 0.730466 0.333810 -0.185478
v 1.530879 0.277973 -0.147675
v 0.730466 0.333810 0.000000
v 1.583348 0.274692 -0.104311
v 1.542447 0.276950 -0.071898
v 1.541650 0.332573 0.000000
v 1.856964 0.317074 -0.074730
v 1.592278 0.330311 -0.095613
v 1.552818 0.331775 -0.065880
v 1.859376 0.194895 -0.212995
v 1.442945 0.198450 -0.253777
v 1.387812 0.164391 -0.286305
v 0.547329 0.220223 -0.345557
v 0.288228 0.226260 -0.349212
v 0.675365 0.286675 -0.238507
v 0.675365 0.286675 -0.190158
v 0.547329 0.220223 -0.208490
v -1.629373 0.289574 -1.151546
v -0.936791 0.243567 -1.832050
v -1.296981 0.272262 -1.506636
v -1.121203 0.260366 -1.659173
v -0.642440 0.344807 0.000000
v 0.053350 0.344808 0.000000
v 0.547329 0.220223 0.000000
v 3.050263 0.113831 -0.413054
v 2.808202 0.113831 -0.644261
v 2.569397 0.113831 -0.774518
v 2.377267 0.113831 -0.774518
v 2.355407 0.113831 -0.757181
v 2.149619 0.113831 -0.326005
v 3.253356 0.113831 -0.104779
v 3.029022 0.048396 -0.105882
v 3.029022 0.012347 -0.105881
v 2.866639 0.048396 -0.206847
v 2.866639 0.012347 -0.206847
v 2.736411 0.048396 -0.247684
v 2.736411 0.012347 -0.247684
v 2.619688 0.048396 -0.269871
v 2.619688 0.012347 -0.269871
v 2.295887 0.048396 -0.274052
v 2.295887 0.012347 -0.274052
v 2.200579 0.048396 -0.210706
v 2.186508 0.012348 -0.201414
v 2.614087 -0.105316 -0.018630
v 2.614087 -0.122440 -0.018630
v 2.382341 -0.122440 -0.018630
v 2.619688 -0.051706 -0.235530
v 2.296392 -0.051706 -0.240282
v 2.619688 -0.105316 -0.186556
v 2.331226 -0.105316 -0.200738
v 2.844806 -0.067708 -0.088944
v 2.936914 -0.036290 -0.097412
v 2.692006 -0.046484 -0.225315
v 2.373758 -0.112089 -0.018630
v 2.295572 -0.098303 -0.142396
v 2.238247 -0.043038 -0.176551
v 2.273884 0.048396 -0.260316
v 2.273884 0.012347 -0.260316
v 2.147825 0.220224 -0.196031
v 2.636111 0.347464 -0.103668
v 2.708132 0.220223 -0.159872
v 2.580112 0.220223 -0.207880
v 2.296068 0.220224 -0.211880
v 2.131886 0.347463 -0.112568
v 2.307221 0.347464 -0.144994
v 2.568991 0.347463 -0.134793
v 2.676726 0.347464 -0.060362
v 2.680588 0.347464 0.000000
v 1.868612 0.370915 -0.033718
v 2.049262 0.394034 -0.049796
v 2.243309 0.410391 -0.062301
v 2.173109 0.409884 -0.059454
v 2.049262 0.394034 0.000000
v 1.862718 0.326904 0.000000
v 1.862718 0.326904 -0.039882
v 2.049262 0.340442 -0.057798
v 2.173109 0.347463 -0.067455
v 2.689067 0.220223 -0.723324
v 2.689067 0.113831 -0.723324
v 2.737457 0.220223 -0.140193
v 2.756751 0.220223 -0.094276
v 2.847652 0.196743 -0.033908
v 3.244508 0.220380 -0.086489
v 3.149577 0.220223 -0.277674
v 3.149577 0.113831 -0.277674
v 2.929233 0.220223 -0.541841
v 2.929233 0.113831 -0.541841
v 2.847652 0.196743 0.000000
v 2.714797 0.327640 -0.053055
v 2.773216 0.235299 -0.088159
v 2.695323 0.330153 -0.053055
v 2.660733 0.347464 -0.087699
v 2.646657 0.389200 -0.020395
v 2.532661 0.410391 -0.045317
v 2.129017 0.347463 -0.064028
v 1.856614 0.220224 -0.179851
v 2.680588 0.347464 -0.029927
v 2.547548 0.347464 -0.054749
v 2.664734 0.347464 0.000000
v 2.664734 0.347464 -0.029927
v 2.543844 0.347464 -0.126056
v 2.522081 0.347464 -0.215422
v 2.492910 0.347464 -0.281636
v 2.446606 0.347464 -0.282562
v 2.233610 0.347464 -0.072344
v 2.528216 0.410391 -0.120884
v 2.506546 0.410391 -0.214788
v 2.480430 0.410391 -0.269241
v 2.453759 0.410391 -0.270352
v 2.497905 0.410391 -0.034728
v 2.478290 0.410391 -0.065597
v 2.460283 0.410391 -0.082639
v 2.424912 0.410391 -0.097431
v 2.379574 0.410391 -0.100003
v 2.329411 0.410391 -0.090356
v 2.285359 0.410391 -0.069456
v 2.251917 0.410391 -0.034406
v 2.366042 0.435916 -0.018453
v 2.383720 0.435916 -0.035821
v 2.412563 0.435916 -0.040163
v 2.441406 0.435916 -0.036752
v 2.461565 0.435916 -0.021865
v 2.469784 0.435916 0.000000
v 2.440035 0.446190 -0.018376
v 2.387563 0.446190 -0.018376
v 2.413799 0.446190 -0.022115
v 2.415035 0.449909 0.000000
v 2.479526 0.429915 -0.029463
v 2.461383 0.429915 -0.053809
v 2.446651 0.429915 -0.064664
v 2.419204 0.429915 -0.073658
v 2.376094 0.429915 -0.076450
v 2.333140 0.429915 -0.061253
v 2.293752 0.429915 -0.040939
v 2.281037 0.429915 -0.020935
v 2.438106 0.347464 -0.139894
v 2.541095 0.347464 -0.137344
v 2.847652 0.133430 -0.033908
v 3.244508 0.113727 -0.086489
v 2.847652 0.133430 0.000000
v 1.870711 0.113831 -0.242333
v -1.180500 0.289574 -0.719475
v -1.372531 0.289574 -0.717874
v -1.142981 0.295649 -0.296335
v -1.372531 0.289574 -0.267267
v -1.411871 0.231164 -0.717874
v -1.411871 0.231164 -0.295405
v -1.672827 0.231164 -1.217795
v -1.672827 0.231164 -1.151546
v -0.992134 0.191356 -1.832050
v -1.356191 0.212475 -1.506636
v -1.176545 0.202129 -1.659173
v -1.239709 0.231164 -0.719475
v -1.655350 0.231080 -1.247227
v -1.661163 0.231164 -1.121884
v -1.417781 0.197961 -1.713688
v -1.619350 0.208616 -1.568086
v -1.220727 0.189626 -1.852476
v -1.950389 0.231164 -0.970075
v -1.851492 0.221131 -1.396385
v -1.549249 0.231164 -0.295405
v -1.563652 0.231164 -0.586332
v -1.653614 0.231164 -0.714814
v -1.831135 0.219504 -1.416216
v -1.943526 0.231164 -0.945214
v -1.594135 0.208172 -0.577457
v -1.679467 0.208172 -0.704009
v -1.977482 0.208172 -0.938654
v -1.984731 0.208172 -0.967760
v -1.882516 0.198448 -1.409813
v -1.856602 0.196674 -1.433348
v -1.274069 0.165188 -1.857477
v -1.662424 0.186714 -1.574724
v -1.468247 0.178363 -1.716101
v -1.582691 0.208172 -0.295405
v -1.594135 0.044666 -0.577457
v -1.679467 0.044666 -0.704009
v -1.977482 0.044666 -0.938654
v -1.984731 0.044666 -0.967760
v -1.882516 0.044666 -1.409813
v -1.856602 0.044666 -1.433348
v -1.274069 0.034483 -1.857477
v -1.662424 0.041450 -1.574724
v -1.468247 0.041182 -1.716101
v -1.582691 0.044666 -0.295405
v -1.907709 0.344807 -0.185816
v -1.907709 0.344807 0.000000
v 2.619688 0.113831 -0.233498
v 2.295887 0.113831 -0.237678
v 2.874971 0.113831 -0.105882
v 2.715243 0.113831 -0.210228
v 2.829516 0.113831 -0.157780
v 2.874971 0.113831 -0.048998
v 2.191404 0.113831 -0.212136
v 0.998345 -0.014393 -0.206985
v 2.110877 -0.014393 -0.098638
v 2.212192 -0.014393 -0.049319
v 2.110877 -0.014393 0.000000
v 0.984964 0.012348 -0.230561
v 2.197969 0.012348 -0.079599
v 2.109735 0.012348 -0.123753
v 1.857151 -0.014393 -0.090839
v 1.073251 -0.014393 -0.150773
v 0.609952 -0.014393 -0.198340
v 0.002778 -0.014393 -0.277300
v 0.983481 -0.014393 -0.182210
v 0.773725 -0.014393 -0.197075
v 0.773725 -0.014393 -0.217555
v 0.444722 -0.014393 -0.257194
v 0.318538 -0.014393 -0.280977
v 0.206888 -0.014393 -0.317974
v 0.115719 -0.014393 -0.361576
v -0.060014 -0.014393 -0.477850
v -0.107580 -0.014393 -0.540612
v 1.840110 -0.049314 -0.066906
v 1.071585 -0.077401 -0.131146
v 0.607017 -0.092053 -0.178713
v 0.020361 -0.100322 -0.255612
v 0.020361 -0.100322 0.000000
v 1.360519 -0.145583 -0.056239
v 1.331080 -0.145583 -0.080325
v 0.798891 -0.145583 -0.118557
v 1.331080 -0.145583 0.000000
v 1.397477 -0.067122 -0.051955
v 1.358098 -0.068335 -0.096177
v 1.071046 -0.077403 -0.116978
v 0.783993 -0.086471 -0.137779
v 0.549697 -0.111044 -0.118570
v 0.788838 -0.105696 0.000000
v 0.543962 -0.092823 -0.186978
v 0.576536 -0.092428 -0.152775
v 0.576536 -0.110650 -0.147805
v 0.788838 -0.105696 -0.131527
v 0.576536 -0.110650 0.000000
v 0.975024 0.012348 -0.208769
v 0.790745 0.012348 -0.218403
v 0.791510 0.012348 -0.237902
v 0.443828 0.012348 -0.286838
v 0.321058 0.012348 -0.303905
v 0.215904 0.012348 -0.341342
v 0.128368 0.012348 -0.384835
v -0.040097 0.012348 -0.496044
v -0.091848 0.012348 -0.562109
v -0.026160 0.012348 -0.606872
v 0.029018 0.012348 -0.540839
v 0.127792 0.012348 -0.466418
v 0.310338 0.012348 -0.386159
v 0.642313 0.012348 -0.343644
v 0.905541 0.012348 -0.306406
v 1.442945 0.012348 -0.253777
v 1.859376 0.012348 -0.212995
v 0.010023 0.058678 -0.626773
v 0.055402 0.058678 -0.572248
v 0.150406 0.058678 -0.499083
v 0.319132 0.058678 -0.421965
v 0.642313 0.058678 -0.368771
v 0.904913 0.058678 -0.330277
v 1.387812 0.058678 -0.286305
v 1.870711 0.058678 -0.242333
v 2.235567 -0.043038 0.000000
v -0.568468 0.012348 -0.562109
v -0.775860 0.012348 -0.280703
v -1.583546 0.012348 -0.280703
v -0.553758 -0.014393 -0.540612
v -0.764955 -0.014393 -0.263773
v -1.761328 -0.014393 -0.263773
v 0.002778 -0.014393 -0.203895
v -0.242672 -0.014393 -0.203895
v -0.317454 -0.014393 -0.131407
v -0.317454 -0.014393 0.000000
v 0.013789 -0.082572 -0.189214
v -0.220650 -0.082572 -0.189214
v -0.284320 -0.082572 -0.124716
v -0.284320 -0.082573 0.000000
v 0.013789 -0.082572 0.000000
v -0.220650 -0.082572 0.000000
v -1.761328 -0.014393 0.000000
v -1.723249 -0.014393 0.000000
v -1.723249 -0.014393 -0.245451
v -1.071846 -0.014393 -0.245451
v -1.071846 -0.014393 0.000000
v -0.694650 -0.014393 0.000000
v -1.230586 -0.082573 -0.194525
v -1.674691 -0.082573 -0.194525
v -1.230586 -0.082573 0.000000
v -1.674691 -0.082573 0.000000
v -1.776708 0.006253 -0.277048
v -1.776708 0.006253 0.000000
v -1.799238 0.044666 -0.295405
v -1.976980 0.006253 -0.271083
v -1.976980 0.006253 0.000000
v -2.007612 0.044666 -0.277053
v -2.147788 0.231164 -0.277053
v -2.147788 0.231164 0.000000
v -2.007612 0.044666 0.000000
v -1.948260 0.289575 -0.225188
v -1.948260 0.231164 -0.282406
v -1.660396 0.289574 -0.246227
v -1.140463 0.344808 -0.257215
v -1.393041 0.344808 -0.236006
v -1.677964 0.344807 -0.210933
v -0.792033 0.012348 -0.312097
v -0.607473 0.012348 -0.562109
v -1.559762 0.012348 -0.311093
v -1.559762 0.012348 -0.562109
v -1.524748 -0.045032 -0.332234
v -1.524748 -0.045032 -0.541000
v -0.649384 -0.045032 -0.541000
v -0.799846 -0.045032 -0.332234
v -1.907709 0.396070 -0.121069
v -1.907709 0.344807 -0.134964
v -1.130348 0.344807 -0.084611
v -1.383968 0.344914 -0.118229
v -1.658719 0.344807 -0.132273
v -1.161325 0.399998 -0.064357
v -1.387129 0.398565 -0.096210
v -1.653365 0.397131 -0.114585
v -1.187856 0.436693 -0.053513
v -1.394640 0.436693 -0.084564
v -1.648612 0.436693 -0.099756
v -1.190068 0.437420 -0.048746
v -1.397477 0.437420 -0.079013
v -1.648535 0.437420 -0.093669
v -1.052432 0.460322 0.000000
v -1.190068 0.460322 -0.048746
v -1.397477 0.460322 -0.079013
v -1.648535 0.460322 -0.093669
v 0.363113 0.058679 -1.780653
v 0.375036 0.058679 -1.707734
v 0.377317 0.058679 -1.606323
v 0.312333 0.058679 -1.500516
v 0.066980 0.058679 -1.096676
v -0.007410 0.058679 -0.964567
v -0.033572 0.058679 -0.821353
v -0.024728 0.058679 -0.716350
v -0.069052 0.012348 -0.702781
v -0.076087 0.012348 -0.824972
v -0.047211 0.012348 -0.970899
v 0.032606 0.012348 -1.118386
v 0.278864 0.012348 -1.521321
v 0.336485 0.012348 -1.625169
v 0.331692 0.012348 -1.704593
v 0.302055 0.012348 -1.793467
v -1.653614 0.012348 -0.714814
v -1.369071 0.012348 -0.826250
v -1.950389 0.012348 -0.970075
v -1.943526 0.012348 -0.945214
v 0.383333 0.009324 -1.825827
v 0.520304 0.049676 -1.876901
v -1.851492 0.012348 -1.396385
v -1.831135 0.012348 -1.416216
v -1.619350 0.012348 -1.568086
v -1.417781 0.012348 -1.713688
v -1.220727 0.012348 -1.852476
v 0.416993 0.057048 -1.804031
v 0.506277 0.002852 -1.895091
v 0.971215 0.039886 -1.950977
v 0.961305 -0.004770 -1.976661
v 0.961305 -0.009583 -2.028161
v 0.599713 -0.018013 -2.118383
v 0.233907 -0.024708 -2.190025
v 0.599713 0.013939 -2.145648
v 0.233908 0.007548 -2.216532
v -0.094993 0.083190 -2.239105
v -0.094993 -0.024540 -2.212597
v -0.094993 0.004795 -2.239105
v -0.466835 0.090347 -2.205842
v -0.460609 -0.020303 -2.178999
v -0.466835 0.007746 -2.205842
v -0.743100 0.136421 -2.123945
v -0.744356 0.099752 -2.164551
v -0.743100 -0.013819 -2.123945
v -0.744355 0.013328 -2.164551
v -1.026071 0.143338 -2.090040
v -1.051971 0.106634 -2.130647
v -1.051971 -0.011036 -2.090040
v -1.051971 0.017152 -2.130647
v -0.078641 0.012348 -1.808220
v -0.459336 0.012348 -1.822972
v -0.840032 0.012348 -1.837724
v -0.075565 0.012348 -1.728036
v -0.856356 0.012348 -1.752278
v -0.475898 0.012348 -1.669429
v -0.558224 0.012348 -0.970487
v -0.264510 0.012348 -0.910918
v -0.523848 0.012348 -1.262343
v -0.490589 0.012348 -1.544703
v -0.857655 0.460322 -0.066198
v -1.034975 0.460322 -0.188948
v -1.246781 0.460322 -0.299806
v -1.444582 0.460322 -0.390844
v -1.647535 0.460322 -0.474880
v -1.912282 0.460322 -0.553982
v -2.049479 0.460322 -0.577149
v -1.771100 0.460322 -0.517734
v -2.049479 0.510789 -0.559181
v -2.049479 0.562786 -0.529741
v -2.049479 0.601016 -0.495714
v -2.049479 0.616693 -0.471628
v -2.049479 0.616693 0.000000
v -2.090770 0.522380 -0.441042
v -2.090770 0.522380 -0.339390
v -2.090770 0.575203 -0.339390
v -2.049479 0.593753 -0.479933
v -2.049479 0.503831 -0.479933
v -2.049479 0.503831 -0.300499
v -2.049479 0.593753 -0.300499
v -1.922302 0.616693 -0.450156
v -1.689971 0.616693 -0.380237
v -1.494527 0.616693 -0.309216
v -1.315049 0.616693 -0.226084
v -1.173007 0.616693 -0.141299
v -1.051337 0.616693 -0.058717
v -1.026232 0.617755 -0.031341
v -1.810266 0.616693 -0.424005
v -1.057555 0.510789 -0.181624
v -1.094815 0.562786 -0.168794
v -1.138499 0.601016 -0.153212
v -0.895523 0.510789 -0.065245
v -0.948073 0.562786 -0.063834
v -1.002916 0.601016 -0.060588
v -1.256049 0.510789 -0.288257
v -1.274951 0.562786 -0.268450
v -1.297982 0.601016 -0.244514
v -1.452174 0.510789 -0.378237
v -1.465425 0.562786 -0.356912
v -1.482041 0.601016 -0.329623
v -1.654627 0.510789 -0.454889
v -1.666000 0.562786 -0.433064
v -1.679362 0.601016 -0.403898
v -1.914787 0.510789 -0.533072
v -1.917292 0.562786 -0.504822
v -1.919797 0.601016 -0.476113
v -1.778292 0.510789 -0.497972
v -1.787471 0.562786 -0.474999
v -1.799709 0.601016 -0.447438
v -0.836835 0.510789 0.000000
v -0.898818 0.562786 0.000000
v -0.964929 0.601016 0.000000
v -1.222197 0.618818 -0.028037
v -1.516205 0.618818 -0.161851
v -1.966965 0.618818 -0.101825
v -1.988375 0.618818 -0.081180
v -1.988375 0.618818 0.000000
v -1.741585 0.618818 -0.131838
v -1.525376 0.709699 -0.099405
v -1.226923 0.630815 -0.022833
v -1.393888 0.674945 0.000000
v -1.961856 0.630048 -0.099405
v -1.982119 0.630048 -0.078377
v -1.982119 0.630048 0.000000
v -2.049479 0.616693 -0.207424
v -1.743616 0.669874 -0.099405
v -1.516638 0.630048 -0.155160
v -1.739247 0.630048 -0.127282
v -1.393888 0.674945 -0.069615
v -1.374783 0.630431 -0.089549
v -1.961856 0.630048 0.000000
v -1.743616 0.669874 0.000000
v -2.049479 0.608093 -0.207424
v -2.049479 0.460322 -0.322443
v -2.049479 0.396070 -0.331536
v -1.798737 0.396070 -0.322880
v -1.798737 0.396070 -0.117980
v -1.746486 0.460322 -0.322443
v -1.765110 0.437420 -0.093669
v -1.746486 0.460322 -0.093669
v -1.765702 0.436693 -0.100419
v -2.347725 0.514788 -0.234355
v -2.049479 0.396070 0.000000
v -2.284880 0.460322 0.000000
v -2.284880 0.460322 -0.281151
v -2.212349 0.396070 -0.337775
v -2.212349 0.396070 0.000000
v -3.073502 0.608093 0.000000
v -3.073502 0.608093 -0.082559
v -3.073502 0.514788 -0.144255
v -3.073502 0.608093 -0.054647
v -3.133425 0.608093 -0.008921
v -3.133425 0.608093 0.000000
v -3.073502 0.514788 -0.054647
v -3.133425 0.514788 -0.008921
v -3.133425 0.514788 0.000000
v -2.347725 0.608093 0.000000
v -3.073502 0.514788 0.000000
v 2.847652 0.220537 -0.046226
v 2.847652 0.220537 0.000000
v 2.847652 0.113884 -0.046226
v 2.847652 0.113884 0.000000
v 3.029450 0.184399 -0.025959
v 3.024287 0.196743 0.000000
v 3.029450 0.145773 -0.025959
v 3.024287 0.133430 0.000000
v 3.024287 0.196743 -0.033908
v 3.029450 0.184399 0.000000
v 3.024287 0.133430 -0.033908
v 3.029450 0.145773 0.000000
v 3.095457 0.178697 0.000000
v 3.095457 0.151476 0.000000
v 3.095457 0.178697 -0.020794
v 3.095457 0.151476 -0.020794
v -0.607473 0.012348 -0.574955
v -1.369071 0.012348 -0.574955
v -1.063044 -0.086157 -0.976506
v -0.220099 -0.086157 -0.976506
v -0.607473 -0.004857 -0.574955
v -1.369071 -0.004857 -0.574955
v -0.220099 -0.086157 -0.827654
v -1.063044 -0.086157 -0.827654
v -1.369071 -0.004721 -0.952420
v -0.264510 -0.004721 -0.952420
v -0.220099 -0.111008 -0.976506
v -0.264510 0.012348 -0.952420
v -1.369071 -0.004857 -0.826250
v -1.369071 0.012348 -0.952420
v -1.063044 -0.111009 -0.976506
v -0.220099 -0.111008 -0.827840
v -1.063044 -0.111009 -0.827840
v -0.264510 -0.004721 -0.910918
v -1.091685 -0.174037 -2.051192
v -1.091685 -0.106107 -1.922816
v -1.091685 -0.178131 -2.011329
v -1.091685 -0.166659 -1.972935
v -1.091685 -0.141367 -1.941853
v -1.091018 0.206368 -1.826600
v -1.091018 0.334743 -1.894530
v -1.091018 0.246230 -1.822506
v -1.091018 0.284624 -1.833978
v -1.091018 0.315706 -1.859269
v -1.091685 -0.034646 -2.154895
v -1.091685 -0.163021 -2.086965
v -1.091685 -0.074508 -2.158989
v -1.091685 -0.112902 -2.147517
v -1.091685 -0.143984 -2.122226
v -1.091018 0.345759 -1.930304
v -1.091018 0.277829 -2.058679
v -1.091018 0.349853 -1.970166
v -1.091018 0.338381 -2.008560
v -1.091018 0.313090 -2.039642
v -0.139991 -0.245598 -2.073226
v 0.272625 -0.147445 -2.043004
v -0.139991 -0.177668 -1.944851
v 0.017910 -0.238127 -2.070925
v 0.151773 -0.216850 -2.064374
v -0.139991 -0.249692 -2.033364
v 0.021867 -0.240965 -2.029646
v 0.130790 -0.223113 -2.026288
v 0.098233 -0.221563 -2.003784
v 0.241216 -0.159011 -2.005442
v 0.151773 -0.168816 -1.973599
v 0.241216 -0.185007 -2.054569
v 0.203310 -0.197804 -2.016356
v 0.130790 -0.203828 -1.989844
v -0.139991 -0.212929 -1.963888
v -0.139991 -0.238221 -1.994970
v 0.017910 -0.175368 -1.952322
v 0.021867 -0.211094 -1.973195
v 0.013655 -0.231692 -1.998424
v -0.139991 0.347843 -1.890497
v -0.139991 0.219467 -1.822567
v 0.272625 0.249690 -1.920720
v -0.139991 0.328805 -1.855236
v -0.139991 0.297724 -1.829944
v 0.017910 0.340371 -1.892797
v 0.021867 0.319498 -1.857071
v 0.013655 0.294269 -1.836472
v 0.098233 0.288909 -1.846602
v 0.017910 0.221768 -1.830038
v 0.151773 0.228319 -1.851315
v -0.139991 0.259329 -1.818472
v 0.021867 0.263047 -1.827200
v 0.130790 0.266405 -1.845052
v 0.241216 0.287251 -1.909154
v 0.151773 0.319094 -1.899349
v 0.241216 0.238124 -1.883158
v 0.203310 0.276337 -1.870361
v 0.130790 0.302849 -1.864336
v -0.139991 -0.234583 -2.109000
v -0.139991 -0.106207 -2.176930
v 0.272625 -0.136430 -2.078777
v -0.139991 -0.215546 -2.144261
v -0.139991 -0.184464 -2.169552
v 0.017910 -0.227111 -2.106699
v 0.021867 -0.206239 -2.142425
v 0.013655 -0.181010 -2.163024
v 0.098233 -0.175650 -2.152894
v 0.017910 -0.108508 -2.169458
v 0.151773 -0.115059 -2.148181
v -0.139991 -0.146069 -2.181024
v 0.021867 -0.149787 -2.172297
v 0.130790 -0.153146 -2.154444
v 0.241216 -0.173992 -2.090343
v 0.151773 -0.205835 -2.100148
v 0.241216 -0.124864 -2.116338
v 0.203310 -0.163077 -2.129135
v 0.130790 -0.189589 -2.135160
v -0.139991 0.358858 -1.926270
v 0.272625 0.260705 -1.956493
v -0.139991 0.290928 -2.054646
v 0.017910 0.351386 -1.928571
v 0.151773 0.330110 -1.935122
v -0.139991 0.362952 -1.966132
v 0.021867 0.354225 -1.969850
v 0.130790 0.336372 -1.973208
v 0.098233 0.334823 -1.995712
v 0.241216 0.272271 -1.994054
v 0.151773 0.282076 -2.025898
v 0.241216 0.298266 -1.944927
v 0.203310 0.311063 -1.983140
v 0.130790 0.317088 -2.009652
v -0.139991 0.326189 -2.035609
v -0.139991 0.351480 -2.004527
v 0.017910 0.288627 -2.047174
v 0.021867 0.324354 -2.026301
v 0.013655 0.344952 -2.001072
v -1.091685 -0.070376 -2.038856
v 0.272625 0.062137 -2.017635
v 0.241216 0.073703 -2.055196
v 0.151773 0.083508 -2.087039
v 0.017910 0.090060 -2.108316
v -0.139991 0.092360 -2.115788
v -0.139991 0.020899 -1.883709
v 0.017910 0.023200 -1.891180
v 0.151773 0.029751 -1.912457
v 0.241216 0.039556 -1.944300
v 0.272625 0.051122 -1.981862
v -1.091685 -0.037012 -1.901541
v -1.091685 0.034449 -2.133620
v -1.091685 -0.001282 -2.017580
v -1.720565 0.320643 -1.967710
v -1.720621 0.318789 -1.935118
v -1.720407 0.307270 -1.999943
v -1.720170 0.280705 -2.026909
v -1.719890 0.244993 -2.044502
v -1.720621 0.309905 -1.906268
v -1.720565 0.293105 -1.878277
v -1.720407 0.263918 -1.859149
v -1.720170 0.226786 -1.851797
v -1.719890 0.187363 -1.857339
v -1.720433 -0.005193 -1.916630
v -2.608456 0.285942 -1.959077
v -1.720433 0.023622 -2.010211
v -1.720433 0.052437 -2.103793
v -0.456931 -0.228722 -2.107195
v -0.770994 -0.205980 -2.100193
v -0.770994 -0.186943 -2.135453
v -0.456931 -0.209685 -2.142456
v -0.770994 -0.155861 -2.160745
v -0.456931 -0.178603 -2.167747
v -0.770994 -0.117467 -2.172217
v -0.456931 -0.140208 -2.179219
v -0.770994 -0.077605 -2.168123
v -0.456931 -0.100346 -2.175125
v -0.770994 -0.216995 -2.064419
v -0.456931 -0.239737 -2.071422
v -0.456931 -0.243831 -2.031559
v -0.770994 -0.221090 -2.024557
v -0.456931 -0.232360 -1.993165
v -0.770994 -0.209618 -1.986162
v -0.456931 -0.207068 -1.962083
v -0.770994 -0.184326 -1.955081
v -0.456931 -0.171807 -1.943046
v -0.770994 -0.149065 -1.936044
v -1.927961 0.311730 -1.963933
v -1.928007 0.311197 -1.935666
v -1.927813 0.297236 -1.992494
v -1.927584 0.269919 -2.017000
v -1.927309 0.233940 -2.033721
v -1.927997 0.303571 -1.910933
v -1.927933 0.288091 -1.887263
v -1.927768 0.260021 -1.871794
v -1.927528 0.223633 -1.866880
v -1.927250 0.184469 -1.873270
v -1.927972 0.010028 -1.926555
v -1.928002 0.034763 -2.006781
v -1.928032 0.059499 -2.087006
v -2.608456 0.283416 -1.940201
v -2.608456 0.282078 -1.976928
v -2.608456 0.272415 -1.991036
v -2.608456 0.258422 -1.999254
v -2.608456 0.278152 -1.923104
v -2.608456 0.269622 -1.906077
v -2.608456 0.256387 -1.893491
v -2.608456 0.240461 -1.887262
v -2.608456 0.224269 -1.888339
v -2.608456 0.241346 -1.943797
v -2.110245 0.203815 -1.954235
v -1.984960 0.063177 -2.080823
v -1.984893 0.039801 -2.005155
v -1.984827 0.016425 -1.929488
v -2.110180 0.181000 -1.880386
v -2.110310 0.226629 -2.028085
v 1.082275 0.138613 -1.993235
v 1.082275 0.115122 -1.965546
v 1.082275 0.137468 -1.983282
v 1.082275 0.132602 -1.974526
v 1.082275 0.124755 -1.968298
v 1.082275 0.055867 -1.960686
v 1.082275 0.028179 -1.984176
v 1.087969 0.047481 -1.971951
v 1.082275 0.045915 -1.961831
v 1.082275 0.037158 -1.966697
v 1.082275 0.030930 -1.974543
v 1.082275 0.109810 -2.030311
v 1.082275 0.137498 -2.006821
v 1.087969 0.118196 -2.019046
v 1.082275 0.119763 -2.029166
v 1.082275 0.128519 -2.024300
v 1.082275 0.134747 -2.016454
v 1.082275 0.027064 -1.997762
v 1.082275 0.050555 -2.025450
v 1.087969 0.044116 -2.012970
v 1.082275 0.028209 -2.007715
v 1.082275 0.033075 -2.016471
v 1.082275 0.040922 -2.022699
v 1.011606 0.115122 -1.965546
v 1.011606 0.138613 -1.993235
v 0.988368 0.150804 -1.971811
v 0.987883 0.139058 -1.958287
v 1.011606 0.124755 -1.968298
v 1.011606 0.132602 -1.974526
v 1.011606 0.137468 -1.983282
v 1.011606 0.028179 -1.984176
v 1.011606 0.055867 -1.960686
v 0.987037 0.039139 -1.954245
v 0.991400 0.016613 -1.971227
v 1.011606 0.030930 -1.974543
v 1.011606 0.037158 -1.966697
v 1.011606 0.045915 -1.961831
v 1.011606 0.137498 -2.006821
v 1.011606 0.109810 -2.030311
v 0.986917 0.128116 -2.038370
v 0.987917 0.145099 -2.030409
v 1.011606 0.134747 -2.016454
v 1.011606 0.128519 -2.024300
v 1.011606 0.119763 -2.029166
v 1.011606 0.050555 -2.025450
v 1.011606 0.027064 -1.997762
v 0.990795 0.012620 -2.020141
v 0.987001 0.025962 -2.030450
v 1.011606 0.040922 -2.022699
v 1.011606 0.033075 -2.016471
v 1.011606 0.028209 -2.007715
v 1.088849 0.118786 -2.011230
v 1.088849 0.110373 -2.018371
v 1.088849 0.117950 -2.014158
v 1.088849 0.116058 -2.016543
v 1.088849 0.113397 -2.018023
v 1.088849 0.113723 -1.977418
v 1.088849 0.120868 -1.985849
v 1.087969 0.121561 -1.978027
v 1.088849 0.116653 -1.978255
v 1.088849 0.119040 -1.980152
v 1.088849 0.120520 -1.982818
v 1.088849 0.046891 -1.979767
v 1.088849 0.055304 -1.972626
v 1.088849 0.047727 -1.976839
v 1.088849 0.049620 -1.974453
v 1.088849 0.052280 -1.972974
v 1.088849 0.051955 -2.013579
v 1.088849 0.044809 -2.005148
v 1.088849 0.049024 -2.012742
v 1.088849 0.046637 -2.010845
v 1.088849 0.045157 -2.008179
v 1.181357 0.101092 -2.004972
v 1.181357 0.109528 -1.997691
v 1.181357 0.104120 -2.004624
v 1.181357 0.106785 -2.003142
v 1.181357 0.108680 -2.000753
v 1.181357 0.102389 -1.989125
v 1.181357 0.109191 -1.994529
v 1.181357 0.107710 -1.991861
v 1.181357 0.105321 -1.989964
v 1.181357 0.064585 -1.986025
v 1.181357 0.056149 -1.993306
v 1.181357 0.061557 -1.986373
v 1.181357 0.058892 -1.987855
v 1.181357 0.056997 -1.990244
v 1.181357 0.063288 -2.001872
v 1.181357 0.056487 -1.996468
v 1.181357 0.057967 -1.999136
v 1.181357 0.060356 -2.001034
v 1.139860 0.118862 -2.008721
v 1.139860 0.110364 -2.015927
v 1.139860 0.117996 -2.011653
v 1.139860 0.116077 -2.014052
v 1.139860 0.113397 -2.015553
v 1.139860 0.113713 -1.979349
v 1.139860 0.120792 -1.987710
v 1.139860 0.116641 -1.980160
v 1.139860 0.119015 -1.982034
v 1.139860 0.120472 -1.984685
v 1.139860 0.046815 -1.982276
v 1.139860 0.055313 -1.975070
v 1.139860 0.047681 -1.979344
v 1.139860 0.049600 -1.976945
v 1.139860 0.052280 -1.975444
v 1.139860 0.051964 -2.011648
v 1.139860 0.044886 -2.003287
v 1.139860 0.049036 -2.010837
v 1.139860 0.046663 -2.008963
v 1.139860 0.045205 -2.006312
v -1.136349 0.000656 -1.971258
v -1.163020 0.025817 -1.994062
v 0.072719 -0.111008 -0.827840
v 0.072719 -0.171473 -0.787351
v 0.233396 -0.171473 -0.857130
v 0.072719 -0.115611 -0.819524
v 0.072719 -0.128718 -0.805287
v 0.134207 -0.115611 -0.827840
v 0.135748 -0.121166 -0.819358
v 0.132550 -0.131793 -0.806709
v 0.165486 -0.136563 -0.808917
v 0.134207 -0.171473 -0.790156
v 0.186335 -0.171473 -0.798142
v 0.072719 -0.148334 -0.794296
v 0.135748 -0.147754 -0.797309
v 0.178163 -0.148957 -0.803072
v 0.221165 -0.148334 -0.848164
v 0.186335 -0.128718 -0.837744
v 0.221165 -0.171473 -0.823937
v 0.206404 -0.147754 -0.820539
v 0.178163 -0.131793 -0.817083
v 0.072719 -0.111008 -0.976506
v 0.233396 -0.171473 -0.947229
v 0.072719 -0.171473 -1.016123
v 0.134207 -0.115611 -0.976506
v 0.186335 -0.128718 -0.966602
v 0.072719 -0.115611 -0.984961
v 0.135748 -0.121166 -0.985118
v 0.178164 -0.131793 -0.987503
v 0.165486 -0.136563 -0.995373
v 0.221165 -0.171473 -0.980676
v 0.186335 -0.171473 -1.005888
v 0.221165 -0.148334 -0.956196
v 0.206404 -0.147754 -0.984054
v 0.178164 -0.148957 -1.001074
v 0.072719 -0.148334 -1.009398
v 0.072719 -0.128718 -0.998816
v 0.134207 -0.171473 -1.013463
v 0.135748 -0.147754 -1.006541
v 0.132550 -0.131793 -0.997467
v 0.072719 -0.196201 -0.787351
v 0.233396 -0.196201 -0.857130
v 0.134207 -0.196201 -0.790156
v 0.186335 -0.196201 -0.798142
v 0.221165 -0.196201 -0.823937
v 0.233396 -0.196201 -0.947229
v 0.072719 -0.196201 -1.016123
v 0.221165 -0.196201 -0.980676
v 0.186335 -0.196201 -1.005888
v 0.134207 -0.196201 -1.013463
v 0.072719 -0.240594 -0.787351
v 0.233396 -0.240594 -0.857132
v 0.134207 -0.240594 -0.790156
v 0.186335 -0.240594 -0.798142
v 0.221165 -0.240594 -0.823939
v 0.233396 -0.240594 -0.947231
v 0.072719 -0.240594 -1.016123
v 0.221165 -0.240594 -0.980678
v 0.186335 -0.240594 -1.005888
v 0.134207 -0.240594 -1.013463
v 0.072719 -0.268352 -0.787351
v 0.233396 -0.268353 -0.857132
v 0.134207 -0.268352 -0.790156
v 0.186335 -0.268352 -0.798142
v 0.221165 -0.268352 -0.823939
v 0.233396 -0.268352 -0.947231
v 0.072719 -0.268352 -1.016123
v 0.221165 -0.268352 -0.980678
v 0.186335 -0.268352 -1.005888
v 0.134207 -0.268352 -1.013463
v -0.191664 -0.111008 -0.976506
v -0.191664 -0.115611 -0.984961
v -0.191664 -0.128718 -0.998816
v -0.191664 -0.148334 -1.009398
v -0.191664 -0.171473 -1.016123
v -0.191664 -0.111008 -0.827840
v -0.191664 -0.115611 -0.819524
v -0.191664 -0.128718 -0.805287
v -0.191664 -0.148334 -0.794296
v -0.191664 -0.171473 -0.787351
v -0.191664 -0.196201 -1.027677
v -0.191664 -0.196201 -0.787351
v -0.191664 -0.240594 -1.027677
v -0.191664 -0.240594 -0.787351
v -0.191664 -0.268352 -1.016123
v -0.191664 -0.268352 -0.787351
v 0.189173 -0.240594 -0.786884
v 0.228655 -0.240594 -0.818906
v 0.135376 -0.240594 -0.778643
v 0.072989 -0.196201 -0.775798
v 0.135376 -0.196201 -0.778643
v 0.189173 -0.196201 -0.786884
v 0.228655 -0.196201 -0.818906
v 0.245091 -0.196201 -0.855969
v 0.245091 -0.196201 -0.948327
v 0.228645 -0.196201 -0.985807
v 0.189035 -0.196201 -1.017173
v 0.135317 -0.196201 -1.024980
v 0.072975 -0.196201 -1.027677
v -0.191664 -0.196201 -0.775798
v 0.245091 -0.240594 -0.855969
v 0.072989 -0.240594 -0.775798
v 0.245091 -0.240594 -0.948327
v 0.228645 -0.240594 -0.985807
v 0.189035 -0.240594 -1.017173
v 0.135317 -0.240594 -1.024980
v 0.072975 -0.240594 -1.027677
v -0.191664 -0.240594 -0.775798
v -0.191664 -0.196201 -1.016123
v -0.191664 -0.240594 -1.016123
v 0.072719 -0.268353 -0.793193
v 0.233396 -0.268353 -0.859419
v 0.134207 -0.268353 -0.795855
v 0.186335 -0.268353 -0.803434
v 0.221165 -0.268353 -0.827917
v 0.233396 -0.268353 -0.944927
v 0.072719 -0.268353 -1.010309
v 0.221165 -0.268353 -0.976670
v 0.186335 -0.268353 -1.000595
v 0.134207 -0.268353 -1.007784
v 0.055460 -0.310561 -0.794596
v 0.187386 -0.310561 -0.859929
v 0.103019 -0.310561 -0.797126
v 0.138164 -0.310561 -0.804614
v 0.171736 -0.310561 -0.828804
v 0.187386 -0.310561 -0.944413
v 0.055460 -0.310561 -1.008907
v 0.171736 -0.310561 -0.975776
v 0.138164 -0.310561 -0.999414
v 0.103019 -0.310561 -1.006518
v 0.025406 -0.384052 -0.800532
v 0.010380 -0.420798 -0.815070
v -0.026842 -0.272325 -0.793193
v -0.108775 -0.292436 -0.793193
v -0.160914 -0.332161 -0.795803
v -0.191453 -0.388025 -0.800532
v -0.196418 -0.424770 -0.815070
v 0.048250 -0.328189 -0.795803
v -0.160914 -0.332161 -1.007699
v -0.191453 -0.388025 -1.002970
v -0.196418 -0.424770 -0.988433
v 0.064495 -0.288464 -0.793193
v 0.064495 -0.288464 -1.010309
v 0.048250 -0.328189 -1.007699
v 0.025406 -0.384052 -1.002970
v 0.010380 -0.420798 -0.988433
v 0.010380 -0.435198 -0.832544
v 0.010380 -0.435198 -0.970958
v -0.151997 -0.461516 -0.827463
v -0.151997 -0.461516 -0.976040
v 0.073691 -0.435198 -0.899148
v 0.033805 -0.435198 -0.839696
v 0.063325 -0.435198 -0.866973
v 0.073691 -0.435198 -0.904354
v 0.063325 -0.435198 -0.936529
v 0.033805 -0.435198 -0.963807
v 0.073691 -0.461516 -0.899520
v -0.107158 -0.461516 -0.827463
v 0.059925 -0.461516 -0.871945
v 0.020722 -0.461516 -0.848568
v -0.037950 -0.461516 -0.832948
v -0.107158 -0.461516 -0.976040
v 0.073691 -0.461516 -0.903982
v -0.037950 -0.461516 -0.970555
v 0.020722 -0.461516 -0.954934
v 0.059925 -0.461516 -0.931557
v 0.228532 -0.371792 -0.872855
v 0.228532 -0.365906 -0.873434
v 0.228532 -0.360247 -0.875151
v 0.228532 -0.355031 -0.877939
v 0.228532 -0.350459 -0.881691
v 0.228532 -0.346707 -0.886263
v 0.228532 -0.343919 -0.891479
v 0.228532 -0.342202 -0.897139
v 0.228532 -0.341623 -0.903024
v 0.228532 -0.342202 -0.908910
v 0.228532 -0.343919 -0.914570
v 0.228532 -0.346707 -0.919786
v 0.228532 -0.350459 -0.924358
v 0.228532 -0.355031 -0.928110
v 0.228532 -0.360247 -0.930898
v 0.228532 -0.365906 -0.932615
v 0.228532 -0.371792 -0.933194
v 0.228532 -0.377678 -0.932615
v 0.228532 -0.383338 -0.930898
v 0.228532 -0.388554 -0.928110
v 0.228532 -0.393126 -0.924358
v 0.228532 -0.396878 -0.919786
v 0.228532 -0.399666 -0.914570
v 0.228532 -0.401382 -0.908910
v 0.228532 -0.401962 -0.903024
v 0.228532 -0.401382 -0.897139
v 0.228532 -0.399666 -0.891479
v 0.228532 -0.396878 -0.886263
v 0.228532 -0.393126 -0.881691
v 0.228532 -0.388554 -0.877939
v 0.228532 -0.383338 -0.875151
v 0.228532 -0.377678 -0.873434
v 0.214529 -0.371792 -0.872855
v 0.214529 -0.365906 -0.873434
v 0.214529 -0.360247 -0.875151
v 0.214529 -0.355031 -0.877939
v 0.214529 -0.350459 -0.881691
v 0.214529 -0.346707 -0.886263
v 0.214529 -0.343919 -0.891479
v 0.214529 -0.342202 -0.897139
v 0.214529 -0.341623 -0.903024
v 0.214529 -0.342202 -0.908910
v 0.214529 -0.343919 -0.914570
v 0.214529 -0.346707 -0.919786
v 0.214529 -0.350459 -0.924358
v 0.214529 -0.355031 -0.928110
v 0.214529 -0.360247 -0.930898
v 0.214529 -0.365906 -0.932615
v 0.214529 -0.371792 -0.933194
v 0.214529 -0.377678 -0.932615
v 0.214529 -0.383338 -0.930898
v 0.214529 -0.388554 -0.928110
v 0.214529 -0.393126 -0.924358
v 0.214529 -0.396878 -0.919786
v 0.214529 -0.399666 -0.914570
v 0.214529 -0.401382 -0.908910
v 0.214529 -0.401962 -0.903024
v 0.214529 -0.401382 -0.897139
v 0.214529 -0.399666 -0.891479
v 0.214529 -0.396878 -0.886263
v 0.214529 -0.393126 -0.881691
v 0.214529 -0.388554 -0.877939
v 0.214529 -0.383338 -0.875151
v 0.214529 -0.377678 -0.873434
v 0.214529 -0.371792 -0.866971
v 0.214529 -0.364475 -0.867663
v 0.214529 -0.357438 -0.869715
v 0.214529 -0.350953 -0.873047
v 0.214529 -0.345269 -0.877531
v 0.214529 -0.340604 -0.882994
v 0.214529 -0.337138 -0.889227
v 0.214529 -0.335003 -0.895991
v 0.214529 -0.334282 -0.903024
v 0.214529 -0.335003 -0.910058
v 0.214529 -0.337138 -0.916822
v 0.214529 -0.340604 -0.923055
v 0.214529 -0.345269 -0.928518
v 0.214529 -0.350953 -0.933002
v 0.214529 -0.357438 -0.936334
v 0.214529 -0.364475 -0.938385
v 0.214529 -0.371792 -0.939078
v 0.214529 -0.379110 -0.938385
v 0.214529 -0.386147 -0.936334
v 0.214529 -0.392632 -0.933002
v 0.214529 -0.398316 -0.928518
v 0.214529 -0.402981 -0.923055
v 0.214529 -0.406447 -0.916822
v 0.214529 -0.408581 -0.910058
v 0.214529 -0.409302 -0.903024
v 0.214529 -0.408581 -0.895991
v 0.214529 -0.406447 -0.889227
v 0.214529 -0.402981 -0.882994
v 0.214529 -0.398316 -0.877531
v 0.214529 -0.392632 -0.873047
v 0.214529 -0.386147 -0.869715
v 0.214529 -0.379110 -0.867663
v 0.094319 -0.371792 -0.861173
v 0.094319 -0.363248 -0.861977
v 0.094319 -0.355033 -0.864358
v 0.094319 -0.347461 -0.868226
v 0.094319 -0.340825 -0.873431
v 0.094319 -0.335379 -0.879773
v 0.094319 -0.331332 -0.887008
v 0.094319 -0.328839 -0.894860
v 0.094319 -0.327998 -0.903024
v 0.094319 -0.328839 -0.911189
v 0.094319 -0.331332 -0.919040
v 0.094319 -0.335379 -0.926276
v 0.094319 -0.340825 -0.932618
v 0.094319 -0.347461 -0.937823
v 0.094319 -0.355033 -0.941690
v 0.094319 -0.363248 -0.944072
v 0.094319 -0.371792 -0.944876
v 0.094319 -0.380336 -0.944072
v 0.094319 -0.388552 -0.941690
v 0.094319 -0.396123 -0.937823
v 0.094319 -0.402760 -0.932618
v 0.094319 -0.408206 -0.926276
v 0.094319 -0.412253 -0.919040
v 0.094319 -0.414745 -0.911189
v 0.094319 -0.415587 -0.903024
v 0.094319 -0.414745 -0.894860
v 0.094319 -0.412253 -0.887008
v 0.094319 -0.408206 -0.879773
v 0.094319 -0.402760 -0.873431
v 0.094319 -0.396123 -0.868226
v 0.094319 -0.388552 -0.864358
v 0.094319 -0.380336 -0.861977
v 0.228532 -0.371792 -0.903024
v 0.028110 -0.371792 -0.804667
v 0.033641 -0.358805 -0.806557
v 0.038958 -0.346317 -0.812154
v 0.043859 -0.334808 -0.821243
v 0.048154 -0.324720 -0.833475
v 0.051680 -0.316441 -0.848380
v 0.054299 -0.310290 -0.865385
v 0.055912 -0.306501 -0.883836
v 0.056457 -0.305222 -0.903025
v 0.055912 -0.306501 -0.922213
v 0.054299 -0.310290 -0.940664
v 0.051680 -0.316441 -0.957669
v 0.048154 -0.324720 -0.972574
v 0.043859 -0.334808 -0.984806
v 0.038958 -0.346317 -0.993895
v 0.033641 -0.358805 -0.999492
v 0.028110 -0.371792 -1.001382
v 0.022580 -0.384779 -0.999492
v 0.017263 -0.397268 -0.993895
v 0.012362 -0.408777 -0.984806
v 0.008067 -0.418865 -0.972574
v 0.004541 -0.427143 -0.957669
v 0.001922 -0.433295 -0.940664
v 0.000309 -0.437083 -0.922213
v -0.000236 -0.438363 -0.903025
v 0.000309 -0.437083 -0.883836
v 0.001922 -0.433295 -0.865385
v 0.004541 -0.427143 -0.848380
v 0.008067 -0.418865 -0.833475
v 0.012362 -0.408777 -0.821243
v 0.017263 -0.397268 -0.812154
v 0.022580 -0.384779 -0.806557
v -0.026842 -0.272325 -0.787353
v -0.108775 -0.292436 -0.787353
v -0.160914 -0.332161 -0.787353
v -0.191453 -0.388025 -0.787353
v -0.108775 -0.292436 -1.016122
v -0.056240 -0.287802 -0.993119
v -0.056240 -0.287802 -0.813394
v -0.025533 -0.293910 -0.993119
v -0.025533 -0.293910 -0.813394
v 0.000499 -0.311304 -0.993119
v 0.000499 -0.311304 -0.813394
v 0.017893 -0.337336 -0.993119
v 0.017893 -0.337336 -0.813394
v 0.024001 -0.368043 -0.993119
v 0.024001 -0.368043 -0.813394
v 0.017893 -0.398750 -0.993119
v 0.017893 -0.398750 -0.813394
v 0.000499 -0.424782 -0.993119
v 0.000499 -0.424782 -0.813394
v -0.025533 -0.442176 -0.993119
v -0.025533 -0.442176 -0.813394
v -0.056240 -0.448284 -0.993119
v -0.056240 -0.448284 -0.813394
v -0.086947 -0.442176 -0.993119
v -0.086947 -0.442176 -0.813394
v -0.112979 -0.424782 -0.993119
v -0.112979 -0.424782 -0.813394
v -0.130373 -0.398750 -0.993119
v -0.130373 -0.398750 -0.813394
v -0.136481 -0.368043 -0.993119
v -0.136481 -0.368043 -0.813394
v -0.130373 -0.337336 -0.993119
v -0.130373 -0.337336 -0.813394
v -0.112979 -0.311304 -0.993119
v -0.112979 -0.311304 -0.813394
v -0.086947 -0.293910 -0.993119
v -0.086947 -0.293910 -0.813394
v -0.056240 -0.316898 -0.771434
v -0.036668 -0.320792 -0.771434
v -0.020075 -0.331878 -0.771434
v -0.008988 -0.348471 -0.771434
v -0.005095 -0.368043 -0.771434
v -0.008988 -0.387616 -0.771434
v -0.020075 -0.404208 -0.771434
v -0.036668 -0.415295 -0.771434
v -0.056240 -0.419188 -0.771434
v -0.075812 -0.415295 -0.771434
v -0.092405 -0.404208 -0.771434
v -0.103492 -0.387616 -0.771434
v -0.107385 -0.368043 -0.771434
v -0.103492 -0.348471 -0.771434
v -0.092405 -0.331878 -0.771434
v -0.075812 -0.320792 -0.771434
v -0.056240 -0.316898 -1.032099
v -0.036668 -0.320792 -1.032099
v -0.020075 -0.331878 -1.032099
v -0.008988 -0.348471 -1.032099
v -0.005095 -0.368043 -1.032099
v -0.008988 -0.387616 -1.032099
v -0.020075 -0.404208 -1.032099
v -0.036668 -0.415295 -1.032099
v -0.056240 -0.419188 -1.032099
v -0.075812 -0.415295 -1.032099
v -0.092405 -0.404208 -1.032099
v -0.103492 -0.387616 -1.032099
v -0.107385 -0.368043 -1.032099
v -0.103492 -0.348471 -1.032099
v -0.092405 -0.331878 -1.032099
v -0.075812 -0.320792 -1.032099
v -0.056240 -0.368043 -0.771434
v -0.056240 -0.368043 -1.032099
v -0.026842 -0.272326 -1.010308
v -0.108775 -0.292437 -1.010308
v -0.026842 -0.272325 -1.016122
v -1.352620 -0.370344 -1.004132
v -0.202281 -0.452530 -0.817544
v -1.395288 -0.370344 -0.984150
v -1.120412 -0.413559 -1.006175
v -1.120412 -0.413559 -0.797300
v -1.137342 -0.327128 -1.016123
v -1.137342 -0.327129 -0.787353
v -1.423799 -0.370344 -0.954245
v -1.433810 -0.370344 -0.918970
v -1.079296 -0.418922 -0.801783
v -1.079296 -0.418922 -1.001691
v -1.039611 -0.435726 -0.984036
v -1.039611 -0.435726 -0.819439
v -1.021019 -0.471479 -0.853045
v -1.021019 -0.471479 -0.950428
v -0.818659 -0.483277 -0.950428
v -0.818659 -0.483277 -0.853045
v -0.531564 -0.483277 -0.853045
v -0.531564 -0.483277 -0.950428
v -0.351012 -0.468261 -0.961597
v -0.351012 -0.468261 -0.841877
v -0.160914 -0.332161 -1.016122
v -0.191453 -0.388025 -1.016122
v -0.202281 -0.452530 -0.985930
v -1.193702 -0.413559 -0.797300
v -1.325224 -0.413559 -0.889478
v -1.244034 -0.413559 -0.804316
v -1.286703 -0.413559 -0.824298
v -1.315213 -0.413559 -0.854203
v -1.325224 -0.413559 -0.913996
v -1.193702 -0.413559 -1.006175
v -1.315213 -0.413559 -0.949271
v -1.286703 -0.413559 -0.979176
v -1.244034 -0.413559 -0.999158
v -1.372639 -0.327129 -1.016123
v -1.504161 -0.327129 -0.923944
v -1.422970 -0.327129 -1.009106
v -1.465639 -0.327129 -0.989124
v -1.494149 -0.327129 -0.959220
v -1.504161 -0.327129 -0.879531
v -1.372639 -0.327129 -0.787353
v -1.494149 -0.327129 -0.844256
v -1.465639 -0.327129 -0.814351
v -1.422971 -0.327129 -0.794369
v -1.302289 -0.370344 -1.011149
v -1.302289 -0.370344 -0.792326
v -1.352620 -0.370344 -0.799343
v -1.395289 -0.370344 -0.819325
v -1.423799 -0.370344 -0.849229
v -1.433810 -0.370344 -0.884504
v -0.191558 -0.327128 -0.787352
v -0.191558 -0.327128 -1.016122
v -1.009408 -0.410073 -0.802008
v -0.835027 -0.403810 -0.800040
v -0.498188 -0.399979 -0.798548
v -0.321366 -0.394272 -0.793489
v -1.009408 -0.410073 -1.001466
v -0.835027 -0.403810 -1.003434
v -0.498188 -0.399979 -1.004926
v -0.321366 -0.394272 -1.009986
v 0.010380 -0.435198 -0.901751
v -0.996807 -0.171473 -0.787351
v -0.975177 -0.148334 -0.794296
v -0.956840 -0.128718 -0.805287
v -0.944587 -0.115611 -0.819524
v -0.940285 -0.111008 -0.827840
v -0.940285 -0.111008 -0.976506
v -0.944587 -0.115611 -0.984961
v -0.956840 -0.128718 -0.998816
v -0.975177 -0.148334 -1.009398
v -0.996807 -0.171473 -1.016123
v -1.019099 -0.196201 -0.787351
v -1.019099 -0.196201 -1.016123
v -1.059119 -0.240594 -1.016123
v -1.059119 -0.240594 -0.787351
v -1.106646 -0.293173 -0.787353
v -1.106646 -0.293173 -1.016123
v -1.393077 -0.215598 -0.830344
v -1.386255 -0.197527 -0.853911
v -1.390351 -0.208378 -0.834795
v -1.388079 -0.202359 -0.841724
v -1.386613 -0.198476 -0.850388
v -1.386255 -0.197527 -0.950485
v -1.393074 -0.215592 -0.973439
v -1.386612 -0.198474 -0.954061
v -1.388070 -0.202336 -0.962446
v -1.390344 -0.208359 -0.969121
v -1.395754 -0.223507 -0.830344
v -1.400708 -0.238095 -0.973439
v -1.395754 -0.223507 -0.973439
v -1.400708 -0.238095 -0.830344
v -1.403109 -0.245166 -0.973439
v -1.403109 -0.245166 -0.830344
v -0.996807 -0.171473 -0.790579
v -0.975177 -0.148334 -0.797329
v -0.957883 -0.131608 -0.808009
v -0.945943 -0.119369 -0.821845
v -0.941750 -0.115072 -0.829927
v -0.941750 -0.115072 -0.974404
v -0.945943 -0.119369 -0.982621
v -0.957883 -0.131608 -0.996085
v -0.975177 -0.148334 -1.006369
v -0.996807 -0.171473 -1.012905
v -1.019099 -0.196201 -0.790579
v -1.019099 -0.196201 -1.012905
v -1.056823 -0.238047 -1.012905
v -1.056823 -0.238047 -0.790579
v -1.104303 -0.290581 -0.790581
v -1.104303 -0.290581 -1.012905
v -1.196885 -0.186835 -0.813049
v -1.205218 -0.199835 -0.807242
v -1.189850 -0.175904 -0.822164
v -1.183674 -0.166564 -0.839581
v -1.185190 -0.168722 -0.833776
v -1.185189 -0.168721 -0.970603
v -1.183674 -0.166564 -0.964705
v -1.189843 -0.175884 -0.981873
v -1.205216 -0.199829 -0.996281
v -1.196879 -0.186819 -0.990653
v -1.213704 -0.213895 -0.807242
v -1.213704 -0.213895 -0.996281
v -1.229054 -0.239480 -0.996281
v -1.229054 -0.239480 -0.807242
v -1.238115 -0.253680 -0.807242
v -1.238115 -0.253680 -0.996281
v -1.120139 -0.174635 -0.798294
v -1.100866 -0.127266 -0.827365
v -1.099258 -0.123583 -0.969999
v -1.112163 -0.154944 -0.999087
v -1.127949 -0.195761 -0.798294
v -1.141953 -0.233874 -0.798294
v -1.150832 -0.256726 -0.798295
v -1.112162 -0.154953 -0.804612
v -1.105394 -0.138316 -0.814570
v -1.099258 -0.123583 -0.834314
v -1.100866 -0.127265 -0.977062
v -1.105395 -0.138305 -0.989497
v -1.120140 -0.174632 -1.005208
v -1.127949 -0.195761 -1.005208
v -1.141953 -0.233874 -1.005208
v -1.150832 -0.256726 -1.005208
v -2.052804 0.055337 -0.857875
v -2.052804 0.188573 -0.857875
v -2.052804 0.055337 -1.171893
v -2.052804 0.188573 -1.171893
v -1.939566 0.055337 -0.777150
v -1.939566 0.188573 -0.777150
v -1.939566 0.055337 -1.171893
v -1.939566 0.188573 -1.171893
v -1.652340 0.188573 -1.171893
v -1.652340 0.055337 -1.171893
v -1.652340 0.055337 -0.777150
v -1.652340 0.188573 -0.777150
v 1.856964 0.317074 -0.074730
v 1.856964 0.317074 -0.074730
v 1.856964 0.317074 -0.074730
v 1.856964 0.317074 -0.074730
v 1.856964 0.317074 -0.074730
v 2.131886 0.347463 -0.112568
v 2.243309 0.410391 -0.062301
v 2.243309 0.410391 -0.062301
v 2.233610 0.347464 -0.072344
v 2.233610 0.347464 -0.072344
v 1.856964 0.317007 0.000000
v 0.678838 0.289646 0.000000
v 0.675365 0.286675 -0.190158
v 0.675365 0.286675 -0.190158
v 0.675365 0.286675 -0.190158
v 0.627211 0.245483 -0.194249
v 0.627211 0.245483 -0.194249
v 0.547329 0.220223 -0.208490
v 0.547329 0.220223 -0.208490
v 0.547329 0.220223 -0.208490
v 0.627211 0.245483 0.000000
v -0.911748 0.344807 0.000000
v -1.030620 0.436693 0.000000
v -1.020948 0.618818 0.000000
v -2.049479 0.593753 -0.479933
v -2.049479 0.593753 -0.479933
v -2.049479 0.503831 -0.479933
v -2.049479 0.503831 -0.479933
v -3.073502 0.514788 -0.054647
v -3.073502 0.514788 -0.054647
v -3.073502 0.514788 -0.144255
v -3.073502 0.514788 -0.144255
v 0.576536 -0.110650 -0.147805
v 0.788838 -0.105696 -0.131527
v 0.788838 -0.105696 -0.131527
v 0.543962 -0.092823 0.000000
v 0.543962 -0.092823 -0.121119
v 3.149577 0.220223 -0.277674
v 3.050263 0.220223 -0.413054
v 2.929233 0.220223 -0.541841
v 2.808202 0.220223 -0.644261
v 2.689067 0.220223 -0.723324
v 2.569397 0.220223 -0.774518
v 2.377267 0.220223 -0.774518
v 2.355407 0.220223 -0.757181
v 2.149619 0.220223 -0.326005
v 2.149619 0.220223 -0.326005
v 2.847652 0.113884 -0.046226
v 2.847652 0.113884 -0.046226
v 2.874971 0.113831 -0.048998
v 2.874971 0.113831 -0.048998
v 2.874971 0.113831 -0.048998
v 0.905541 0.203036 -0.306406
v 0.642313 0.210963 -0.343644
v 0.642313 0.210963 -0.343644
v 0.310338 0.220223 -0.386159
v 0.127792 0.230147 -0.466418
v 0.029018 0.230147 -0.540839
v -0.026160 0.230147 -0.606872
v -0.069052 0.230147 -0.702781
v -0.076087 0.230147 -0.824972
v -0.047211 0.230147 -0.970899
v 0.032606 0.230147 -1.118386
v 0.278864 0.211415 -1.521321
v 0.336485 0.206872 -1.625169
v 0.331692 0.204444 -1.704593
v 0.302055 0.191821 -1.793467
v 0.302055 0.191821 -1.793467
v 0.383333 0.187137 -1.825827
v 0.506277 0.176045 -1.895091
v 0.961305 0.155995 -2.028161
v 0.599713 0.137717 -2.118383
v 0.233907 0.121286 -2.190025
v -0.094993 0.115838 -2.212597
v -0.460609 0.124562 -2.178999
v 1.181357 0.109191 -1.994529
v 1.181357 0.109528 -1.997691
v 0.961305 0.162558 -1.976661
v 0.599713 0.103636 -2.145648
v 0.233907 0.085943 -2.216532
v 0.363113 0.160848 -1.780653
v 0.363113 0.160848 -1.780653
v 0.363113 0.160848 -1.780653
v 0.416993 0.159218 -1.804031
v 0.520304 0.151846 -1.876901
v 0.971215 0.142055 -1.950977
v 0.375036 0.163101 -1.707734
v 0.377317 0.167498 -1.606323
v 0.312333 0.170011 -1.500516
v 0.066980 0.176293 -1.096676
v 0.642313 0.176293 -0.368771
v 0.904913 0.167491 -0.330277
v 0.319132 0.176293 -0.421965
v 0.150406 0.176293 -0.499083
v 0.055402 0.176293 -0.572248
v 0.010023 0.176293 -0.626773
v -0.024728 0.176293 -0.716350
v -0.033572 0.176293 -0.821353
v -0.007410 0.176293 -0.964567
v -1.090734 0.230147 -1.163067
v -1.090734 0.230147 -1.183959
v -0.728519 0.207414 -1.521321
v -0.617455 0.206872 -1.625169
v -0.532377 0.204444 -1.704593
v -0.436509 0.191821 -1.834105
v -0.436509 0.191821 -1.834105
v -0.810679 0.240371 -0.627561
v -0.670651 0.245483 -0.359808
v -0.670651 0.245483 -0.359808
v -0.481618 0.245483 -0.372168
v -0.331481 0.245483 -0.373986
v -0.139175 0.245483 -0.347448
v 0.038589 0.245483 -0.299099
v 0.214173 0.245483 -0.225303
v 0.359874 0.245483 -0.141110
v 0.433598 0.245483 -0.046884
v 0.448067 0.245483 0.000000
v -0.950707 0.235259 -0.895314
v -0.701069 0.295649 -0.326980
v -0.701069 0.295649 -0.326980
v -1.129140 0.289574 -1.163067
v -1.123539 0.290037 -1.201561
v -0.986449 0.291907 -0.881027
v -0.843759 0.293315 -0.598988
v -0.471074 0.248469 -1.824889
v -0.471074 0.248469 -1.824889
v -0.634190 0.260366 -1.659173
v -0.797307 0.272262 -1.506636
v -0.642440 0.344808 -0.283181
v -0.492304 0.344808 -0.284564
v -0.299998 0.344808 -0.264372
v -0.122234 0.344808 -0.227584
v 0.053350 0.344808 -0.171433
v 0.199051 0.344808 -0.107370
v 0.272774 0.344808 -0.035674
v 0.287244 0.344808 0.000000
v 1.870711 0.161290 -0.242333
v 1.870711 0.161290 -0.242333
v 1.870711 0.161290 -0.242333
v 1.859376 0.194895 -0.212995
v 1.859376 0.194895 -0.212995
v 0.730466 0.333810 -0.185478
v 0.730466 0.333810 -0.185478
v 0.730466 0.333810 0.000000
v 1.530879 0.277973 -0.147675
v 1.852676 0.256200 -0.132478
v 1.852676 0.256200 -0.132478
v 1.852676 0.256200 -0.132478
v 1.852676 0.256198 -0.081544
v 1.852676 0.256198 -0.081544
v 1.583348 0.274692 -0.104311
v 1.542447 0.276950 -0.071898
v 1.530879 0.277973 0.000000
v 1.592278 0.330311 -0.095613
v 1.552818 0.331775 -0.065880
v 1.541650 0.332573 0.000000
v 1.387812 0.164391 -0.286305
v 1.442945 0.198450 -0.253777
v 0.675365 0.286675 -0.238507
v 0.675365 0.286675 -0.238507
v 0.547329 0.220223 -0.345557
v 0.547329 0.220223 -0.345557
v -1.629373 0.289574 -1.151546
v -1.629373 0.289574 -1.217795
v 0.547329 0.220223 0.000000
v -1.296981 0.272262 -1.506636
v -1.121203 0.260366 -1.659173
v -0.936791 0.243567 -1.832050
v -0.936791 0.243567 -1.832050
v 2.929233 0.113831 -0.541841
v 2.808202 0.113831 -0.644261
v 2.689067 0.113831 -0.723324
v 2.569397 0.113831 -0.774518
v 2.377267 0.113831 -0.774518
v 2.355407 0.113831 -0.757181
v 2.149619 0.113831 -0.326005
v 2.149619 0.113831 -0.326005
v 3.253356 0.220223 -0.104779
v 3.253356 0.220223 -0.104779
v 3.253356 0.113831 -0.104779
v 3.253356 0.113831 -0.104779
v 3.149577 0.113831 -0.277674
v 3.029022 0.012347 -0.105881
v 3.029022 0.012347 -0.105881
v 3.029022 0.012347 -0.105881
v 3.029022 0.048396 -0.105882
v 3.029022 0.048396 -0.105882
v 3.029022 0.048396 -0.105882
v 3.029022 0.048396 0.000000
v 3.029022 0.012347 0.000000
v 2.866639 0.048396 -0.206847
v 2.866639 0.012347 -0.206847
v 2.736411 0.048396 -0.247684
v 2.736411 0.012347 -0.247684
v 2.619688 0.048396 -0.269871
v 2.619688 0.012347 -0.269871
v 2.295887 0.012347 -0.274052
v 2.295887 0.012347 -0.274052
v 2.295887 0.012347 -0.274052
v 2.295887 0.048396 -0.274052
v 2.295887 0.048396 -0.274052
v 2.295887 0.048396 -0.274052
v 2.273884 0.048396 -0.260316
v 2.200579 0.048396 -0.210706
v 2.273884 0.012347 -0.260316
v 2.614087 -0.122440 -0.018630
v 2.614087 -0.122440 -0.018630
v 2.614087 -0.105316 -0.018630
v 2.614087 -0.105316 -0.018630
v 2.382341 -0.122440 -0.018630
v 2.382341 -0.122440 -0.018630
v 2.614087 -0.122440 0.000000
v 2.382341 -0.122440 0.000000
v 2.614087 -0.105316 0.000000
v 2.296392 -0.051706 -0.240282
v 2.331226 -0.105316 -0.200738
v 2.331226 -0.105316 -0.200738
v 2.619688 -0.105316 -0.186556
v 2.844806 -0.067708 -0.088944
v 2.844806 -0.067708 -0.088944
v 2.860559 -0.064185 0.000000
v 2.936914 -0.036290 -0.097412
v 2.373758 -0.112089 0.000000
v 2.373758 -0.112089 -0.018630
v 2.373758 -0.112089 -0.018630
v 2.316705 -0.112089 0.000000
v -0.091848 0.012348 -0.562109
v -0.091848 0.012348 -0.562109
v -0.568468 0.012348 -0.562109
v -0.568468 0.012348 -0.562109
v 2.186508 0.012348 -0.201414
v 2.186508 0.012348 -0.201414
v 2.708132 0.220223 -0.159872
v 2.580112 0.220223 -0.207880
v 2.296068 0.220224 -0.211880
v 2.147825 0.220224 -0.196031
v 1.856614 0.220224 -0.179851
v 1.856614 0.220224 -0.179851
v 1.856614 0.220224 -0.179851
v 2.307221 0.347464 -0.144994
v 2.307221 0.347464 -0.144994
v 2.541095 0.347464 -0.137344
v 2.541095 0.347464 -0.137344
v 2.541095 0.347464 -0.137344
v 2.568991 0.347463 -0.134793
v 2.636111 0.347464 -0.103668
v 2.660733 0.347464 -0.087699
v 2.676726 0.347464 -0.060362
v 2.664734 0.347464 -0.029927
v 2.664734 0.347464 -0.029927
v 2.547548 0.347464 -0.054749
v 2.547548 0.347464 -0.054749
v 1.868613 0.370915 0.000000
v 1.868612 0.370915 -0.033718
v 1.868612 0.370915 -0.033718
v 2.049262 0.394034 -0.049796
v 2.173109 0.409884 -0.059454
v 1.862718 0.326904 -0.039882
v 1.862718 0.326904 -0.039882
v 1.862718 0.326904 -0.039882
v 2.049262 0.340442 -0.057798
v 2.129017 0.347463 -0.064028
v 2.173109 0.347463 -0.067455
v 1.862718 0.326904 0.000000
v 1.870711 0.220224 -0.242333
v 1.870711 0.220224 -0.242333
v 2.737457 0.220223 -0.140193
v 2.756751 0.220223 -0.094276
v 2.756751 0.220223 -0.094276
v 2.756751 0.220223 -0.094276
v 2.758140 0.220851 0.000000
v 3.244508 0.220380 -0.086489
v 3.244508 0.220380 -0.086489
v 2.847652 0.220537 -0.046226
v 2.847652 0.220537 -0.046226
v 3.050263 0.113831 -0.413054
v 2.847652 0.220537 0.000000
v 2.646657 0.389200 -0.020395
v 2.646657 0.389200 -0.020395
v 2.532661 0.410391 -0.045317
v 2.532661 0.410391 -0.045317
v 2.532661 0.410391 -0.045317
v 2.714797 0.327640 0.000000
v 2.714797 0.327640 -0.053055
v 2.714797 0.327640 -0.053055
v 2.773216 0.235299 0.000000
v 2.773216 0.235299 -0.088159
v 2.773216 0.235299 -0.088159
v 2.695323 0.330153 0.000000
v 2.695323 0.330153 -0.053055
v 2.695323 0.330153 -0.053055
v 2.646657 0.389200 0.000000
v 2.532661 0.410391 0.000000
v 2.680588 0.347464 0.000000
v 2.680588 0.347464 -0.029927
v 2.664734 0.347464 0.000000
v 2.543844 0.347464 -0.126056
v 2.522081 0.347464 -0.215422
v 2.492910 0.347464 -0.281636
v 2.492910 0.347464 -0.281636
v 2.446606 0.347464 -0.282562
v 2.446606 0.347464 -0.282562
v 2.528216 0.410391 -0.120884
v 2.506546 0.410391 -0.214788
v 2.480430 0.410391 -0.269241
v 2.480430 0.410391 -0.269241
v 2.453759 0.410391 -0.270352
v 2.453759 0.410391 -0.270352
v 2.503371 0.410391 0.000000
v 2.497905 0.410391 -0.034728
v 2.478290 0.410391 -0.065597
v 2.460283 0.410391 -0.082639
v 2.424912 0.410391 -0.097431
v 2.379574 0.410391 -0.100003
v 2.329411 0.410391 -0.090356
v 2.285359 0.410391 -0.069456
v 2.251917 0.410391 -0.034406
v 2.247737 0.410391 0.000000
v 2.362786 0.435916 0.000000
v 2.366042 0.435916 -0.018453
v 2.383720 0.435916 -0.035821
v 2.412563 0.435916 -0.040163
v 2.441406 0.435916 -0.036752
v 2.461565 0.435916 -0.021865
v 2.469784 0.435916 0.000000
v 2.438106 0.347464 -0.139894
v 2.847652 0.113884 0.000000
v 3.244508 0.113727 -0.086489
v 3.244508 0.113727 -0.086489
v 1.870711 0.113831 -0.242333
v 1.870711 0.113831 -0.242333
v -1.180500 0.289574 -0.719475
v -1.180500 0.289574 -0.719475
v -1.372531 0.289574 -0.717874
v -1.372531 0.289574 -0.717874
v -1.142981 0.295649 -0.296335
v -1.372531 0.289574 -0.267267
v -1.372531 0.289574 -0.267267
v -1.372531 0.289574 -0.267267
v -1.411871 0.231164 -0.717874
v -1.411871 0.231164 -0.717874
v -1.411871 0.231164 -0.295405
v -1.411871 0.231164 -0.295405
v -1.672827 0.231164 -1.151546
v -1.672827 0.231164 -1.217795
v -1.356191 0.212475 -1.506636
v -1.176545 0.202129 -1.659173
v -0.992134 0.191356 -1.832050
v -0.992134 0.191356 -1.832050
v -1.655350 0.231080 -1.247227
v -1.661163 0.231164 -1.121884
v -1.239709 0.231164 -0.719475
v -1.239709 0.231164 -0.719475
v -1.549249 0.231164 -0.295405
v -1.549249 0.231164 -0.295405
v -1.549249 0.231164 -0.295405
v -1.950389 0.231164 -0.970075
v -1.943526 0.231164 -0.945214
v -1.851492 0.221131 -1.396385
v -1.831135 0.219504 -1.416216
v -1.653614 0.231164 -0.714814
v -1.653614 0.231164 -0.714814
v -1.563652 0.231164 -0.586332
v -1.619350 0.208616 -1.568086
v -1.417781 0.197961 -1.713688
v -1.220727 0.189626 -1.852476
v -1.977482 0.208172 -0.938654
v -1.984731 0.208172 -0.967760
v -1.594135 0.208172 -0.577457
v -1.679467 0.208172 -0.704009
v -1.882516 0.198448 -1.409813
v -1.856602 0.196674 -1.433348
v -1.468247 0.178363 -1.716101
v -1.274069 0.165188 -1.857477
v -1.662424 0.186714 -1.574724
v -1.582691 0.208172 -0.295405
v -1.582691 0.208172 -0.295405
v -1.977482 0.044666 -0.938654
v -1.984731 0.044666 -0.967760
v -1.594135 0.044666 -0.577457
v -1.679467 0.044666 -0.704009
v -1.882516 0.044666 -1.409813
v -1.856602 0.044666 -1.433348
v -1.468247 0.041182 -1.716101
v -1.274069 0.034483 -1.857477
v -1.662424 0.041450 -1.574724
v -1.582691 0.044666 -0.295405
v -1.582691 0.044666 -0.295405
v -1.026071 0.143338 -2.090040
v -1.677964 0.344807 -0.210933
v -1.907709 0.344807 -0.185816
v -1.907709 0.344807 -0.185816
v -1.907709 0.344807 -0.134964
v -1.907709 0.344807 -0.134964
v -1.907709 0.344807 -0.134964
v -1.907709 0.344807 0.000000
v 2.619688 0.113831 -0.233498
v 2.295887 0.113831 -0.237678
v 2.295887 0.113831 -0.237678
v 2.874971 0.113831 -0.105882
v 2.874971 0.113831 -0.105882
v 2.829516 0.113831 -0.157780
v 2.715243 0.113831 -0.210228
v 2.874971 0.113831 0.000000
v 2.191404 0.113831 -0.212136
v 2.212192 -0.014393 -0.049319
v 2.212192 -0.014393 -0.049319
v 2.110877 -0.014393 -0.098638
v 2.212192 -0.014393 0.000000
v 0.998345 -0.014393 -0.206985
v 0.998345 -0.014393 -0.206985
v 2.197969 0.012348 -0.079599
v 2.197969 0.012348 -0.079599
v 2.109735 0.012348 -0.123753
v 0.984964 0.012348 -0.230561
v 0.984964 0.012348 -0.230561
v 1.857151 -0.014393 0.000000
v 1.857151 -0.014393 -0.090839
v 1.857151 -0.014393 -0.090839
v 1.073251 -0.014393 -0.150773
v 0.609952 -0.014393 -0.198340
v 0.002778 -0.014393 -0.277300
v 0.002778 -0.014393 -0.277300
v 0.983481 -0.014393 -0.182210
v 0.983481 -0.014393 -0.182210
v 0.773725 -0.014393 -0.197075
v 0.773725 -0.014393 -0.197075
v 0.773725 -0.014393 -0.217555
v 0.773725 -0.014393 -0.217555
v 0.444722 -0.014393 -0.257194
v 0.318538 -0.014393 -0.280977
v 0.206888 -0.014393 -0.317974
v 0.115719 -0.014393 -0.361576
v -0.060014 -0.014393 -0.477850
v -0.107580 -0.014393 -0.540612
v -0.107580 -0.014393 -0.540612
v 1.840110 -0.049314 0.000000
v 1.840110 -0.049314 -0.066906
v 1.840110 -0.049314 -0.066906
v 1.071585 -0.077401 -0.131146
v 1.397477 -0.067122 -0.103910
v 0.607017 -0.092053 -0.178713
v 0.020361 -0.100322 -0.255612
v 0.020361 -0.100322 -0.255612
v 0.020361 -0.100322 0.000000
v 1.360519 -0.145583 0.000000
v 1.360519 -0.145583 -0.056239
v 1.331080 -0.145583 -0.080325
v 0.798891 -0.145583 -0.118557
v 0.798891 -0.145583 -0.118557
v 0.798891 -0.145583 0.000000
v 1.397477 -0.067122 0.000000
v 1.397477 -0.067122 -0.051955
v 1.358098 -0.068335 -0.096177
v 1.071046 -0.077403 -0.116978
v 0.783993 -0.086471 -0.137779
v 0.549697 -0.111044 -0.118570
v 0.543962 -0.092823 -0.186978
v 0.576536 -0.092428 -0.152775
v 0.788838 -0.105696 0.000000
v 0.549084 -0.111255 0.000000
v 0.975024 0.012348 -0.208769
v 0.975024 0.012348 -0.208769
v 0.790745 0.012348 -0.218403
v 0.790745 0.012348 -0.218403
v 0.791510 0.012348 -0.237902
v 0.791510 0.012348 -0.237902
v 0.443828 0.012348 -0.286838
v 0.321058 0.012348 -0.303905
v 0.215904 0.012348 -0.341342
v 0.128368 0.012348 -0.384835
v -0.040097 0.012348 -0.496044
v 0.127792 0.012348 -0.466418
v 0.310338 0.012348 -0.386159
v 0.029018 0.012348 -0.540839
v -0.026160 0.012348 -0.606872
v 0.642313 0.012348 -0.343644
v 0.905541 0.012348 -0.306406
v 1.442945 0.012348 -0.253777
v 1.859376 0.012348 -0.212995
v 0.010023 0.058678 -0.626773
v 0.055402 0.058678 -0.572248
v 0.150406 0.058678 -0.499083
v 0.319132 0.058678 -0.421965
v 0.642313 0.058678 -0.368771
v 0.904913 0.058678 -0.330277
v 1.387812 0.058678 -0.286305
v 1.870711 0.058678 -0.242333
v -0.775860 0.012348 -0.280703
v -0.775860 0.012348 -0.280703
v -1.583546 0.012348 -0.280703
v -1.583546 0.012348 -0.280703
v -0.553758 -0.014393 -0.540612
v -0.553758 -0.014393 -0.540612
v -0.764955 -0.014393 -0.263773
v -0.764955 -0.014393 -0.263773
v -1.761328 -0.014393 -0.263773
v -1.761328 -0.014393 -0.263773
v 0.002778 -0.014393 -0.203895
v 0.002778 -0.014393 -0.203895
v -0.242672 -0.014393 -0.203895
v -0.317454 -0.014393 -0.131407
v -0.317454 -0.014393 0.000000
v 0.013789 -0.082572 -0.189214
v 0.013789 -0.082572 -0.189214
v -0.220650 -0.082572 -0.189214
v -0.284320 -0.082572 -0.124716
v -0.284320 -0.082573 0.000000
v 0.013789 -0.082572 0.000000
v -1.761328 -0.014393 0.000000
v -1.723249 -0.014393 0.000000
v -1.723249 -0.014393 -0.245451
v -1.723249 -0.014393 -0.245451
v -1.071846 -0.014393 -0.245451
v -1.071846 -0.014393 -0.245451
v -1.071846 -0.014393 0.000000
v -1.230586 -0.082573 -0.194525
v -1.230586 -0.082573 -0.194525
v -1.674691 -0.082573 -0.194525
v -1.674691 -0.082573 -0.194525
v -1.230586 -0.082573 0.000000
v -1.674691 -0.082573 0.000000
v -1.776708 0.006253 -0.277048
v -1.776708 0.006253 -0.277048
v -1.776708 0.006253 -0.277048
v -1.776708 0.006253 0.000000
v -1.799238 0.044666 -0.295405
v -1.976980 0.006253 -0.271083
v -1.976980 0.006253 -0.271083
v -1.976980 0.006253 0.000000
v -2.007612 0.044666 -0.277053
v -2.007612 0.044666 -0.277053
v -2.147788 0.231164 -0.277053
v -2.147788 0.231164 -0.277053
v -2.147788 0.231164 -0.277053
v -2.147788 0.231164 0.000000
v -1.948260 0.289575 -0.225188
v -1.948260 0.289575 -0.225188
v -1.948260 0.289575 -0.225188
v -1.948260 0.289575 0.000000
v -1.948260 0.231164 -0.282406
v -1.660396 0.289574 -0.246227
v -1.140463 0.344808 -0.257215
v -1.393041 0.344808 -0.236006
v -0.792033 0.012348 -0.312097
v -0.792033 0.012348 -0.312097
v -0.607473 0.012348 -0.562109
v -0.607473 0.012348 -0.562109
v -1.559762 0.012348 -0.311093
v -1.559762 0.012348 -0.311093
v -1.559762 0.012348 -0.311093
v -1.559762 0.012348 -0.562109
v -1.559762 0.012348 -0.562109
v -1.559762 0.012348 -0.562109
v -1.524748 -0.045032 -0.332234
v -1.524748 -0.045032 -0.332234
v -1.524748 -0.045032 -0.541000
v -1.524748 -0.045032 -0.541000
v -0.649384 -0.045032 -0.541000
v -0.649384 -0.045032 -0.541000
v -0.799846 -0.045032 -0.332234
v -0.799846 -0.045032 -0.332234
v -1.907709 0.396070 -0.121069
v -1.907709 0.396070 -0.121069
v -1.907709 0.396070 0.000000
v -1.658719 0.344807 -0.132273
v -1.130348 0.344807 -0.084611
v -1.383968 0.344914 -0.118229
v -1.187856 0.436693 -0.053513
v -1.394640 0.436693 -0.084564
v -1.648612 0.436693 -0.099756
v -1.798737 0.396070 -0.322880
v -1.798737 0.396070 -0.322880
v -1.798737 0.396070 -0.117980
v -1.798737 0.396070 -0.117980
v -1.052432 0.437420 0.000000
v -1.190068 0.437420 -0.048746
v -1.397477 0.437420 -0.079013
v -1.648535 0.437420 -0.093669
v -1.746486 0.460322 -0.093669
v -1.746486 0.460322 -0.093669
v -1.746486 0.460322 -0.322443
v -1.746486 0.460322 -0.322443
v -1.052432 0.460322 0.000000
v -1.190068 0.460322 -0.048746
v -1.397477 0.460322 -0.079013
v -1.648535 0.460322 -0.093669
v -1.765702 0.436693 -0.100419
v -1.765702 0.436693 -0.100419
v -1.765110 0.437420 -0.093669
v -1.765110 0.437420 -0.093669
v 0.375036 0.058679 -1.707734
v 0.377317 0.058679 -1.606323
v 0.363113 0.058679 -1.780653
v 0.363113 0.058679 -1.780653
v 0.363113 0.058679 -1.780653
v 0.312333 0.058679 -1.500516
v 0.066980 0.058679 -1.096676
v -0.033572 0.058679 -0.821353
v -0.024728 0.058679 -0.716350
v -0.007410 0.058679 -0.964567
v -0.069052 0.012348 -0.702781
v -0.076087 0.012348 -0.824972
v -0.047211 0.012348 -0.970899
v 0.032606 0.012348 -1.118386
v 0.278864 0.012348 -1.521321
v 0.336485 0.012348 -1.625169
v 0.331692 0.012348 -1.704593
v 0.302055 0.012348 -1.793467
v 0.302055 0.012348 -1.793467
v -1.653614 0.012348 -0.714814
v -1.943526 0.012348 -0.945214
v -1.950389 0.012348 -0.970075
v -1.851492 0.012348 -1.396385
v -1.831135 0.012348 -1.416216
v -1.619350 0.012348 -1.568086
v -1.417781 0.012348 -1.713688
v -1.220727 0.012348 -1.852476
v 0.416993 0.057048 -1.804031
v 0.520304 0.049676 -1.876901
v 0.971215 0.039886 -1.950977
v 0.383333 0.009324 -1.825827
v 0.506277 0.002852 -1.895091
v 0.961305 -0.004770 -1.976661
v 0.961305 -0.009583 -2.028161
v 0.599713 -0.018013 -2.118383
v 0.233907 -0.024708 -2.190025
v 0.599713 0.013939 -2.145648
v 0.233908 0.007548 -2.216532
v -0.094993 0.004795 -2.239105
v -0.094993 0.083190 -2.239105
v -0.094993 -0.024540 -2.212597
v -0.466835 0.007746 -2.205842
v -0.466835 0.090347 -2.205842
v -0.460609 -0.020303 -2.178999
v -0.744356 0.099752 -2.164551
v -0.743100 0.136421 -2.123945
v -0.744355 0.013328 -2.164551
v -0.743100 -0.013819 -2.123945
v -1.051971 0.106634 -2.130647
v -1.051971 0.017152 -2.130647
v -1.163020 0.025817 -1.994062
v -1.369071 0.012348 -0.826250
v -1.369071 0.012348 -0.574955
v -1.369071 0.012348 -0.574955
v -1.369071 -0.004857 -0.574955
v -1.369071 -0.004857 -0.574955
v -1.369071 -0.004857 -0.574955
v -1.369071 -0.004857 -0.826250
v -0.264510 0.012348 -0.910918
v -0.264510 0.012348 -0.910918
v -0.607473 0.012348 -0.574955
v -0.607473 0.012348 -0.574955
v -0.264510 -0.004721 -0.952420
v -0.264510 -0.004721 -0.952420
v -0.264510 -0.004721 -0.952420
v -0.264510 -0.004721 -0.910918
v -0.264510 -0.004721 -0.910918
v -0.264510 -0.004721 -0.910918
v -0.796875 0.460322 0.000000
v -0.857655 0.460322 -0.066198
v -1.034975 0.460322 -0.188948
v -1.246781 0.460322 -0.299806
v -1.444582 0.460322 -0.390844
v -1.647535 0.460322 -0.474880
v -1.771100 0.460322 -0.517734
v -1.912282 0.460322 -0.553982
v -2.049479 0.460322 -0.577149
v -2.049479 0.460322 -0.577149
v -2.049479 0.460322 -0.322443
v -2.049479 0.460322 -0.322443
v -2.049479 0.460322 -0.322443
v -2.049479 0.510789 -0.559181
v -2.049479 0.562786 -0.529741
v -2.049479 0.601016 -0.495714
v -2.049479 0.616693 -0.471628
v -2.049479 0.616693 -0.471628
v -2.049479 0.616693 -0.207424
v -2.049479 0.616693 0.000000
v -2.049479 0.503831 -0.300499
v -2.049479 0.503831 -0.300499
v -2.049479 0.593753 -0.300499
v -2.049479 0.593753 -0.300499
v -2.090770 0.575203 -0.441042
v -2.090770 0.575203 -0.441042
v -2.090770 0.522380 -0.441042
v -2.090770 0.522380 -0.441042
v -2.090770 0.522380 -0.339390
v -2.090770 0.522380 -0.339390
v -2.090770 0.575203 -0.339390
v -2.090770 0.575203 -0.339390
v -1.922302 0.616693 -0.450156
v -1.810266 0.616693 -0.424005
v -1.689971 0.616693 -0.380237
v -1.494527 0.616693 -0.309216
v -1.315049 0.616693 -0.226084
v -1.173007 0.616693 -0.141299
v -1.051337 0.616693 -0.058717
v -1.026232 0.617755 -0.031341
v -1.222197 0.618818 0.000000
v -1.222197 0.618818 -0.028037
v -1.222197 0.618818 -0.028037
v -1.369201 0.618818 -0.094944
v -1.516205 0.618818 -0.161851
v -1.966965 0.618818 -0.101825
v -1.988375 0.618818 -0.081180
v -1.988375 0.618818 0.000000
v -1.525376 0.709699 0.000000
v -1.525376 0.709699 -0.099405
v -1.525376 0.709699 -0.099405
v -1.525376 0.709699 -0.099405
v -1.226923 0.630815 0.000000
v -1.226923 0.630815 -0.022833
v -1.226923 0.630815 -0.022833
v -1.226923 0.630815 -0.022833
v -1.516638 0.630048 -0.155160
v -1.516638 0.630048 -0.155160
v -1.961856 0.630048 -0.099405
v -1.961856 0.630048 -0.099405
v -1.961856 0.630048 -0.099405
v -1.739247 0.630048 -0.127282
v -1.982119 0.630048 -0.078377
v -1.982119 0.630048 0.000000
v -1.741585 0.618818 -0.131838
v -1.374783 0.630431 -0.089549
v -1.743616 0.669874 -0.099405
v -1.393888 0.674945 -0.069615
v -1.961856 0.630048 0.000000
v -2.049479 0.608093 0.000000
v -2.049479 0.608093 -0.207424
v -2.049479 0.608093 -0.207424
v -2.049479 0.396070 -0.331536
v -2.284880 0.460322 -0.281151
v -2.284880 0.460322 -0.281151
v -2.347725 0.514788 -0.234355
v -2.347725 0.514788 -0.234355
v -2.212349 0.396070 -0.337775
v -2.212349 0.396070 -0.337775
v -2.212349 0.396070 0.000000
v -2.347725 0.514788 0.000000
v -3.073502 0.608093 -0.054647
v -3.073502 0.608093 -0.054647
v -3.073502 0.608093 -0.082559
v -3.073502 0.608093 -0.082559
v -2.347725 0.608093 -0.171057
v -3.133425 0.608093 -0.008921
v -3.133425 0.608093 -0.008921
v -3.133425 0.608093 0.000000
v -3.133425 0.514788 -0.008921
v -3.133425 0.514788 -0.008921
v -3.133425 0.514788 0.000000
v -2.049479 0.514788 -0.280048
v 2.847652 0.196743 -0.033908
v 2.847652 0.196743 -0.033908
v 2.847652 0.196743 0.000000
v 2.847652 0.133430 -0.033908
v 2.847652 0.133430 -0.033908
v 2.847652 0.133430 0.000000
v 3.024287 0.196743 -0.033908
v 3.024287 0.196743 -0.033908
v 3.024287 0.196743 -0.033908
v 3.024287 0.196743 0.000000
v 3.024287 0.133430 -0.033908
v 3.024287 0.133430 -0.033908
v 3.024287 0.133430 -0.033908
v 3.024287 0.133430 0.000000
v 3.029450 0.184399 -0.025959
v 3.029450 0.184399 -0.025959
v 3.029450 0.184399 -0.025959
v 3.029450 0.184399 0.000000
v 3.029450 0.145773 -0.025959
v 3.029450 0.145773 -0.025959
v 3.029450 0.145773 -0.025959
v 3.029450 0.145773 0.000000
v 3.095457 0.178697 -0.020794
v 3.095457 0.178697 -0.020794
v 3.095457 0.178697 0.000000
v 3.095457 0.151476 -0.020794
v 3.095457 0.151476 -0.020794
v 3.095457 0.151476 0.000000
v -0.220099 -0.086157 -0.976506
v -0.220099 -0.086157 -0.976506
v -0.220099 -0.086157 -0.976506
v -1.063044 -0.086157 -0.976506
v -1.063044 -0.086157 -0.976506
v -1.063044 -0.086157 -0.976506
v -0.607473 -0.004857 -0.574955
v -0.607473 -0.004857 -0.574955
v -0.607473 -0.004857 -0.574955
v -0.220099 -0.086157 -0.827654
v -0.220099 -0.086157 -0.827654
v -0.220099 -0.086157 -0.827654
v -0.220099 -0.086157 -0.827654
v -1.063044 -0.086157 -0.827654
v -1.063044 -0.086157 -0.827654
v -1.063044 -0.086157 -0.827654
v -1.369071 -0.004721 -0.952420
v -1.369071 -0.004721 -0.952420
v -1.369071 -0.004721 -0.952420
v -0.264510 0.012348 -0.952420
v -0.264510 0.012348 -0.952420
v -1.369071 0.012348 -0.952420
v -1.369071 0.012348 -0.952420
v -0.220099 -0.111008 -0.976506
v -1.063044 -0.111009 -0.976506
v -0.220099 -0.111008 -0.827840
v -1.063044 -0.111009 -0.827840
v -1.091685 -0.163021 -2.086965
v -1.091685 -0.143984 -2.122226
v -1.091685 -0.112902 -2.147517
v -1.091685 -0.074508 -2.158989
v -1.091685 -0.034646 -2.154895
v -1.091685 -0.178131 -2.011329
v -1.091685 -0.174037 -2.051192
v -1.091685 -0.166659 -1.972935
v -1.091685 -0.141367 -1.941853
v -1.091685 -0.106107 -1.922816
v -1.091685 0.034449 -2.133620
v -1.091685 0.034449 -2.133620
v -1.720433 -0.005193 -1.916630
v -1.091685 -0.037012 -1.901541
v -1.091685 -0.037012 -1.901541
v -1.720433 0.052437 -2.103793
v -1.091685 -0.001282 -2.017580
v -1.927972 0.010028 -1.926555
v -1.928032 0.059499 -2.087006
v -2.110245 0.203815 -1.954235
v -2.110310 0.226629 -2.028085
v -2.110310 0.226629 -2.028085
v -2.608456 0.285942 -1.959077
v -2.608456 0.283416 -1.940201
v -2.608456 0.282078 -1.976928
v -2.608456 0.272415 -1.991036
v -2.608456 0.258422 -1.999254
v -2.608456 0.258422 -1.999254
v -2.608456 0.278152 -1.923104
v -2.608456 0.269622 -1.906077
v -2.608456 0.256387 -1.893491
v -2.608456 0.240461 -1.887262
v -2.608456 0.224269 -1.888339
v -2.608456 0.224269 -1.888339
v -2.608456 0.241346 -1.943797
v -2.110180 0.181000 -1.880386
v -2.110180 0.181000 -1.880386
v -1.984827 0.016425 -1.929488
v -1.984827 0.016425 -1.929488
v -1.984960 0.063177 -2.080823
v -1.984960 0.063177 -2.080823
v -1.984893 0.039801 -2.005155
v 1.082275 0.138613 -1.993235
v 1.082275 0.137468 -1.983282
v 1.082275 0.132602 -1.974526
v 1.082275 0.124755 -1.968298
v 1.082275 0.115122 -1.965546
v 1.082275 0.055867 -1.960686
v 1.082275 0.045915 -1.961831
v 1.082275 0.037158 -1.966697
v 1.082275 0.030930 -1.974543
v 1.082275 0.028179 -1.984176
v 1.082275 0.109810 -2.030311
v 1.082275 0.119763 -2.029166
v 1.082275 0.128519 -2.024300
v 1.082275 0.134747 -2.016454
v 1.082275 0.137498 -2.006821
v 1.082275 0.027064 -1.997762
v 1.082275 0.028209 -2.007715
v 1.082275 0.033075 -2.016471
v 1.082275 0.040922 -2.022699
v 1.082275 0.050555 -2.025450
v 1.011606 0.115122 -1.965546
v 1.011606 0.124755 -1.968298
v 1.011606 0.132602 -1.974526
v 1.011606 0.132602 -1.974526
v 1.011606 0.137468 -1.983282
v 1.011606 0.138613 -1.993235
v 1.011606 0.028179 -1.984176
v 1.011606 0.030930 -1.974543
v 1.011606 0.037158 -1.966697
v 1.011606 0.037158 -1.966697
v 1.011606 0.045915 -1.961831
v 1.011606 0.055867 -1.960686
v 1.011606 0.137498 -2.006821
v 1.011606 0.134747 -2.016454
v 1.011606 0.128519 -2.024300
v 1.011606 0.128519 -2.024300
v 1.011606 0.119763 -2.029166
v 1.011606 0.109810 -2.030311
v 1.011606 0.050555 -2.025450
v 1.011606 0.040922 -2.022699
v 1.011606 0.033075 -2.016471
v 1.011606 0.033075 -2.016471
v 1.011606 0.028209 -2.007715
v 1.011606 0.027064 -1.997762
v 0.987883 0.139058 -1.958287
v 0.987037 0.039139 -1.954245
v 0.986917 0.128116 -2.038370
v 0.987001 0.025962 -2.030450
v 1.088849 0.118786 -2.011230
v 1.088849 0.117950 -2.014158
v 1.088849 0.116058 -2.016543
v 1.088849 0.113397 -2.018023
v 1.088849 0.110373 -2.018371
v 1.088849 0.113723 -1.977418
v 1.088849 0.116653 -1.978255
v 1.088849 0.119040 -1.980152
v 1.088849 0.120520 -1.982818
v 1.088849 0.120868 -1.985849
v 1.088849 0.046891 -1.979767
v 1.088849 0.047727 -1.976839
v 1.088849 0.049620 -1.974453
v 1.088849 0.052280 -1.972974
v 1.088849 0.055304 -1.972626
v 1.088849 0.051955 -2.013579
v 1.088849 0.049024 -2.012742
v 1.088849 0.046637 -2.010845
v 1.088849 0.045157 -2.008179
v 1.088849 0.044809 -2.005148
v 1.181357 0.102389 -1.989125
v 1.181357 0.105321 -1.989964
v 1.181357 0.107710 -1.991861
v 1.181357 0.104120 -2.004624
v 1.181357 0.101092 -2.004972
v 1.181357 0.106785 -2.003142
v 1.181357 0.108680 -2.000753
v 1.181357 0.056149 -1.993306
v 1.181357 0.056997 -1.990244
v 1.181357 0.058892 -1.987855
v 1.181357 0.061557 -1.986373
v 1.181357 0.064585 -1.986025
v 1.181357 0.063288 -2.001872
v 1.181357 0.060356 -2.001034
v 1.181357 0.057967 -1.999136
v 1.181357 0.056487 -1.996468
v -1.136349 0.000656 -1.971258
v -0.996807 -0.171473 -0.787351
v -0.975177 -0.148334 -0.794296
v -0.956840 -0.128718 -0.805287
v -0.944587 -0.115611 -0.819524
v -0.940285 -0.111008 -0.827840
v -0.940285 -0.111008 -0.976506
v -0.944587 -0.115611 -0.984961
v -0.956840 -0.128718 -0.998816
v -0.975177 -0.148334 -1.009398
v -0.996807 -0.171473 -1.016123
v 0.189173 -0.240594 -0.786884
v 0.228655 -0.240594 -0.818906
v 0.135376 -0.240594 -0.778643
v 0.072989 -0.196201 -0.775798
v 0.135376 -0.196201 -0.778643
v 0.189173 -0.196201 -0.786884
v 0.228655 -0.196201 -0.818906
v 0.245091 -0.196201 -0.855969
v 0.245091 -0.196201 -0.948327
v 0.228645 -0.196201 -0.985807
v 0.189035 -0.196201 -1.017173
v 0.135317 -0.196201 -1.024980
v 0.072975 -0.196201 -1.027677
v -0.191664 -0.196201 -0.775798
v -0.191664 -0.196201 -0.775798
v -1.019099 -0.196201 -0.787351
v 0.245091 -0.240594 -0.855969
v 0.072989 -0.240594 -0.775798
v -1.019099 -0.196201 -1.016123
v 0.245091 -0.240594 -0.948327
v 0.228645 -0.240594 -0.985807
v 0.189035 -0.240594 -1.017173
v 0.135317 -0.240594 -1.024980
v 0.072975 -0.240594 -1.027677
v -0.191664 -0.240594 -0.775798
v -0.191664 -0.240594 -0.775798
v -1.059119 -0.240594 -1.016123
v -1.059119 -0.240594 -0.787351
v 0.186335 -0.268352 -0.798142
v 0.221165 -0.268352 -0.823939
v 0.134207 -0.268352 -0.790156
v 0.233396 -0.268353 -0.857132
v 0.072719 -0.268352 -0.787351
v 0.233396 -0.268352 -0.947231
v 0.221165 -0.268352 -0.980678
v 0.186335 -0.268352 -1.005888
v 0.134207 -0.268352 -1.013463
v 0.072719 -0.268352 -1.016123
v -1.106646 -0.293173 -0.787353
v -1.106646 -0.293173 -1.016123
v -0.191664 -0.196201 -1.027677
v -0.191664 -0.196201 -1.027677
v -0.191664 -0.240594 -1.027677
v -0.191664 -0.240594 -1.027677
v 0.186335 -0.240594 -0.798142
v 0.221165 -0.240594 -0.823939
v 0.134207 -0.240594 -0.790156
v 0.072719 -0.196201 -0.787351
v 0.134207 -0.196201 -0.790156
v 0.186335 -0.196201 -0.798142
v 0.221165 -0.196201 -0.823937
v 0.233396 -0.196201 -0.857130
v 0.233396 -0.196201 -0.947229
v 0.221165 -0.196201 -0.980676
v 0.186335 -0.196201 -1.005888
v 0.134207 -0.196201 -1.013463
v 0.072719 -0.196201 -1.016123
v -0.191664 -0.196201 -0.787351
v -0.191664 -0.196201 -0.787351
v 0.233396 -0.240594 -0.857132
v 0.072719 -0.240594 -0.787351
v 0.233396 -0.240594 -0.947231
v 0.221165 -0.240594 -0.980678
v 0.186335 -0.240594 -1.005888
v 0.134207 -0.240594 -1.013463
v 0.072719 -0.240594 -1.016123
v -0.191664 -0.240594 -0.787351
v -0.191664 -0.240594 -0.787351
v -0.191664 -0.196201 -1.016123
v -0.191664 -0.196201 -1.016123
v -0.191664 -0.240594 -1.016123
v -0.191664 -0.240594 -1.016123
v 0.186335 -0.268353 -0.803434
v 0.221165 -0.268353 -0.827917
v 0.134207 -0.268353 -0.795855
v 0.233396 -0.268353 -0.859419
v 0.072719 -0.268353 -0.793193
v 0.233396 -0.268353 -0.944927
v 0.221165 -0.268353 -0.976670
v 0.186335 -0.268353 -1.000595
v 0.134207 -0.268353 -1.007784
v 0.072719 -0.268353 -1.010309
v 0.138164 -0.310561 -0.804614
v 0.171736 -0.310561 -0.828804
v 0.103019 -0.310561 -0.797126
v 0.187386 -0.310561 -0.859929
v 0.055460 -0.310561 -0.794596
v 0.187386 -0.310561 -0.944413
v 0.171736 -0.310561 -0.975776
v 0.138164 -0.310561 -0.999414
v 0.103019 -0.310561 -1.006518
v 0.055460 -0.310561 -1.008907
v -1.137342 -0.327129 -0.787353
v -1.137342 -0.327129 -0.787353
v 0.025406 -0.384052 -0.800532
v 0.010380 -0.420798 -0.815070
v -0.026842 -0.272325 -0.793193
v -0.108775 -0.292436 -0.793193
v -0.160914 -0.332161 -0.795803
v -0.191453 -0.388025 -0.800532
v -0.196418 -0.424770 -0.815070
v -0.196418 -0.424770 -0.815070
v 0.048250 -0.328189 -0.795803
v -0.160914 -0.332161 -1.007699
v -0.191453 -0.388025 -1.002970
v -0.196418 -0.424770 -0.988433
v -0.196418 -0.424770 -0.988433
v 0.048250 -0.328189 -1.007699
v 0.025406 -0.384052 -1.002970
v 0.010380 -0.420798 -0.988433
v 0.010380 -0.435198 -0.832544
v 0.010380 -0.435198 -0.832544
v 0.010380 -0.435198 -0.970958
v 0.010380 -0.435198 -0.970958
v -0.151997 -0.461516 -0.976040
v -0.151997 -0.461516 -0.827463
v 0.010380 -0.435198 -0.901751
v 0.033805 -0.435198 -0.963807
v 0.033805 -0.435198 -0.839696
v -0.107158 -0.461516 -0.827463
v -0.037950 -0.461516 -0.832948
v 0.020722 -0.461516 -0.848568
v 0.063325 -0.435198 -0.866973
v 0.059925 -0.461516 -0.871945
v 0.073691 -0.435198 -0.899148
v 0.073691 -0.461516 -0.899520
v 0.063325 -0.435198 -0.936529
v 0.073691 -0.435198 -0.904354
v 0.073691 -0.461516 -0.903982
v 0.059925 -0.461516 -0.931557
v 0.020722 -0.461516 -0.954934
v -0.037950 -0.461516 -0.970555
v -0.107158 -0.461516 -0.976040
v 0.228532 -0.365906 -0.873434
v 0.228532 -0.371792 -0.872855
v 0.228532 -0.360247 -0.875151
v 0.228532 -0.355031 -0.877939
v 0.228532 -0.350459 -0.881691
v 0.228532 -0.346707 -0.886263
v 0.228532 -0.343919 -0.891479
v 0.228532 -0.342202 -0.897139
v 0.228532 -0.341623 -0.903024
v 0.228532 -0.342202 -0.908910
v 0.228532 -0.343919 -0.914570
v 0.228532 -0.346707 -0.919786
v 0.228532 -0.350459 -0.924358
v 0.228532 -0.355031 -0.928110
v 0.228532 -0.360247 -0.930898
v 0.228532 -0.365906 -0.932615
v 0.228532 -0.371792 -0.933194
v 0.228532 -0.377678 -0.932615
v 0.228532 -0.383338 -0.930898
v 0.228532 -0.388554 -0.928110
v 0.228532 -0.393126 -0.924358
v 0.228532 -0.396878 -0.919786
v 0.228532 -0.399666 -0.914570
v 0.228532 -0.401382 -0.908910
v 0.228532 -0.401962 -0.903024
v 0.228532 -0.401382 -0.897139
v 0.228532 -0.399666 -0.891479
v 0.228532 -0.396878 -0.886263
v 0.228532 -0.393126 -0.881691
v 0.228532 -0.388554 -0.877939
v 0.228532 -0.383338 -0.875151
v 0.228532 -0.377678 -0.873434
v 0.214529 -0.365906 -0.873434
v 0.214529 -0.371792 -0.872855
v 0.214529 -0.360247 -0.875151
v 0.214529 -0.355031 -0.877939
v 0.214529 -0.350459 -0.881691
v 0.214529 -0.346707 -0.886263
v 0.214529 -0.343919 -0.891479
v 0.214529 -0.342202 -0.897139
v 0.214529 -0.341623 -0.903024
v 0.214529 -0.342202 -0.908910
v 0.214529 -0.343919 -0.914570
v 0.214529 -0.346707 -0.919786
v 0.214529 -0.350459 -0.924358
v 0.214529 -0.355031 -0.928110
v 0.214529 -0.360247 -0.930898
v 0.214529 -0.365906 -0.932615
v 0.214529 -0.371792 -0.933194
v 0.214529 -0.377678 -0.932615
v 0.214529 -0.383338 -0.930898
v 0.214529 -0.388554 -0.928110
v 0.214529 -0.393126 -0.924358
v 0.214529 -0.396878 -0.919786
v 0.214529 -0.399666 -0.914570
v 0.214529 -0.401382 -0.908910
v 0.214529 -0.401962 -0.903024
v 0.214529 -0.401382 -0.897139
v 0.214529 -0.399666 -0.891479
v 0.214529 -0.396878 -0.886263
v 0.214529 -0.393126 -0.881691
v 0.214529 -0.388554 -0.877939
v 0.214529 -0.383338 -0.875151
v 0.214529 -0.377678 -0.873434
v 0.214529 -0.364475 -0.867663
v 0.214529 -0.371792 -0.866971
v 0.214529 -0.357438 -0.869715
v 0.214529 -0.350953 -0.873047
v 0.214529 -0.345269 -0.877531
v 0.214529 -0.340604 -0.882994
v 0.214529 -0.337138 -0.889227
v 0.214529 -0.335003 -0.895991
v 0.214529 -0.334282 -0.903024
v 0.214529 -0.335003 -0.910058
v 0.214529 -0.337138 -0.916822
v 0.214529 -0.340604 -0.923055
v 0.214529 -0.345269 -0.928518
v 0.214529 -0.350953 -0.933002
v 0.214529 -0.357438 -0.936334
v 0.214529 -0.364475 -0.938385
v 0.214529 -0.371792 -0.939078
v 0.214529 -0.379110 -0.938385
v 0.214529 -0.386147 -0.936334
v 0.214529 -0.392632 -0.933002
v 0.214529 -0.398316 -0.928518
v 0.214529 -0.402981 -0.923055
v 0.214529 -0.406447 -0.916822
v 0.214529 -0.408581 -0.910058
v 0.214529 -0.409302 -0.903024
v 0.214529 -0.408581 -0.895991
v 0.214529 -0.406447 -0.889227
v 0.214529 -0.402981 -0.882994
v 0.214529 -0.398316 -0.877531
v 0.214529 -0.392632 -0.873047
v 0.214529 -0.386147 -0.869715
v 0.214529 -0.379110 -0.867663
v 0.094319 -0.363248 -0.861977
v 0.094319 -0.371792 -0.861173
v 0.094319 -0.355033 -0.864358
v 0.094319 -0.347461 -0.868226
v 0.094319 -0.340825 -0.873431
v 0.094319 -0.335379 -0.879773
v 0.094319 -0.331332 -0.887008
v 0.094319 -0.328839 -0.894860
v 0.094319 -0.327998 -0.903024
v 0.094319 -0.328839 -0.911189
v 0.094319 -0.331332 -0.919040
v 0.094319 -0.335379 -0.926276
v 0.094319 -0.340825 -0.932618
v 0.094319 -0.347461 -0.937823
v 0.094319 -0.355033 -0.941690
v 0.094319 -0.363248 -0.944072
v 0.094319 -0.371792 -0.944876
v 0.094319 -0.380336 -0.944072
v 0.094319 -0.388552 -0.941690
v 0.094319 -0.396123 -0.937823
v 0.094319 -0.402760 -0.932618
v 0.094319 -0.408206 -0.926276
v 0.094319 -0.412253 -0.919040
v 0.094319 -0.414745 -0.911189
v 0.094319 -0.415587 -0.903024
v 0.094319 -0.414745 -0.894860
v 0.094319 -0.412253 -0.887008
v 0.094319 -0.408206 -0.879773
v 0.094319 -0.402760 -0.873431
v 0.094319 -0.396123 -0.868226
v 0.094319 -0.388552 -0.864358
v 0.094319 -0.380336 -0.861977
v -0.026842 -0.272325 -0.787353
v -0.108775 -0.292436 -0.787353
v -0.160914 -0.332161 -0.787353
v -0.191453 -0.388025 -0.787353
v -0.108775 -0.292437 -1.010308
v -0.026842 -0.272326 -1.010308
v -0.191453 -0.388025 -1.016122
v -0.160914 -0.332161 -1.016122
v -0.202281 -0.452530 -0.817544
v -0.108775 -0.292436 -1.016122
v -0.026842 -0.272325 -1.016122
v -0.202281 -0.452530 -0.985930
v -1.137342 -0.327128 -1.016123
v -1.137342 -0.327128 -1.016123
v -1.120412 -0.413559 -1.006175
v -1.079296 -0.418922 -1.001691
v -1.039611 -0.435726 -0.984036
v -1.079296 -0.418922 -0.801783
v -1.120412 -0.413559 -0.797300
v -1.021019 -0.471479 -0.950428
v -1.039611 -0.435726 -0.819439
v -1.021019 -0.471479 -0.853045
v -1.315213 -0.413559 -0.949271
v -1.325224 -0.413559 -0.913996
v -1.504161 -0.327129 -0.923944
v -1.494149 -0.327129 -0.959220
v -1.286703 -0.413559 -0.979176
v -1.465639 -0.327129 -0.989124
v -1.244034 -0.413559 -0.999158
v -1.422970 -0.327129 -1.009106
v -1.193702 -0.413559 -1.006175
v -1.372639 -0.327129 -1.016123
v -1.244034 -0.413559 -0.804316
v -1.193702 -0.413559 -0.797300
v -1.372639 -0.327129 -0.787353
v -1.422971 -0.327129 -0.794369
v -1.286703 -0.413559 -0.824298
v -1.465639 -0.327129 -0.814351
v -1.315213 -0.413559 -0.854203
v -1.494149 -0.327129 -0.844256
v -1.325224 -0.413559 -0.889478
v -1.504161 -0.327129 -0.879531
v -0.996807 -0.171473 -0.790579
v -0.975177 -0.148334 -0.797329
v -0.957883 -0.131608 -0.808009
v -0.945943 -0.119369 -0.821845
v -0.941750 -0.115072 -0.829927
v -0.941750 -0.115072 -0.974404
v -0.945943 -0.119369 -0.982621
v -0.957883 -0.131608 -0.996085
v -0.975177 -0.148334 -1.006369
v -0.996807 -0.171473 -1.012905
v -1.019099 -0.196201 -0.790579
v -1.019099 -0.196201 -1.012905
v -1.056823 -0.238047 -1.012905
v -1.056823 -0.238047 -0.790579
v -1.104303 -0.290581 -0.790581
v -1.104303 -0.290581 -0.790581
v -1.104303 -0.290581 -1.012905
v -1.104303 -0.290581 -1.012905
v -1.393077 -0.215598 -0.830344
v -1.390351 -0.208378 -0.834795
v -1.388079 -0.202359 -0.841724
v -1.386613 -0.198476 -0.850388
v -1.386255 -0.197527 -0.853911
v -1.386255 -0.197527 -0.950485
v -1.386612 -0.198474 -0.954061
v -1.388070 -0.202336 -0.962446
v -1.390344 -0.208359 -0.969121
v -1.393074 -0.215592 -0.973439
v -1.395754 -0.223507 -0.830344
v -1.395754 -0.223507 -0.973439
v -1.400708 -0.238095 -0.973439
v -1.400708 -0.238095 -0.830344
v -1.403109 -0.245166 -0.830344
v -1.403109 -0.245166 -0.830344
v -1.403109 -0.245166 -0.973439
v -1.403109 -0.245166 -0.973439
v -1.150832 -0.256726 -0.798295
v -1.238115 -0.253680 -0.996281
v -1.238115 -0.253680 -0.807242
v -1.150832 -0.256726 -1.005208
v -2.049479 0.514788 0.280048
v 3.253356 0.220223 0.104779
v 1.870711 0.220224 0.242333
v 1.852676 0.256198 0.081544
v -1.629373 0.289574 1.217795
v 0.627211 0.245483 0.194249
v -1.369201 0.618818 0.094944
v -2.090770 0.575203 0.441042
v -2.347725 0.608093 0.171057
v 0.543962 -0.092823 0.121119
v 1.397477 -0.067122 0.103910
v 3.050263 0.220223 0.413054
v 2.808202 0.220223 0.644261
v 2.569397 0.220223 0.774518
v 2.377267 0.220223 0.774518
v 2.355407 0.220223 0.757181
v 2.149619 0.220223 0.326005
v 1.870711 0.161290 0.242333
v 0.905541 0.203036 0.306406
v 0.642313 0.210963 0.343644
v 0.310338 0.220223 0.386159
v 0.127792 0.230147 0.466418
v 0.029018 0.230147 0.540839
v -0.026160 0.230147 0.606872
v -0.069052 0.230147 0.702781
v -0.076087 0.230147 0.824972
v -0.047211 0.230147 0.970899
v 0.278864 0.211415 1.521321
v 0.032606 0.230147 1.118386
v 0.331692 0.204444 1.704593
v 0.302055 0.191821 1.793467
v 0.383333 0.187137 1.825827
v 0.506277 0.176045 1.895091
v 0.520304 0.151846 1.876901
v 0.961305 0.155995 2.028161
v 0.599713 0.137717 2.118383
v 0.233907 0.121286 2.190025
v -0.094993 0.115838 2.212597
v -0.460609 0.124562 2.178999
v 0.336485 0.206872 1.625169
v 0.416993 0.159218 1.804031
v 0.599713 0.103636 2.145648
v 0.233907 0.085943 2.216532
v 0.363113 0.160848 1.780653
v 0.961305 0.162558 1.976661
v 0.971215 0.142055 1.950977
v 0.375036 0.163101 1.707734
v 0.377317 0.167498 1.606323
v 0.312333 0.170011 1.500516
v 0.066980 0.176293 1.096676
v -0.007410 0.176293 0.964567
v -0.033572 0.176293 0.821353
v -0.024728 0.176293 0.716350
v 0.010023 0.176293 0.626773
v 0.055402 0.176293 0.572248
v 0.150406 0.176293 0.499083
v 0.319132 0.176293 0.421965
v 0.642313 0.176293 0.368771
v 0.904913 0.167491 0.330277
v -0.436509 0.191821 1.834105
v -0.532377 0.204444 1.704593
v -0.617455 0.206872 1.625169
v -1.090734 0.230147 1.163067
v -1.090734 0.230147 1.183959
v -0.728519 0.207414 1.521321
v -0.670651 0.245483 0.359808
v -0.481618 0.245483 0.372168
v -0.331481 0.245483 0.373986
v -0.139175 0.245483 0.347448
v 0.038589 0.245483 0.299099
v 0.214173 0.245483 0.225303
v 0.359874 0.245483 0.141110
v 0.433598 0.245483 0.046884
v -0.950707 0.235259 0.895314
v -0.810679 0.240371 0.627561
v -0.701069 0.295649 0.326980
v -1.129140 0.289574 1.163067
v -1.123539 0.290037 1.201561
v -0.843759 0.293315 0.598988
v -0.986449 0.291907 0.881027
v -0.471074 0.248469 1.824889
v -0.797307 0.272262 1.506636
v -0.634190 0.260366 1.659173
v -0.642440 0.344808 0.283181
v -0.492304 0.344808 0.284564
v -0.299998 0.344808 0.264372
v -0.122234 0.344808 0.227584
v 0.053350 0.344808 0.171433
v 0.199051 0.344808 0.107370
v 0.272774 0.344808 0.035674
v 1.852676 0.256200 0.132478
v 0.730466 0.333810 0.185478
v 1.530879 0.277973 0.147675
v 1.583348 0.274692 0.104311
v 1.542447 0.276950 0.071898
v 1.856964 0.317074 0.074730
v 1.592278 0.330311 0.095613
v 1.552818 0.331775 0.065880
v 1.859376 0.194895 0.212995
v 1.442945 0.198450 0.253777
v 1.387812 0.164391 0.286305
v 0.547329 0.220223 0.345557
v 0.288228 0.226260 0.349212
v 0.675365 0.286675 0.238507
v 0.675365 0.286675 0.190158
v 0.547329 0.220223 0.208490
v -1.629373 0.289574 1.151546
v -0.936791 0.243567 1.832050
v -1.296981 0.272262 1.506636
v -1.121203 0.260366 1.659173
v 3.050263 0.113831 0.413054
v 2.808202 0.113831 0.644261
v 2.569397 0.113831 0.774518
v 2.377267 0.113831 0.774518
v 2.355407 0.113831 0.757181
v 2.149619 0.113831 0.326005
v 3.253356 0.113831 0.104779
v 3.029022 0.048396 0.105882
v 3.029022 0.012347 0.105881
v 2.866639 0.048396 0.206847
v 2.866639 0.012347 0.206847
v 2.736411 0.048396 0.247684
v 2.736411 0.012347 0.247684
v 2.619688 0.048396 0.269871
v 2.619688 0.012347 0.269871
v 2.295887 0.048396 0.274052
v 2.295887 0.012347 0.274052
v 2.200579 0.048396 0.210706
v 2.186508 0.012348 0.201414
v 2.614087 -0.105316 0.018630
v 2.614087 -0.122440 0.018630
v 2.382341 -0.122440 0.018630
v 2.619688 -0.051706 0.235530
v 2.296392 -0.051706 0.240282
v 2.619688 -0.105316 0.186556
v 2.331226 -0.105316 0.200738
v 2.844806 -0.067708 0.088944
v 2.936914 -0.036290 0.097412
v 2.692006 -0.046484 0.225315
v 2.373758 -0.112089 0.018630
v 2.295572 -0.098303 0.142396
v 2.238247 -0.043038 0.176551
v 2.273884 0.048396 0.260316
v 2.273884 0.012347 0.260316
v 2.147825 0.220224 0.196031
v 2.636111 0.347464 0.103668
v 2.708132 0.220223 0.159872
v 2.580112 0.220223 0.207880
v 2.296068 0.220224 0.211880
v 2.131886 0.347463 0.112568
v 2.307221 0.347464 0.144994
v 2.568991 0.347463 0.134793
v 2.676726 0.347464 0.060362
v 1.868612 0.370915 0.033718
v 2.049262 0.394034 0.049796
v 2.243309 0.410391 0.062301
v 2.173109 0.409884 0.059454
v 1.862718 0.326904 0.039882
v 2.049262 0.340442 0.057798
v 2.173109 0.347463 0.067455
v 2.689067 0.220223 0.723324
v 2.689067 0.113831 0.723324
v 2.737457 0.220223 0.140193
v 2.756751 0.220223 0.094276
v 2.847652 0.196743 0.033908
v 3.244508 0.220380 0.086489
v 3.149577 0.220223 0.277674
v 3.149577 0.113831 0.277674
v 2.929233 0.220223 0.541841
v 2.929233 0.113831 0.541841
v 2.714797 0.327640 0.053055
v 2.773216 0.235299 0.088159
v 2.695323 0.330153 0.053055
v 2.660733 0.347464 0.087699
v 2.646657 0.389200 0.020395
v 2.532661 0.410391 0.045317
v 2.129017 0.347463 0.064028
v 1.856614 0.220224 0.179851
v 2.680588 0.347464 0.029927
v 2.547548 0.347464 0.054749
v 2.664734 0.347464 0.029927
v 2.543844 0.347464 0.126056
v 2.522081 0.347464 0.215422
v 2.492910 0.347464 0.281636
v 2.446606 0.347464 0.282562
v 2.233610 0.347464 0.072344
v 2.528216 0.410391 0.120884
v 2.506546 0.410391 0.214788
v 2.480430 0.410391 0.269241
v 2.453759 0.410391 0.270352
v 2.497905 0.410391 0.034728
v 2.478290 0.410391 0.065597
v 2.460283 0.410391 0.082639
v 2.424912 0.410391 0.097431
v 2.379574 0.410391 0.100003
v 2.329411 0.410391 0.090356
v 2.285359 0.410391 0.069456
v 2.251917 0.410391 0.034406
v 2.366042 0.435916 0.018453
v 2.383720 0.435916 0.035821
v 2.412563 0.435916 0.040163
v 2.441406 0.435916 0.036752
v 2.461565 0.435916 0.021865
v 2.440035 0.446190 0.018376
v 2.387563 0.446190 0.018376
v 2.413799 0.446190 0.022115
v 2.479526 0.429915 0.029463
v 2.461383 0.429915 0.053809
v 2.446651 0.429915 0.064664
v 2.419204 0.429915 0.073658
v 2.376094 0.429915 0.076450
v 2.333140 0.429915 0.061253
v 2.293752 0.429915 0.040939
v 2.281037 0.429915 0.020935
v 2.438106 0.347464 0.139894
v 2.541095 0.347464 0.137344
v 2.847652 0.133430 0.033908
v 3.244508 0.113727 0.086489
v 1.870711 0.113831 0.242333
v -1.180500 0.289574 0.719475
v -1.372531 0.289574 0.717874
v -1.142981 0.295649 0.296335
v -1.372531 0.289574 0.267267
v -1.411871 0.231164 0.717874
v -1.411871 0.231164 0.295405
v -1.672827 0.231164 1.217795
v -1.672827 0.231164 1.151546
v -0.992134 0.191356 1.832050
v -1.356191 0.212475 1.506636
v -1.176545 0.202129 1.659173
v -1.239709 0.231164 0.719475
v -1.655350 0.231080 1.247227
v -1.661163 0.231164 1.121884
v -1.417781 0.197961 1.713688
v -1.619350 0.208616 1.568086
v -1.220727 0.189626 1.852476
v -1.950389 0.231164 0.970075
v -1.851492 0.221131 1.396385
v -1.549249 0.231164 0.295405
v -1.563652 0.231164 0.586332
v -1.653614 0.231164 0.714814
v -1.831135 0.219504 1.416216
v -1.943526 0.231164 0.945214
v -1.594135 0.208172 0.577457
v -1.679467 0.208172 0.704009
v -1.977482 0.208172 0.938654
v -1.984731 0.208172 0.967760
v -1.882516 0.198448 1.409813
v -1.856602 0.196674 1.433348
v -1.274069 0.165188 1.857477
v -1.662424 0.186714 1.574724
v -1.468247 0.178363 1.716101
v -1.582691 0.208172 0.295405
v -1.594135 0.044666 0.577457
v -1.679467 0.044666 0.704009
v -1.977482 0.044666 0.938654
v -1.984731 0.044666 0.967760
v -1.882516 0.044666 1.409813
v -1.856602 0.044666 1.433348
v -1.274069 0.034483 1.857477
v -1.662424 0.041450 1.574724
v -1.468247 0.041182 1.716101
v -1.582691 0.044666 0.295405
v -1.907709 0.344807 0.185816
v 2.619688 0.113831 0.233498
v 2.295887 0.113831 0.237678
v 2.874971 0.113831 0.105882
v 2.715243 0.113831 0.210228
v 2.829516 0.113831 0.157780
v 2.874971 0.113831 0.048998
v 2.191404 0.113831 0.212136
v 0.998345 -0.014393 0.206985
v 2.110877 -0.014393 0.098638
v 2.212192 -0.014393 0.049319
v 0.984964 0.012348 0.230561
v 2.197969 0.012348 0.079599
v 2.109735 0.012348 0.123753
v 1.857151 -0.014393 0.090839
v 1.073251 -0.014393 0.150773
v 0.609952 -0.014393 0.198340
v 0.002778 -0.014393 0.277300
v 0.983481 -0.014393 0.182210
v 0.773725 -0.014393 0.197075
v 0.773725 -0.014393 0.217555
v 0.444722 -0.014393 0.257194
v 0.318538 -0.014393 0.280977
v 0.206888 -0.014393 0.317974
v 0.115719 -0.014393 0.361576
v -0.060014 -0.014393 0.477850
v -0.107580 -0.014393 0.540612
v 1.840110 -0.049314 0.066906
v 1.071585 -0.077401 0.131146
v 0.607017 -0.092053 0.178713
v 0.020361 -0.100322 0.255612
v 1.360519 -0.145583 0.056239
v 1.331080 -0.145583 0.080325
v 0.798891 -0.145583 0.118557
v 1.397477 -0.067122 0.051955
v 1.358098 -0.068335 0.096177
v 1.071046 -0.077403 0.116978
v 0.783993 -0.086471 0.137779
v 0.549697 -0.111044 0.118570
v 0.543962 -0.092823 0.186978
v 0.576536 -0.092428 0.152775
v 0.576536 -0.110650 0.147805
v 0.788838 -0.105696 0.131527
v 0.975024 0.012348 0.208769
v 0.790745 0.012348 0.218403
v 0.791510 0.012348 0.237902
v 0.443828 0.012348 0.286838
v 0.321058 0.012348 0.303905
v 0.215904 0.012348 0.341342
v 0.128368 0.012348 0.384835
v -0.040097 0.012348 0.496044
v -0.091848 0.012348 0.562109
v -0.026160 0.012348 0.606872
v 0.029018 0.012348 0.540839
v 0.127792 0.012348 0.466418
v 0.310338 0.012348 0.386159
v 0.642313 0.012348 0.343644
v 0.905541 0.012348 0.306406
v 1.442945 0.012348 0.253777
v 1.859376 0.012348 0.212995
v 0.010023 0.058678 0.626773
v 0.055402 0.058678 0.572248
v 0.150406 0.058678 0.499083
v 0.319132 0.058678 0.421965
v 0.642313 0.058678 0.368771
v 0.904913 0.058678 0.330277
v 1.387812 0.058678 0.286305
v 1.870711 0.058678 0.242333
v -0.568468 0.012348 0.562109
v -0.775860 0.012348 0.280703
v -1.583546 0.012348 0.280703
v -0.553758 -0.014393 0.540612
v -0.764955 -0.014393 0.263773
v -1.761328 -0.014393 0.263773
v 0.002778 -0.014393 0.203895
v -0.242672 -0.014393 0.203895
v -0.317454 -0.014393 0.131407
v 0.013789 -0.082572 0.189214
v -0.220650 -0.082572 0.189214
v -0.284320 -0.082572 0.124716
v -1.723249 -0.014393 0.245451
v -1.071846 -0.014393 0.245451
v -1.230586 -0.082573 0.194525
v -1.674691 -0.082573 0.194525
v -1.776708 0.006253 0.277048
v -1.799238 0.044666 0.295405
v -1.976980 0.006253 0.271083
v -2.007612 0.044666 0.277053
v -2.147788 0.231164 0.277053
v -1.948260 0.289575 0.225188
v -1.948260 0.231164 0.282406
v -1.660396 0.289574 0.246227
v -1.140463 0.344808 0.257215
v -1.393041 0.344808 0.236006
v -1.677964 0.344807 0.210933
v -0.792033 0.012348 0.312097
v -0.607473 0.012348 0.562109
v -1.559762 0.012348 0.311093
v -1.559762 0.012348 0.562109
v -1.524748 -0.045032 0.332234
v -1.524748 -0.045032 0.541000
v -0.649384 -0.045032 0.541000
v -0.799846 -0.045032 0.332234
v -1.907709 0.396070 0.121069
v -1.907709 0.344807 0.134964
v -1.130348 0.344807 0.084611
v -1.383968 0.344914 0.118229
v -1.658719 0.344807 0.132273
v -1.161325 0.399998 0.064357
v -1.387129 0.398565 0.096210
v -1.653365 0.397131 0.114585
v -1.187856 0.436693 0.053513
v -1.394640 0.436693 0.084564
v -1.648612 0.436693 0.099756
v -1.190068 0.437420 0.048746
v -1.397477 0.437420 0.079013
v -1.648535 0.437420 0.093669
v -1.190068 0.460322 0.048746
v -1.397477 0.460322 0.079013
v -1.648535 0.460322 0.093669
v 0.363113 0.058679 1.780653
v 0.375036 0.058679 1.707734
v 0.377317 0.058679 1.606323
v 0.312333 0.058679 1.500516
v 0.066980 0.058679 1.096676
v -0.007410 0.058679 0.964567
v -0.033572 0.058679 0.821353
v -0.024728 0.058679 0.716350
v -0.069052 0.012348 0.702781
v -0.076087 0.012348 0.824972
v -0.047211 0.012348 0.970899
v 0.032606 0.012348 1.118386
v 0.278864 0.012348 1.521321
v 0.336485 0.012348 1.625169
v 0.331692 0.012348 1.704593
v 0.302055 0.012348 1.793467
v -1.653614 0.012348 0.714814
v -1.369071 0.012348 0.826250
v -1.950389 0.012348 0.970075
v -1.943526 0.012348 0.945214
v 0.383333 0.009324 1.825827
v 0.520304 0.049676 1.876901
v -1.851492 0.012348 1.396385
v -1.831135 0.012348 1.416216
v -1.619350 0.012348 1.568086
v -1.417781 0.012348 1.713688
v -1.220727 0.012348 1.852476
v 0.416993 0.057048 1.804031
v 0.506277 0.002852 1.895091
v 0.971215 0.039886 1.950977
v 0.961305 -0.004770 1.976661
v 0.961305 -0.009583 2.028161
v 0.599713 -0.018013 2.118383
v 0.233907 -0.024708 2.190025
v 0.599713 0.013939 2.145648
v 0.233908 0.007548 2.216532
v -0.094993 0.083190 2.239105
v -0.094993 -0.024540 2.212597
v -0.094993 0.004795 2.239105
v -0.466835 0.090347 2.205842
v -0.460609 -0.020303 2.178999
v -0.466835 0.007746 2.205842
v -0.743100 0.136421 2.123945
v -0.744356 0.099752 2.164551
v -0.743100 -0.013819 2.123945
v -0.744355 0.013328 2.164551
v -1.026071 0.143338 2.090040
v -1.051971 0.106634 2.130647
v -1.051971 -0.011036 2.090040
v -1.051971 0.017152 2.130647
v -0.078641 0.012348 1.808220
v -0.459336 0.012348 1.822972
v -0.840032 0.012348 1.837724
v -0.075565 0.012348 1.728036
v -0.856356 0.012348 1.752278
v -0.475898 0.012348 1.669429
v -0.558224 0.012348 0.970487
v -0.264510 0.012348 0.910918
v -0.523848 0.012348 1.262343
v -0.490589 0.012348 1.544703
v -0.857655 0.460322 0.066198
v -1.034975 0.460322 0.188948
v -1.246781 0.460322 0.299806
v -1.444582 0.460322 0.390844
v -1.647535 0.460322 0.474880
v -1.912282 0.460322 0.553982
v -2.049479 0.460322 0.577149
v -1.771100 0.460322 0.517734
v -2.049479 0.510789 0.559181
v -2.049479 0.562786 0.529741
v -2.049479 0.601016 0.495714
v -2.049479 0.616693 0.471628
v -2.090770 0.522380 0.441042
v -2.090770 0.522380 0.339390
v -2.090770 0.575203 0.339390
v -2.049479 0.593753 0.479933
v -2.049479 0.503831 0.479933
v -2.049479 0.503831 0.300499
v -2.049479 0.593753 0.300499
v -1.922302 0.616693 0.450156
v -1.689971 0.616693 0.380237
v -1.494527 0.616693 0.309216
v -1.315049 0.616693 0.226084
v -1.173007 0.616693 0.141299
v -1.051337 0.616693 0.058717
v -1.026232 0.617755 0.031341
v -1.810266 0.616693 0.424005
v -1.057555 0.510789 0.181624
v -1.094815 0.562786 0.168794
v -1.138499 0.601016 0.153212
v -0.895523 0.510789 0.065245
v -0.948073 0.562786 0.063834
v -1.002916 0.601016 0.060588
v -1.256049 0.510789 0.288257
v -1.274951 0.562786 0.268450
v -1.297982 0.601016 0.244514
v -1.452174 0.510789 0.378237
v -1.465425 0.562786 0.356912
v -1.482041 0.601016 0.329623
v -1.654627 0.510789 0.454889
v -1.666000 0.562786 0.433064
v -1.679362 0.601016 0.403898
v -1.914787 0.510789 0.533072
v -1.917292 0.562786 0.504822
v -1.919797 0.601016 0.476113
v -1.778292 0.510789 0.497972
v -1.787471 0.562786 0.474999
v -1.799709 0.601016 0.447438
v -1.222197 0.618818 0.028037
v -1.516205 0.618818 0.161851
v -1.966965 0.618818 0.101825
v -1.988375 0.618818 0.081180
v -1.741585 0.618818 0.131838
v -1.525376 0.709699 0.099405
v -1.226923 0.630815 0.022833
v -1.961856 0.630048 0.099405
v -1.982119 0.630048 0.078377
v -2.049479 0.616693 0.207424
v -1.743616 0.669874 0.099405
v -1.516638 0.630048 0.155160
v -1.739247 0.630048 0.127282
v -1.393888 0.674945 0.069615
v -1.374783 0.630431 0.089549
v -2.049479 0.608093 0.207424
v -2.049479 0.460322 0.322443
v -2.049479 0.396070 0.331536
v -1.798737 0.396070 0.322880
v -1.798737 0.396070 0.117980
v -1.746486 0.460322 0.322443
v -1.765110 0.437420 0.093669
v -1.746486 0.460322 0.093669
v -1.765702 0.436693 0.100419
v -2.347725 0.514788 0.234355
v -2.284880 0.460322 0.281151
v -2.212349 0.396070 0.337775
v -3.073502 0.608093 0.082559
v -3.073502 0.514788 0.144255
v -3.073502 0.608093 0.054647
v -3.133425 0.608093 0.008921
v -3.073502 0.514788 0.054647
v -3.133425 0.514788 0.008921
v 2.847652 0.220537 0.046226
v 2.847652 0.113884 0.046226
v 3.029450 0.184399 0.025959
v 3.029450 0.145773 0.025959
v 3.024287 0.196743 0.033908
v 3.024287 0.133430 0.033908
v 3.095457 0.178697 0.020794
v 3.095457 0.151476 0.020794
v -0.607473 0.012348 0.574955
v -1.369071 0.012348 0.574955
v -1.063044 -0.086157 0.976506
v -0.220099 -0.086157 0.976506
v -0.607473 -0.004857 0.574955
v -1.369071 -0.004857 0.574955
v -0.220099 -0.086157 0.827654
v -1.063044 -0.086157 0.827654
v -1.369071 -0.004721 0.952420
v -0.264510 -0.004721 0.952420
v -0.220099 -0.111008 0.976506
v -0.264510 0.012348 0.952420
v -1.369071 -0.004857 0.826250
v -1.369071 0.012348 0.952420
v -1.063044 -0.111009 0.976506
v -0.220099 -0.111008 0.827840
v -1.063044 -0.111009 0.827840
v -0.264510 -0.004721 0.910918
v -1.091685 -0.174037 2.051192
v -1.091685 -0.106107 1.922816
v -1.091685 -0.178131 2.011329
v -1.091685 -0.166659 1.972935
v -1.091685 -0.141367 1.941853
v -1.091018 0.206368 1.826600
v -1.091018 0.334743 1.894530
v -1.091018 0.246230 1.822506
v -1.091018 0.284624 1.833978
v -1.091018 0.315706 1.859269
v -1.091685 -0.034646 2.154895
v -1.091685 -0.163021 2.086965
v -1.091685 -0.074508 2.158989
v -1.091685 -0.112902 2.147517
v -1.091685 -0.143984 2.122226
v -1.091018 0.345759 1.930304
v -1.091018 0.277829 2.058679
v -1.091018 0.349853 1.970166
v -1.091018 0.338381 2.008560
v -1.091018 0.313090 2.039642
v -0.139991 -0.245598 2.073226
v 0.272625 -0.147445 2.043004
v -0.139991 -0.177668 1.944851
v 0.017910 -0.238127 2.070925
v 0.151773 -0.216850 2.064374
v -0.139991 -0.249692 2.033364
v 0.021867 -0.240965 2.029646
v 0.130790 -0.223113 2.026288
v 0.098233 -0.221563 2.003784
v 0.241216 -0.159011 2.005442
v 0.151773 -0.168816 1.973599
v 0.241216 -0.185007 2.054569
v 0.203310 -0.197804 2.016356
v 0.130790 -0.203828 1.989844
v -0.139991 -0.212929 1.963888
v -0.139991 -0.238221 1.994970
v 0.017910 -0.175368 1.952322
v 0.021867 -0.211094 1.973195
v 0.013655 -0.231692 1.998424
v -0.139991 0.347843 1.890497
v -0.139991 0.219467 1.822567
v 0.272625 0.249690 1.920720
v -0.139991 0.328805 1.855236
v -0.139991 0.297724 1.829944
v 0.017910 0.340371 1.892797
v 0.021867 0.319498 1.857071
v 0.013655 0.294269 1.836472
v 0.098233 0.288909 1.846602
v 0.017910 0.221768 1.830038
v 0.151773 0.228319 1.851315
v -0.139991 0.259329 1.818472
v 0.021867 0.263047 1.827200
v 0.130790 0.266405 1.845052
v 0.241216 0.287251 1.909154
v 0.151773 0.319094 1.899349
v 0.241216 0.238124 1.883158
v 0.203310 0.276337 1.870361
v 0.130790 0.302849 1.864336
v -0.139991 -0.234583 2.109000
v -0.139991 -0.106207 2.176930
v 0.272625 -0.136430 2.078777
v -0.139991 -0.215546 2.144261
v -0.139991 -0.184464 2.169552
v 0.017910 -0.227111 2.106699
v 0.021867 -0.206239 2.142425
v 0.013655 -0.181010 2.163024
v 0.098233 -0.175650 2.152894
v 0.017910 -0.108508 2.169458
v 0.151773 -0.115059 2.148181
v -0.139991 -0.146069 2.181024
v 0.021867 -0.149787 2.172297
v 0.130790 -0.153146 2.154444
v 0.241216 -0.173992 2.090343
v 0.151773 -0.205835 2.100148
v 0.241216 -0.124864 2.116338
v 0.203310 -0.163077 2.129135
v 0.130790 -0.189589 2.135160
v -0.139991 0.358858 1.926270
v 0.272625 0.260705 1.956493
v -0.139991 0.290928 2.054646
v 0.017910 0.351386 1.928571
v 0.151773 0.330110 1.935122
v -0.139991 0.362952 1.966132
v 0.021867 0.354225 1.969850
v 0.130790 0.336372 1.973208
v 0.098233 0.334823 1.995712
v 0.241216 0.272271 1.994054
v 0.151773 0.282076 2.025898
v 0.241216 0.298266 1.944927
v 0.203310 0.311063 1.983140
v 0.130790 0.317088 2.009652
v -0.139991 0.326189 2.035609
v -0.139991 0.351480 2.004527
v 0.017910 0.288627 2.047174
v 0.021867 0.324354 2.026301
v 0.013655 0.344952 2.001072
v -1.091685 -0.070376 2.038856
v 0.272625 0.062137 2.017635
v 0.241216 0.073703 2.055196
v 0.151773 0.083508 2.087039
v 0.017910 0.090060 2.108316
v -0.139991 0.092360 2.115788
v -0.139991 0.020899 1.883709
v 0.017910 0.023200 1.891180
v 0.151773 0.029751 1.912457
v 0.241216 0.039556 1.944300
v 0.272625 0.051122 1.981862
v -1.091685 -0.037012 1.901541
v -1.091685 0.034449 2.133620
v -1.091685 -0.001282 2.017580
v -1.720565 0.320643 1.967710
v -1.720621 0.318789 1.935118
v -1.720407 0.307270 1.999943
v -1.720170 0.280705 2.026909
v -1.719890 0.244993 2.044502
v -1.720621 0.309905 1.906268
v -1.720565 0.293105 1.878277
v -1.720407 0.263918 1.859149
v -1.720170 0.226786 1.851797
v -1.719890 0.187363 1.857339
v -1.720433 -0.005193 1.916630
v -2.608456 0.285942 1.959077
v -1.720433 0.023622 2.010211
v -1.720433 0.052437 2.103793
v -0.456931 -0.228722 2.107195
v -0.770994 -0.205980 2.100193
v -0.770994 -0.186943 2.135453
v -0.456931 -0.209685 2.142456
v -0.770994 -0.155861 2.160745
v -0.456931 -0.178603 2.167747
v -0.770994 -0.117467 2.172217
v -0.456931 -0.140208 2.179219
v -0.770994 -0.077605 2.168123
v -0.456931 -0.100346 2.175125
v -0.770994 -0.216995 2.064419
v -0.456931 -0.239737 2.071422
v -0.456931 -0.243831 2.031559
v -0.770994 -0.221090 2.024557
v -0.456931 -0.232360 1.993165
v -0.770994 -0.209618 1.986162
v -0.456931 -0.207068 1.962083
v -0.770994 -0.184326 1.955081
v -0.456931 -0.171807 1.943046
v -0.770994 -0.149065 1.936044
v -1.927961 0.311730 1.963933
v -1.928007 0.311197 1.935666
v -1.927813 0.297236 1.992494
v -1.927584 0.269919 2.017000
v -1.927309 0.233940 2.033721
v -1.927997 0.303571 1.910933
v -1.927933 0.288091 1.887263
v -1.927768 0.260021 1.871794
v -1.927528 0.223633 1.866880
v -1.927250 0.184469 1.873270
v -1.927972 0.010028 1.926555
v -1.928002 0.034763 2.006781
v -1.928032 0.059499 2.087006
v -2.608456 0.283416 1.940201
v -2.608456 0.282078 1.976928
v -2.608456 0.272415 1.991036
v -2.608456 0.258422 1.999254
v -2.608456 0.278152 1.923104
v -2.608456 0.269622 1.906077
v -2.608456 0.256387 1.893491
v -2.608456 0.240461 1.887262
v -2.608456 0.224269 1.888339
v -2.608456 0.241346 1.943797
v -2.110245 0.203815 1.954235
v -1.984960 0.063177 2.080823
v -1.984893 0.039801 2.005155
v -1.984827 0.016425 1.929488
v -2.110180 0.181000 1.880386
v -2.110310 0.226629 2.028085
v 1.082275 0.138613 1.993235
v 1.082275 0.115122 1.965546
v 1.082275 0.137468 1.983282
v 1.082275 0.132602 1.974526
v 1.082275 0.124755 1.968298
v 1.082275 0.055867 1.960686
v 1.082275 0.028179 1.984176
v 1.087969 0.047481 1.971951
v 1.082275 0.045915 1.961831
v 1.082275 0.037158 1.966697
v 1.082275 0.030930 1.974543
v 1.082275 0.109810 2.030311
v 1.082275 0.137498 2.006821
v 1.087969 0.118196 2.019046
v 1.082275 0.119763 2.029166
v 1.082275 0.128519 2.024300
v 1.082275 0.134747 2.016454
v 1.082275 0.027064 1.997762
v 1.082275 0.050555 2.025450
v 1.087969 0.044116 2.012970
v 1.082275 0.028209 2.007715
v 1.082275 0.033075 2.016471
v 1.082275 0.040922 2.022699
v 1.011606 0.115122 1.965546
v 1.011606 0.138613 1.993235
v 0.988368 0.150804 1.971811
v 0.987883 0.139058 1.958287
v 1.011606 0.124755 1.968298
v 1.011606 0.132602 1.974526
v 1.011606 0.137468 1.983282
v 1.011606 0.028179 1.984176
v 1.011606 0.055867 1.960686
v 0.987037 0.039139 1.954245
v 0.991400 0.016613 1.971227
v 1.011606 0.030930 1.974543
v 1.011606 0.037158 1.966697
v 1.011606 0.045915 1.961831
v 1.011606 0.137498 2.006821
v 1.011606 0.109810 2.030311
v 0.986917 0.128116 2.038370
v 0.987917 0.145099 2.030409
v 1.011606 0.134747 2.016454
v 1.011606 0.128519 2.024300
v 1.011606 0.119763 2.029166
v 1.011606 0.050555 2.025450
v 1.011606 0.027064 1.997762
v 0.990795 0.012620 2.020141
v 0.987001 0.025962 2.030450
v 1.011606 0.040922 2.022699
v 1.011606 0.033075 2.016471
v 1.011606 0.028209 2.007715
v 1.088849 0.118786 2.011230
v 1.088849 0.110373 2.018371
v 1.088849 0.117950 2.014158
v 1.088849 0.116058 2.016543
v 1.088849 0.113397 2.018023
v 1.088849 0.113723 1.977418
v 1.088849 0.120868 1.985849
v 1.087969 0.121561 1.978027
v 1.088849 0.116653 1.978255
v 1.088849 0.119040 1.980152
v 1.088849 0.120520 1.982818
v 1.088849 0.046891 1.979767
v 1.088849 0.055304 1.972626
v 1.088849 0.047727 1.976839
v 1.088849 0.049620 1.974453
v 1.088849 0.052280 1.972974
v 1.088849 0.051955 2.013579
v 1.088849 0.044809 2.005148
v 1.088849 0.049024 2.012742
v 1.088849 0.046637 2.010845
v 1.088849 0.045157 2.008179
v 1.181357 0.101092 2.004972
v 1.181357 0.109528 1.997691
v 1.181357 0.104120 2.004624
v 1.181357 0.106785 2.003142
v 1.181357 0.108680 2.000753
v 1.181357 0.102389 1.989125
v 1.181357 0.109191 1.994529
v 1.181357 0.107710 1.991861
v 1.181357 0.105321 1.989964
v 1.181357 0.064585 1.986025
v 1.181357 0.056149 1.993306
v 1.181357 0.061557 1.986373
v 1.181357 0.058892 1.987855
v 1.181357 0.056997 1.990244
v 1.181357 0.063288 2.001872
v 1.181357 0.056487 1.996468
v 1.181357 0.057967 1.999136
v 1.181357 0.060356 2.001034
v 1.139860 0.118862 2.008721
v 1.139860 0.110364 2.015927
v 1.139860 0.117996 2.011653
v 1.139860 0.116077 2.014052
v 1.139860 0.113397 2.015553
v 1.139860 0.113713 1.979349
v 1.139860 0.120792 1.987710
v 1.139860 0.116641 1.980160
v 1.139860 0.119015 1.982034
v 1.139860 0.120472 1.984685
v 1.139860 0.046815 1.982276
v 1.139860 0.055313 1.975070
v 1.139860 0.047681 1.979344
v 1.139860 0.049600 1.976945
v 1.139860 0.052280 1.975444
v 1.139860 0.051964 2.011648
v 1.139860 0.044886 2.003287
v 1.139860 0.049036 2.010837
v 1.139860 0.046663 2.008963
v 1.139860 0.045205 2.006312
v -1.136349 0.000656 1.971258
v -1.163020 0.025817 1.994062
v 0.072719 -0.111008 0.827840
v 0.072719 -0.171473 0.787351
v 0.233396 -0.171473 0.857130
v 0.072719 -0.115611 0.819524
v 0.072719 -0.128718 0.805287
v 0.134207 -0.115611 0.827840
v 0.135748 -0.121166 0.819358
v 0.132550 -0.131793 0.806709
v 0.165486 -0.136563 0.808917
v 0.134207 -0.171473 0.790156
v 0.186335 -0.171473 0.798142
v 0.072719 -0.148334 0.794296
v 0.135748 -0.147754 0.797309
v 0.178163 -0.148957 0.803072
v 0.221165 -0.148334 0.848164
v 0.186335 -0.128718 0.837744
v 0.221165 -0.171473 0.823937
v 0.206404 -0.147754 0.820539
v 0.178163 -0.131793 0.817083
v 0.072719 -0.111008 0.976506
v 0.233396 -0.171473 0.947229
v 0.072719 -0.171473 1.016123
v 0.134207 -0.115611 0.976506
v 0.186335 -0.128718 0.966602
v 0.072719 -0.115611 0.984961
v 0.135748 -0.121166 0.985118
v 0.178164 -0.131793 0.987503
v 0.165486 -0.136563 0.995373
v 0.221165 -0.171473 0.980676
v 0.186335 -0.171473 1.005888
v 0.221165 -0.148334 0.956196
v 0.206404 -0.147754 0.984054
v 0.178164 -0.148957 1.001074
v 0.072719 -0.148334 1.009398
v 0.072719 -0.128718 0.998816
v 0.134207 -0.171473 1.013463
v 0.135748 -0.147754 1.006541
v 0.132550 -0.131793 0.997467
v 0.072719 -0.196201 0.787351
v 0.233396 -0.196201 0.857130
v 0.134207 -0.196201 0.790156
v 0.186335 -0.196201 0.798142
v 0.221165 -0.196201 0.823937
v 0.233396 -0.196201 0.947229
v 0.072719 -0.196201 1.016123
v 0.221165 -0.196201 0.980676
v 0.186335 -0.196201 1.005888
v 0.134207 -0.196201 1.013463
v 0.072719 -0.240594 0.787351
v 0.233396 -0.240594 0.857132
v 0.134207 -0.240594 0.790156
v 0.186335 -0.240594 0.798142
v 0.221165 -0.240594 0.823939
v 0.233396 -0.240594 0.947231
v 0.072719 -0.240594 1.016123
v 0.221165 -0.240594 0.980678
v 0.186335 -0.240594 1.005888
v 0.134207 -0.240594 1.013463
v 0.072719 -0.268352 0.787351
v 0.233396 -0.268353 0.857132
v 0.134207 -0.268352 0.790156
v 0.186335 -0.268352 0.798142
v 0.221165 -0.268352 0.823939
v 0.233396 -0.268352 0.947231
v 0.072719 -0.268352 1.016123
v 0.221165 -0.268352 0.980678
v 0.186335 -0.268352 1.005888
v 0.134207 -0.268352 1.013463
v -0.191664 -0.111008 0.976506
v -0.191664 -0.115611 0.984961
v -0.191664 -0.128718 0.998816
v -0.191664 -0.148334 1.009398
v -0.191664 -0.171473 1.016123
v -0.191664 -0.111008 0.827840
v -0.191664 -0.115611 0.819524
v -0.191664 -0.128718 0.805287
v -0.191664 -0.148334 0.794296
v -0.191664 -0.171473 0.787351
v -0.191664 -0.196201 1.027677
v -0.191664 -0.196201 0.787351
v -0.191664 -0.240594 1.027677
v -0.191664 -0.240594 0.787351
v -0.191664 -0.268352 1.016123
v -0.191664 -0.268352 0.787351
v 0.189173 -0.240594 0.786884
v 0.228655 -0.240594 0.818906
v 0.135376 -0.240594 0.778643
v 0.072989 -0.196201 0.775798
v 0.135376 -0.196201 0.778643
v 0.189173 -0.196201 0.786884
v 0.228655 -0.196201 0.818906
v 0.245091 -0.196201 0.855969
v 0.245091 -0.196201 0.948327
v 0.228645 -0.196201 0.985807
v 0.189035 -0.196201 1.017173
v 0.135317 -0.196201 1.024980
v 0.072975 -0.196201 1.027677
v -0.191664 -0.196201 0.775798
v 0.245091 -0.240594 0.855969
v 0.072989 -0.240594 0.775798
v 0.245091 -0.240594 0.948327
v 0.228645 -0.240594 0.985807
v 0.189035 -0.240594 1.017173
v 0.135317 -0.240594 1.024980
v 0.072975 -0.240594 1.027677
v -0.191664 -0.240594 0.775798
v -0.191664 -0.196201 1.016123
v -0.191664 -0.240594 1.016123
v 0.072719 -0.268353 0.793193
v 0.233396 -0.268353 0.859419
v 0.134207 -0.268353 0.795855
v 0.186335 -0.268353 0.803434
v 0.221165 -0.268353 0.827917
v 0.233396 -0.268353 0.944927
v 0.072719 -0.268353 1.010309
v 0.221165 -0.268353 0.976670
v 0.186335 -0.268353 1.000595
v 0.134207 -0.268353 1.007784
v 0.055460 -0.310561 0.794596
v 0.187386 -0.310561 0.859929
v 0.103019 -0.310561 0.797126
v 0.138164 -0.310561 0.804614
v 0.171736 -0.310561 0.828804
v 0.187386 -0.310561 0.944413
v 0.055460 -0.310561 1.008907
v 0.171736 -0.310561 0.975776
v 0.138164 -0.310561 0.999414
v 0.103019 -0.310561 1.006518
v 0.025406 -0.384052 0.800532
v 0.010380 -0.420798 0.815070
v -0.026842 -0.272325 0.793193
v -0.108775 -0.292436 0.793193
v -0.160914 -0.332161 0.795803
v -0.191453 -0.388025 0.800532
v -0.196418 -0.424770 0.815070
v 0.048250 -0.328189 0.795803
v -0.160914 -0.332161 1.007699
v -0.191453 -0.388025 1.002970
v -0.196418 -0.424770 0.988433
v 0.064495 -0.288464 0.793193
v 0.064495 -0.288464 1.010309
v 0.048250 -0.328189 1.007699
v 0.025406 -0.384052 1.002970
v 0.010380 -0.420798 0.988433
v 0.010380 -0.435198 0.832544
v 0.010380 -0.435198 0.970958
v -0.151997 -0.461516 0.827463
v -0.151997 -0.461516 0.976040
v 0.073691 -0.435198 0.899148
v 0.033805 -0.435198 0.839696
v 0.063325 -0.435198 0.866973
v 0.073691 -0.435198 0.904354
v 0.063325 -0.435198 0.936529
v 0.033805 -0.435198 0.963807
v 0.073691 -0.461516 0.899520
v -0.107158 -0.461516 0.827463
v 0.059925 -0.461516 0.871945
v 0.020722 -0.461516 0.848568
v -0.037950 -0.461516 0.832948
v -0.107158 -0.461516 0.976040
v 0.073691 -0.461516 0.903982
v -0.037950 -0.461516 0.970555
v 0.020722 -0.461516 0.954934
v 0.059925 -0.461516 0.931557
v 0.228532 -0.371792 0.872855
v 0.228532 -0.365906 0.873434
v 0.228532 -0.360247 0.875151
v 0.228532 -0.355031 0.877939
v 0.228532 -0.350459 0.881691
v 0.228532 -0.346707 0.886263
v 0.228532 -0.343919 0.891479
v 0.228532 -0.342202 0.897139
v 0.228532 -0.341623 0.903024
v 0.228532 -0.342202 0.908910
v 0.228532 -0.343919 0.914570
v 0.228532 -0.346707 0.919786
v 0.228532 -0.350459 0.924358
v 0.228532 -0.355031 0.928110
v 0.228532 -0.360247 0.930898
v 0.228532 -0.365906 0.932615
v 0.228532 -0.371792 0.933194
v 0.228532 -0.377678 0.932615
v 0.228532 -0.383338 0.930898
v 0.228532 -0.388554 0.928110
v 0.228532 -0.393126 0.924358
v 0.228532 -0.396878 0.919786
v 0.228532 -0.399666 0.914570
v 0.228532 -0.401382 0.908910
v 0.228532 -0.401962 0.903024
v 0.228532 -0.401382 0.897139
v 0.228532 -0.399666 0.891479
v 0.228532 -0.396878 0.886263
v 0.228532 -0.393126 0.881691
v 0.228532 -0.388554 0.877939
v 0.228532 -0.383338 0.875151
v 0.228532 -0.377678 0.873434
v 0.214529 -0.371792 0.872855
v 0.214529 -0.365906 0.873434
v 0.214529 -0.360247 0.875151
v 0.214529 -0.355031 0.877939
v 0.214529 -0.350459 0.881691
v 0.214529 -0.346707 0.886263
v 0.214529 -0.343919 0.891479
v 0.214529 -0.342202 0.897139
v 0.214529 -0.341623 0.903024
v 0.214529 -0.342202 0.908910
v 0.214529 -0.343919 0.914570
v 0.214529 -0.346707 0.919786
v 0.214529 -0.350459 0.924358
v 0.214529 -0.355031 0.928110
v 0.214529 -0.360247 0.930898
v 0.214529 -0.365906 0.932615
v 0.214529 -0.371792 0.933194
v 0.214529 -0.377678 0.932615
v 0.214529 -0.383338 0.930898
v 0.214529 -0.388554 0.928110
v 0.214529 -0.393126 0.924358
v 0.214529 -0.396878 0.919786
v 0.214529 -0.399666 0.914570
v 0.214529 -0.401382 0.908910
v 0.214529 -0.401962 0.903024
v 0.214529 -0.401382 0.897139
v 0.214529 -0.399666 0.891479
v 0.214529 -0.396878 0.886263
v 0.214529 -0.393126 0.881691
v 0.214529 -0.388554 0.877939
v 0.214529 -0.383338 0.875151
v 0.214529 -0.377678 0.873434
v 0.214529 -0.371792 0.866971
v 0.214529 -0.364475 0.867663
v 0.214529 -0.357438 0.869715
v 0.214529 -0.350953 0.873047
v 0.214529 -0.345269 0.877531
v 0.214529 -0.340604 0.882994
v 0.214529 -0.337138 0.889227
v 0.214529 -0.335003 0.895991
v 0.214529 -0.334282 0.903024
v 0.214529 -0.335003 0.910058
v 0.214529 -0.337138 0.916822
v 0.214529 -0.340604 0.923055
v 0.214529 -0.345269 0.928518
v 0.214529 -0.350953 0.933002
v 0.214529 -0.357438 0.936334
v 0.214529 -0.364475 0.938385
v 0.214529 -0.371792 0.939078
v 0.214529 -0.379110 0.938385
v 0.214529 -0.386147 0.936334
v 0.214529 -0.392632 0.933002
v 0.214529 -0.398316 0.928518
v 0.214529 -0.402981 0.923055
v 0.214529 -0.406447 0.916822
v 0.214529 -0.408581 0.910058
v 0.214529 -0.409302 0.903024
v 0.214529 -0.408581 0.895991
v 0.214529 -0.406447 0.889227
v 0.214529 -0.402981 0.882994
v 0.214529 -0.398316 0.877531
v 0.214529 -0.392632 0.873047
v 0.214529 -0.386147 0.869715
v 0.214529 -0.379110 0.867663
v 0.094319 -0.371792 0.861173
v 0.094319 -0.363248 0.861977
v 0.094319 -0.355033 0.864358
v 0.094319 -0.347461 0.868226
v 0.094319 -0.340825 0.873431
v 0.094319 -0.335379 0.879773
v 0.094319 -0.331332 0.887008
v 0.094319 -0.328839 0.894860
v 0.094319 -0.327998 0.903024
v 0.094319 -0.328839 0.911189
v 0.094319 -0.331332 0.919040
v 0.094319 -0.335379 0.926276
v 0.094319 -0.340825 0.932618
v 0.094319 -0.347461 0.937823
v 0.094319 -0.355033 0.941690
v 0.094319 -0.363248 0.944072
v 0.094319 -0.371792 0.944876
v 0.094319 -0.380336 0.944072
v 0.094319 -0.388552 0.941690
v 0.094319 -0.396123 0.937823
v 0.094319 -0.402760 0.932618
v 0.094319 -0.408206 0.926276
v 0.094319 -0.412253 0.919040
v 0.094319 -0.414745 0.911189
v 0.094319 -0.415587 0.903024
v 0.094319 -0.414745 0.894860
v 0.094319 -0.412253 0.887008
v 0.094319 -0.408206 0.879773
v 0.094319 -0.402760 0.873431
v 0.094319 -0.396123 0.868226
v 0.094319 -0.388552 0.864358
v 0.094319 -0.380336 0.861977
v 0.228532 -0.371792 0.903024
v 0.028110 -0.371792 0.804667
v 0.033641 -0.358805 0.806557
v 0.038958 -0.346317 0.812154
v 0.043859 -0.334808 0.821243
v 0.048154 -0.324720 0.833475
v 0.051680 -0.316441 0.848380
v 0.054299 -0.310290 0.865385
v 0.055912 -0.306501 0.883836
v 0.056457 -0.305222 0.903025
v 0.055912 -0.306501 0.922213
v 0.054299 -0.310290 0.940664
v 0.051680 -0.316441 0.957669
v 0.048154 -0.324720 0.972574
v 0.043859 -0.334808 0.984806
v 0.038958 -0.346317 0.993895
v 0.033641 -0.358805 0.999492
v 0.028110 -0.371792 1.001382
v 0.022580 -0.384779 0.999492
v 0.017263 -0.397268 0.993895
v 0.012362 -0.408777 0.984806
v 0.008067 -0.418865 0.972574
v 0.004541 -0.427143 0.957669
v 0.001922 -0.433295 0.940664
v 0.000309 -0.437083 0.922213
v -0.000236 -0.438363 0.903025
v 0.000309 -0.437083 0.883836
v 0.001922 -0.433295 0.865385
v 0.004541 -0.427143 0.848380
v 0.008067 -0.418865 0.833475
v 0.012362 -0.408777 0.821243
v 0.017263 -0.397268 0.812154
v 0.022580 -0.384779 0.806557
v -0.026842 -0.272325 0.787353
v -0.108775 -0.292436 0.787353
v -0.160914 -0.332161 0.787353
v -0.191453 -0.388025 0.787353
v -0.108775 -0.292436 1.016122
v -0.056240 -0.287802 0.993119
v -0.056240 -0.287802 0.813394
v -0.025533 -0.293910 0.993119
v -0.025533 -0.293910 0.813394
v 0.000499 -0.311304 0.993119
v 0.000499 -0.311304 0.813394
v 0.017893 -0.337336 0.993119
v 0.017893 -0.337336 0.813394
v 0.024001 -0.368043 0.993119
v 0.024001 -0.368043 0.813394
v 0.017893 -0.398750 0.993119
v 0.017893 -0.398750 0.813394
v 0.000499 -0.424782 0.993119
v 0.000499 -0.424782 0.813394
v -0.025533 -0.442176 0.993119
v -0.025533 -0.442176 0.813394
v -0.056240 -0.448284 0.993119
v -0.056240 -0.448284 0.813394
v -0.086947 -0.442176 0.993119
v -0.086947 -0.442176 0.813394
v -0.112979 -0.424782 0.993119
v -0.112979 -0.424782 0.813394
v -0.130373 -0.398750 0.993119
v -0.130373 -0.398750 0.813394
v -0.136481 -0.368043 0.993119
v -0.136481 -0.368043 0.813394
v -0.130373 -0.337336 0.993119
v -0.130373 -0.337336 0.813394
v -0.112979 -0.311304 0.993119
v -0.112979 -0.311304 0.813394
v -0.086947 -0.293910 0.993119
v -0.086947 -0.293910 0.813394
v -0.056240 -0.316898 0.771434
v -0.036668 -0.320792 0.771434
v -0.020075 -0.331878 0.771434
v -0.008988 -0.348471 0.771434
v -0.005095 -0.368043 0.771434
v -0.008988 -0.387616 0.771434
v -0.020075 -0.404208 0.771434
v -0.036668 -0.415295 0.771434
v -0.056240 -0.419188 0.771434
v -0.075812 -0.415295 0.771434
v -0.092405 -0.404208 0.771434
v -0.103492 -0.387616 0.771434
v -0.107385 -0.368043 0.771434
v -0.103492 -0.348471 0.771434
v -0.092405 -0.331878 0.771434
v -0.075812 -0.320792 0.771434
v -0.056240 -0.316898 1.032099
v -0.036668 -0.320792 1.032099
v -0.020075 -0.331878 1.032099
v -0.008988 -0.348471 1.032099
v -0.005095 -0.368043 1.032099
v -0.008988 -0.387616 1.032099
v -0.020075 -0.404208 1.032099
v -0.036668 -0.415295 1.032099
v -0.056240 -0.419188 1.032099
v -0.075812 -0.415295 1.032099
v -0.092405 -0.404208 1.032099
v -0.103492 -0.387616 1.032099
v -0.107385 -0.368043 1.032099
v -0.103492 -0.348471 1.032099
v -0.092405 -0.331878 1.032099
v -0.075812 -0.320792 1.032099
v -0.056240 -0.368043 0.771434
v -0.056240 -0.368043 1.032099
v -0.026842 -0.272326 1.010308
v -0.108775 -0.292437 1.010308
v -0.026842 -0.272325 1.016122
v -1.352620 -0.370344 1.004132
v -0.202281 -0.452530 0.817544
v -1.395288 -0.370344 0.984150
v -1.120412 -0.413559 1.006175
v -1.120412 -0.413559 0.797300
v -1.137342 -0.327128 1.016123
v -1.137342 -0.327129 0.787353
v -1.423799 -0.370344 0.954245
v -1.433810 -0.370344 0.918970
v -1.079296 -0.418922 0.801783
v -1.079296 -0.418922 1.001691
v -1.039611 -0.435726 0.984036
v -1.039611 -0.435726 0.819439
v -1.021019 -0.471479 0.853045
v -1.021019 -0.471479 0.950428
v -0.818659 -0.483277 0.950428
v -0.818659 -0.483277 0.853045
v -0.531564 -0.483277 0.853045
v -0.531564 -0.483277 0.950428
v -0.351012 -0.468261 0.961597
v -0.351012 -0.468261 0.841877
v -0.160914 -0.332161 1.016122
v -0.191453 -0.388025 1.016122
v -0.202281 -0.452530 0.985930
v -1.193702 -0.413559 0.797300
v -1.325224 -0.413559 0.889478
v -1.244034 -0.413559 0.804316
v -1.286703 -0.413559 0.824298
v -1.315213 -0.413559 0.854203
v -1.325224 -0.413559 0.913996
v -1.193702 -0.413559 1.006175
v -1.315213 -0.413559 0.949271
v -1.286703 -0.413559 0.979176
v -1.244034 -0.413559 0.999158
v -1.372639 -0.327129 1.016123
v -1.504161 -0.327129 0.923944
v -1.422970 -0.327129 1.009106
v -1.465639 -0.327129 0.989124
v -1.494149 -0.327129 0.959220
v -1.504161 -0.327129 0.879531
v -1.372639 -0.327129 0.787353
v -1.494149 -0.327129 0.844256
v -1.465639 -0.327129 0.814351
v -1.422971 -0.327129 0.794369
v -1.302289 -0.370344 1.011149
v -1.302289 -0.370344 0.792326
v -1.352620 -0.370344 0.799343
v -1.395289 -0.370344 0.819325
v -1.423799 -0.370344 0.849229
v -1.433810 -0.370344 0.884504
v -0.191558 -0.327128 0.787352
v -0.191558 -0.327128 1.016122
v -1.009408 -0.410073 0.802008
v -0.835027 -0.403810 0.800040
v -0.498188 -0.399979 0.798548
v -0.321366 -0.394272 0.793489
v -1.009408 -0.410073 1.001466
v -0.835027 -0.403810 1.003434
v -0.498188 -0.399979 1.004926
v -0.321366 -0.394272 1.009986
v 0.010380 -0.435198 0.901751
v -0.996807 -0.171473 0.787351
v -0.975177 -0.148334 0.794296
v -0.956840 -0.128718 0.805287
v -0.944587 -0.115611 0.819524
v -0.940285 -0.111008 0.827840
v -0.940285 -0.111008 0.976506
v -0.944587 -0.115611 0.984961
v -0.956840 -0.128718 0.998816
v -0.975177 -0.148334 1.009398
v -0.996807 -0.171473 1.016123
v -1.019099 -0.196201 0.787351
v -1.019099 -0.196201 1.016123
v -1.059119 -0.240594 1.016123
v -1.059119 -0.240594 0.787351
v -1.106646 -0.293173 0.787353
v -1.106646 -0.293173 1.016123
v -1.393077 -0.215598 0.830344
v -1.386255 -0.197527 0.853911
v -1.390351 -0.208378 0.834795
v -1.388079 -0.202359 0.841724
v -1.386613 -0.198476 0.850388
v -1.386255 -0.197527 0.950485
v -1.393074 -0.215592 0.973439
v -1.386612 -0.198474 0.954061
v -1.388070 -0.202336 0.962446
v -1.390344 -0.208359 0.969121
v -1.395754 -0.223507 0.830344
v -1.400708 -0.238095 0.973439
v -1.395754 -0.223507 0.973439
v -1.400708 -0.238095 0.830344
v -1.403109 -0.245166 0.973439
v -1.403109 -0.245166 0.830344
v -0.996807 -0.171473 0.790579
v -0.975177 -0.148334 0.797329
v -0.957883 -0.131608 0.808009
v -0.945943 -0.119369 0.821845
v -0.941750 -0.115072 0.829927
v -0.941750 -0.115072 0.974404
v -0.945943 -0.119369 0.982621
v -0.957883 -0.131608 0.996085
v -0.975177 -0.148334 1.006369
v -0.996807 -0.171473 1.012905
v -1.019099 -0.196201 0.790579
v -1.019099 -0.196201 1.012905
v -1.056823 -0.238047 1.012905
v -1.056823 -0.238047 0.790579
v -1.104303 -0.290581 0.790581
v -1.104303 -0.290581 1.012905
v -1.196885 -0.186835 0.813049
v -1.205218 -0.199835 0.807242
v -1.189850 -0.175904 0.822164
v -1.183674 -0.166564 0.839581
v -1.185190 -0.168722 0.833776
v -1.185189 -0.168721 0.970603
v -1.183674 -0.166564 0.964705
v -1.189843 -0.175884 0.981873
v -1.205216 -0.199829 0.996281
v -1.196879 -0.186819 0.990653
v -1.213704 -0.213895 0.807242
v -1.213704 -0.213895 0.996281
v -1.229054 -0.239480 0.996281
v -1.229054 -0.239480 0.807242
v -1.238115 -0.253680 0.807242
v -1.238115 -0.253680 0.996281
v -1.120139 -0.174635 0.798294
v -1.100866 -0.127266 0.827365
v -1.099258 -0.123583 0.969999
v -1.112163 -0.154944 0.999087
v -1.127949 -0.195761 0.798294
v -1.141953 -0.233874 0.798294
v -1.150832 -0.256726 0.798295
v -1.112162 -0.154953 0.804612
v -1.105394 -0.138316 0.814570
v -1.099258 -0.123583 0.834314
v -1.100866 -0.127265 0.977062
v -1.105395 -0.138305 0.989497
v -1.120140 -0.174632 1.005208
v -1.127949 -0.195761 1.005208
v -1.141953 -0.233874 1.005208
v -1.150832 -0.256726 1.005208
v -2.052804 0.055337 0.857875
v -2.052804 0.188573 0.857875
v -2.052804 0.055337 1.171893
v -2.052804 0.188573 1.171893
v -1.939566 0.055337 0.777150
v -1.939566 0.188573 0.777150
v -1.939566 0.055337 1.171893
v -1.939566 0.188573 1.171893
v -1.652340 0.188573 1.171893
v -1.652340 0.055337 1.171893
v -1.652340 0.055337 0.777150
v -1.652340 0.188573 0.777150
v 1.856964 0.317074 0.074730
v 1.856964 0.317074 0.074730
v 1.856964 0.317074 0.074730
v 1.856964 0.317074 0.074730
v 1.856964 0.317074 0.074730
v 2.131886 0.347463 0.112568
v 2.243309 0.410391 0.062301
v 2.243309 0.410391 0.062301
v 2.233610 0.347464 0.072344
v 2.233610 0.347464 0.072344
v 0.675365 0.286675 0.190158
v 0.675365 0.286675 0.190158
v 0.675365 0.286675 0.190158
v 0.627211 0.245483 0.194249
v 0.627211 0.245483 0.194249
v 0.547329 0.220223 0.208490
v 0.547329 0.220223 0.208490
v 0.547329 0.220223 0.208490
v -2.049479 0.593753 0.479933
v -2.049479 0.593753 0.479933
v -2.049479 0.503831 0.479933
v -2.049479 0.503831 0.479933
v -3.073502 0.514788 0.054647
v -3.073502 0.514788 0.054647
v -3.073502 0.514788 0.144255
v -3.073502 0.514788 0.144255
v 0.576536 -0.110650 0.147805
v 0.788838 -0.105696 0.131527
v 0.788838 -0.105696 0.131527
v 0.543962 -0.092823 0.121119
v 3.149577 0.220223 0.277674
v 3.050263 0.220223 0.413054
v 2.929233 0.220223 0.541841
v 2.808202 0.220223 0.644261
v 2.689067 0.220223 0.723324
v 2.569397 0.220223 0.774518
v 2.377267 0.220223 0.774518
v 2.355407 0.220223 0.757181
v 2.149619 0.220223 0.326005
v 2.149619 0.220223 0.326005
v 2.847652 0.113884 0.046226
v 2.847652 0.113884 0.046226
v 2.874971 0.113831 0.048998
v 2.874971 0.113831 0.048998
v 2.874971 0.113831 0.048998
v 0.905541 0.203036 0.306406
v 0.642313 0.210963 0.343644
v 0.642313 0.210963 0.343644
v 0.310338 0.220223 0.386159
v 0.127792 0.230147 0.466418
v 0.029018 0.230147 0.540839
v -0.026160 0.230147 0.606872
v -0.069052 0.230147 0.702781
v -0.076087 0.230147 0.824972
v -0.047211 0.230147 0.970899
v 0.032606 0.230147 1.118386
v 0.278864 0.211415 1.521321
v 0.336485 0.206872 1.625169
v 0.331692 0.204444 1.704593
v 0.302055 0.191821 1.793467
v 0.302055 0.191821 1.793467
v 0.383333 0.187137 1.825827
v 0.506277 0.176045 1.895091
v 0.961305 0.155995 2.028161
v 0.599713 0.137717 2.118383
v 0.233907 0.121286 2.190025
v -0.094993 0.115838 2.212597
v -0.460609 0.124562 2.178999
v 1.181357 0.109191 1.994529
v 1.181357 0.109528 1.997691
v 0.961305 0.162558 1.976661
v 0.599713 0.103636 2.145648
v 0.233907 0.085943 2.216532
v 0.363113 0.160848 1.780653
v 0.363113 0.160848 1.780653
v 0.363113 0.160848 1.780653
v 0.416993 0.159218 1.804031
v 0.520304 0.151846 1.876901
v 0.971215 0.142055 1.950977
v 0.375036 0.163101 1.707734
v 0.377317 0.167498 1.606323
v 0.312333 0.170011 1.500516
v 0.066980 0.176293 1.096676
v 0.642313 0.176293 0.368771
v 0.904913 0.167491 0.330277
v 0.319132 0.176293 0.421965
v 0.150406 0.176293 0.499083
v 0.055402 0.176293 0.572248
v 0.010023 0.176293 0.626773
v -0.024728 0.176293 0.716350
v -0.033572 0.176293 0.821353
v -0.007410 0.176293 0.964567
v -1.090734 0.230147 1.163067
v -1.090734 0.230147 1.183959
v -0.728519 0.207414 1.521321
v -0.617455 0.206872 1.625169
v -0.532377 0.204444 1.704593
v -0.436509 0.191821 1.834105
v -0.436509 0.191821 1.834105
v -0.810679 0.240371 0.627561
v -0.670651 0.245483 0.359808
v -0.670651 0.245483 0.359808
v -0.481618 0.245483 0.372168
v -0.331481 0.245483 0.373986
v -0.139175 0.245483 0.347448
v 0.038589 0.245483 0.299099
v 0.214173 0.245483 0.225303
v 0.359874 0.245483 0.141110
v 0.433598 0.245483 0.046884
v -0.950707 0.235259 0.895314
v -0.701069 0.295649 0.326980
v -0.701069 0.295649 0.326980
v -1.129140 0.289574 1.163067
v -1.123539 0.290037 1.201561
v -0.986449 0.291907 0.881027
v -0.843759 0.293315 0.598988
v -0.471074 0.248469 1.824889
v -0.471074 0.248469 1.824889
v -0.634190 0.260366 1.659173
v -0.797307 0.272262 1.506636
v -0.642440 0.344808 0.283181
v -0.492304 0.344808 0.284564
v -0.299998 0.344808 0.264372
v -0.122234 0.344808 0.227584
v 0.053350 0.344808 0.171433
v 0.199051 0.344808 0.107370
v 0.272774 0.344808 0.035674
v 1.870711 0.161290 0.242333
v 1.870711 0.161290 0.242333
v 1.870711 0.161290 0.242333
v 1.859376 0.194895 0.212995
v 1.859376 0.194895 0.212995
v 0.730466 0.333810 0.185478
v 0.730466 0.333810 0.185478
v 1.530879 0.277973 0.147675
v 1.852676 0.256200 0.132478
v 1.852676 0.256200 0.132478
v 1.852676 0.256200 0.132478
v 1.852676 0.256198 0.081544
v 1.852676 0.256198 0.081544
v 1.583348 0.274692 0.104311
v 1.542447 0.276950 0.071898
v 1.592278 0.330311 0.095613
v 1.552818 0.331775 0.065880
v 1.387812 0.164391 0.286305
v 1.442945 0.198450 0.253777
v 0.675365 0.286675 0.238507
v 0.675365 0.286675 0.238507
v 0.547329 0.220223 0.345557
v 0.547329 0.220223 0.345557
v -1.629373 0.289574 1.151546
v -1.629373 0.289574 1.217795
v -1.296981 0.272262 1.506636
v -1.121203 0.260366 1.659173
v -0.936791 0.243567 1.832050
v -0.936791 0.243567 1.832050
v 2.929233 0.113831 0.541841
v 2.808202 0.113831 0.644261
v 2.689067 0.113831 0.723324
v 2.569397 0.113831 0.774518
v 2.377267 0.113831 0.774518
v 2.355407 0.113831 0.757181
v 2.149619 0.113831 0.326005
v 2.149619 0.113831 0.326005
v 3.253356 0.220223 0.104779
v 3.253356 0.220223 0.104779
v 3.253356 0.113831 0.104779
v 3.253356 0.113831 0.104779
v 3.149577 0.113831 0.277674
v 3.029022 0.012347 0.105881
v 3.029022 0.012347 0.105881
v 3.029022 0.012347 0.105881
v 3.029022 0.048396 0.105882
v 3.029022 0.048396 0.105882
v 3.029022 0.048396 0.105882
v 2.866639 0.048396 0.206847
v 2.866639 0.012347 0.206847
v 2.736411 0.048396 0.247684
v 2.736411 0.012347 0.247684
v 2.619688 0.048396 0.269871
v 2.619688 0.012347 0.269871
v 2.295887 0.012347 0.274052
v 2.295887 0.012347 0.274052
v 2.295887 0.012347 0.274052
v 2.295887 0.048396 0.274052
v 2.295887 0.048396 0.274052
v 2.295887 0.048396 0.274052
v 2.273884 0.048396 0.260316
v 2.200579 0.048396 0.210706
v 2.273884 0.012347 0.260316
v 2.614087 -0.122440 0.018630
v 2.614087 -0.122440 0.018630
v 2.614087 -0.105316 0.018630
v 2.614087 -0.105316 0.018630
v 2.382341 -0.122440 0.018630
v 2.382341 -0.122440 0.018630
v 2.296392 -0.051706 0.240282
v 2.331226 -0.105316 0.200738
v 2.331226 -0.105316 0.200738
v 2.619688 -0.105316 0.186556
v 2.844806 -0.067708 0.088944
v 2.844806 -0.067708 0.088944
v 2.936914 -0.036290 0.097412
v 2.373758 -0.112089 0.018630
v 2.373758 -0.112089 0.018630
v -0.091848 0.012348 0.562109
v -0.091848 0.012348 0.562109
v -0.568468 0.012348 0.562109
v -0.568468 0.012348 0.562109
v 2.186508 0.012348 0.201414
v 2.186508 0.012348 0.201414
v 2.708132 0.220223 0.159872
v 2.580112 0.220223 0.207880
v 2.296068 0.220224 0.211880
v 2.147825 0.220224 0.196031
v 1.856614 0.220224 0.179851
v 1.856614 0.220224 0.179851
v 1.856614 0.220224 0.179851
v 2.307221 0.347464 0.144994
v 2.307221 0.347464 0.144994
v 2.541095 0.347464 0.137344
v 2.541095 0.347464 0.137344
v 2.541095 0.347464 0.137344
v 2.568991 0.347463 0.134793
v 2.636111 0.347464 0.103668
v 2.660733 0.347464 0.087699
v 2.676726 0.347464 0.060362
v 2.664734 0.347464 0.029927
v 2.664734 0.347464 0.029927
v 2.547548 0.347464 0.054749
v 2.547548 0.347464 0.054749
v 1.868612 0.370915 0.033718
v 1.868612 0.370915 0.033718
v 2.049262 0.394034 0.049796
v 2.173109 0.409884 0.059454
v 1.862718 0.326904 0.039882
v 1.862718 0.326904 0.039882
v 1.862718 0.326904 0.039882
v 2.049262 0.340442 0.057798
v 2.129017 0.347463 0.064028
v 2.173109 0.347463 0.067455
v 1.870711 0.220224 0.242333
v 1.870711 0.220224 0.242333
v 2.737457 0.220223 0.140193
v 2.756751 0.220223 0.094276
v 2.756751 0.220223 0.094276
v 2.756751 0.220223 0.094276
v 3.244508 0.220380 0.086489
v 3.244508 0.220380 0.086489
v 2.847652 0.220537 0.046226
v 2.847652 0.220537 0.046226
v 3.050263 0.113831 0.413054
v 2.646657 0.389200 0.020395
v 2.646657 0.389200 0.020395
v 2.532661 0.410391 0.045317
v 2.532661 0.410391 0.045317
v 2.532661 0.410391 0.045317
v 2.714797 0.327640 0.053055
v 2.714797 0.327640 0.053055
v 2.773216 0.235299 0.088159
v 2.773216 0.235299 0.088159
v 2.695323 0.330153 0.053055
v 2.695323 0.330153 0.053055
v 2.680588 0.347464 0.029927
v 2.543844 0.347464 0.126056
v 2.522081 0.347464 0.215422
v 2.492910 0.347464 0.281636
v 2.492910 0.347464 0.281636
v 2.446606 0.347464 0.282562
v 2.446606 0.347464 0.282562
v 2.528216 0.410391 0.120884
v 2.506546 0.410391 0.214788
v 2.480430 0.410391 0.269241
v 2.480430 0.410391 0.269241
v 2.453759 0.410391 0.270352
v 2.453759 0.410391 0.270352
v 2.497905 0.410391 0.034728
v 2.478290 0.410391 0.065597
v 2.460283 0.410391 0.082639
v 2.424912 0.410391 0.097431
v 2.379574 0.410391 0.100003
v 2.329411 0.410391 0.090356
v 2.285359 0.410391 0.069456
v 2.251917 0.410391 0.034406
v 2.366042 0.435916 0.018453
v 2.383720 0.435916 0.035821
v 2.412563 0.435916 0.040163
v 2.441406 0.435916 0.036752
v 2.461565 0.435916 0.021865
v 2.438106 0.347464 0.139894
v 3.244508 0.113727 0.086489
v 3.244508 0.113727 0.086489
v 1.870711 0.113831 0.242333
v 1.870711 0.113831 0.242333
v -1.180500 0.289574 0.719475
v -1.180500 0.289574 0.719475
v -1.372531 0.289574 0.717874
v -1.372531 0.289574 0.717874
v -1.142981 0.295649 0.296335
v -1.372531 0.289574 0.267267
v -1.372531 0.289574 0.267267
v -1.372531 0.289574 0.267267
v -1.411871 0.231164 0.717874
v -1.411871 0.231164 0.717874
v -1.411871 0.231164 0.295405
v -1.411871 0.231164 0.295405
v -1.672827 0.231164 1.151546
v -1.672827 0.231164 1.217795
v -1.356191 0.212475 1.506636
v -1.176545 0.202129 1.659173
v -0.992134 0.191356 1.832050
v -0.992134 0.191356 1.832050
v -1.655350 0.231080 1.247227
v -1.661163 0.231164 1.121884
v -1.239709 0.231164 0.719475
v -1.239709 0.231164 0.719475
v -1.549249 0.231164 0.295405
v -1.549249 0.231164 0.295405
v -1.549249 0.231164 0.295405
v -1.950389 0.231164 0.970075
v -1.943526 0.231164 0.945214
v -1.851492 0.221131 1.396385
v -1.831135 0.219504 1.416216
v -1.653614 0.231164 0.714814
v -1.653614 0.231164 0.714814
v -1.563652 0.231164 0.586332
v -1.619350 0.208616 1.568086
v -1.417781 0.197961 1.713688
v -1.220727 0.189626 1.852476
v -1.977482 0.208172 0.938654
v -1.984731 0.208172 0.967760
v -1.594135 0.208172 0.577457
v -1.679467 0.208172 0.704009
v -1.882516 0.198448 1.409813
v -1.856602 0.196674 1.433348
v -1.468247 0.178363 1.716101
v -1.274069 0.165188 1.857477
v -1.662424 0.186714 1.574724
v -1.582691 0.208172 0.295405
v -1.582691 0.208172 0.295405
v -1.977482 0.044666 0.938654
v -1.984731 0.044666 0.967760
v -1.594135 0.044666 0.577457
v -1.679467 0.044666 0.704009
v -1.882516 0.044666 1.409813
v -1.856602 0.044666 1.433348
v -1.468247 0.041182 1.716101
v -1.274069 0.034483 1.857477
v -1.662424 0.041450 1.574724
v -1.582691 0.044666 0.295405
v -1.582691 0.044666 0.295405
v -1.026071 0.143338 2.090040
v -1.677964 0.344807 0.210933
v -1.907709 0.344807 0.185816
v -1.907709 0.344807 0.185816
v -1.907709 0.344807 0.134964
v -1.907709 0.344807 0.134964
v -1.907709 0.344807 0.134964
v 2.619688 0.113831 0.233498
v 2.295887 0.113831 0.237678
v 2.295887 0.113831 0.237678
v 2.874971 0.113831 0.105882
v 2.874971 0.113831 0.105882
v 2.829516 0.113831 0.157780
v 2.715243 0.113831 0.210228
v 2.191404 0.113831 0.212136
v 2.212192 -0.014393 0.049319
v 2.212192 -0.014393 0.049319
v 2.110877 -0.014393 0.098638
v 0.998345 -0.014393 0.206985
v 0.998345 -0.014393 0.206985
v 2.197969 0.012348 0.079599
v 2.197969 0.012348 0.079599
v 2.109735 0.012348 0.123753
v 0.984964 0.012348 0.230561
v 0.984964 0.012348 0.230561
v 1.857151 -0.014393 0.090839
v 1.857151 -0.014393 0.090839
v 1.073251 -0.014393 0.150773
v 0.609952 -0.014393 0.198340
v 0.002778 -0.014393 0.277300
v 0.002778 -0.014393 0.277300
v 0.983481 -0.014393 0.182210
v 0.983481 -0.014393 0.182210
v 0.773725 -0.014393 0.197075
v 0.773725 -0.014393 0.197075
v 0.773725 -0.014393 0.217555
v 0.773725 -0.014393 0.217555
v 0.444722 -0.014393 0.257194
v 0.318538 -0.014393 0.280977
v 0.206888 -0.014393 0.317974
v 0.115719 -0.014393 0.361576
v -0.060014 -0.014393 0.477850
v -0.107580 -0.014393 0.540612
v -0.107580 -0.014393 0.540612
v 1.840110 -0.049314 0.066906
v 1.840110 -0.049314 0.066906
v 1.071585 -0.077401 0.131146
v 1.397477 -0.067122 0.103910
v 0.607017 -0.092053 0.178713
v 0.020361 -0.100322 0.255612
v 0.020361 -0.100322 0.255612
v 1.360519 -0.145583 0.056239
v 1.331080 -0.145583 0.080325
v 0.798891 -0.145583 0.118557
v 0.798891 -0.145583 0.118557
v 1.397477 -0.067122 0.051955
v 1.358098 -0.068335 0.096177
v 1.071046 -0.077403 0.116978
v 0.783993 -0.086471 0.137779
v 0.549697 -0.111044 0.118570
v 0.543962 -0.092823 0.186978
v 0.576536 -0.092428 0.152775
v 0.975024 0.012348 0.208769
v 0.975024 0.012348 0.208769
v 0.790745 0.012348 0.218403
v 0.790745 0.012348 0.218403
v 0.791510 0.012348 0.237902
v 0.791510 0.012348 0.237902
v 0.443828 0.012348 0.286838
v 0.321058 0.012348 0.303905
v 0.215904 0.012348 0.341342
v 0.128368 0.012348 0.384835
v -0.040097 0.012348 0.496044
v 0.127792 0.012348 0.466418
v 0.310338 0.012348 0.386159
v 0.029018 0.012348 0.540839
v -0.026160 0.012348 0.606872
v 0.642313 0.012348 0.343644
v 0.905541 0.012348 0.306406
v 1.442945 0.012348 0.253777
v 1.859376 0.012348 0.212995
v 0.010023 0.058678 0.626773
v 0.055402 0.058678 0.572248
v 0.150406 0.058678 0.499083
v 0.319132 0.058678 0.421965
v 0.642313 0.058678 0.368771
v 0.904913 0.058678 0.330277
v 1.387812 0.058678 0.286305
v 1.870711 0.058678 0.242333
v -0.775860 0.012348 0.280703
v -0.775860 0.012348 0.280703
v -1.583546 0.012348 0.280703
v -1.583546 0.012348 0.280703
v -0.553758 -0.014393 0.540612
v -0.553758 -0.014393 0.540612
v -0.764955 -0.014393 0.263773
v -0.764955 -0.014393 0.263773
v -1.761328 -0.014393 0.263773
v -1.761328 -0.014393 0.263773
v 0.002778 -0.014393 0.203895
v 0.002778 -0.014393 0.203895
v -0.242672 -0.014393 0.203895
v -0.317454 -0.014393 0.131407
v 0.013789 -0.082572 0.189214
v 0.013789 -0.082572 0.189214
v -0.220650 -0.082572 0.189214
v -0.284320 -0.082572 0.124716
v -1.723249 -0.014393 0.245451
v -1.723249 -0.014393 0.245451
v -1.071846 -0.014393 0.245451
v -1.071846 -0.014393 0.245451
v -1.230586 -0.082573 0.194525
v -1.230586 -0.082573 0.194525
v -1.674691 -0.082573 0.194525
v -1.674691 -0.082573 0.194525
v -1.776708 0.006253 0.277048
v -1.776708 0.006253 0.277048
v -1.776708 0.006253 0.277048
v -1.799238 0.044666 0.295405
v -1.976980 0.006253 0.271083
v -1.976980 0.006253 0.271083
v -2.007612 0.044666 0.277053
v -2.007612 0.044666 0.277053
v -2.147788 0.231164 0.277053
v -2.147788 0.231164 0.277053
v -2.147788 0.231164 0.277053
v -1.948260 0.289575 0.225188
v -1.948260 0.289575 0.225188
v -1.948260 0.289575 0.225188
v -1.948260 0.231164 0.282406
v -1.660396 0.289574 0.246227
v -1.140463 0.344808 0.257215
v -1.393041 0.344808 0.236006
v -0.792033 0.012348 0.312097
v -0.792033 0.012348 0.312097
v -0.607473 0.012348 0.562109
v -0.607473 0.012348 0.562109
v -1.559762 0.012348 0.311093
v -1.559762 0.012348 0.311093
v -1.559762 0.012348 0.311093
v -1.559762 0.012348 0.562109
v -1.559762 0.012348 0.562109
v -1.559762 0.012348 0.562109
v -1.524748 -0.045032 0.332234
v -1.524748 -0.045032 0.332234
v -1.524748 -0.045032 0.541000
v -1.524748 -0.045032 0.541000
v -0.649384 -0.045032 0.541000
v -0.649384 -0.045032 0.541000
v -0.799846 -0.045032 0.332234
v -0.799846 -0.045032 0.332234
v -1.907709 0.396070 0.121069
v -1.907709 0.396070 0.121069
v -1.658719 0.344807 0.132273
v -1.130348 0.344807 0.084611
v -1.383968 0.344914 0.118229
v -1.187856 0.436693 0.053513
v -1.394640 0.436693 0.084564
v -1.648612 0.436693 0.099756
v -1.798737 0.396070 0.322880
v -1.798737 0.396070 0.322880
v -1.798737 0.396070 0.117980
v -1.798737 0.396070 0.117980
v -1.190068 0.437420 0.048746
v -1.397477 0.437420 0.079013
v -1.648535 0.437420 0.093669
v -1.746486 0.460322 0.093669
v -1.746486 0.460322 0.093669
v -1.746486 0.460322 0.322443
v -1.746486 0.460322 0.322443
v -1.190068 0.460322 0.048746
v -1.397477 0.460322 0.079013
v -1.648535 0.460322 0.093669
v -1.765702 0.436693 0.100419
v -1.765702 0.436693 0.100419
v -1.765110 0.437420 0.093669
v -1.765110 0.437420 0.093669
v 0.375036 0.058679 1.707734
v 0.377317 0.058679 1.606323
v 0.363113 0.058679 1.780653
v 0.363113 0.058679 1.780653
v 0.363113 0.058679 1.780653
v 0.312333 0.058679 1.500516
v 0.066980 0.058679 1.096676
v -0.033572 0.058679 0.821353
v -0.024728 0.058679 0.716350
v -0.007410 0.058679 0.964567
v -0.069052 0.012348 0.702781
v -0.076087 0.012348 0.824972
v -0.047211 0.012348 0.970899
v 0.032606 0.012348 1.118386
v 0.278864 0.012348 1.521321
v 0.336485 0.012348 1.625169
v 0.331692 0.012348 1.704593
v 0.302055 0.012348 1.793467
v 0.302055 0.012348 1.793467
v -1.653614 0.012348 0.714814
v -1.943526 0.012348 0.945214
v -1.950389 0.012348 0.970075
v -1.851492 0.012348 1.396385
v -1.831135 0.012348 1.416216
v -1.619350 0.012348 1.568086
v -1.417781 0.012348 1.713688
v -1.220727 0.012348 1.852476
v 0.416993 0.057048 1.804031
v 0.520304 0.049676 1.876901
v 0.971215 0.039886 1.950977
v 0.383333 0.009324 1.825827
v 0.506277 0.002852 1.895091
v 0.961305 -0.004770 1.976661
v 0.961305 -0.009583 2.028161
v 0.599713 -0.018013 2.118383
v 0.233907 -0.024708 2.190025
v 0.599713 0.013939 2.145648
v 0.233908 0.007548 2.216532
v -0.094993 0.004795 2.239105
v -0.094993 0.083190 2.239105
v -0.094993 -0.024540 2.212597
v -0.466835 0.007746 2.205842
v -0.466835 0.090347 2.205842
v -0.460609 -0.020303 2.178999
v -0.744356 0.099752 2.164551
v -0.743100 0.136421 2.123945
v -0.744355 0.013328 2.164551
v -0.743100 -0.013819 2.123945
v -1.051971 0.106634 2.130647
v -1.051971 0.017152 2.130647
v -1.163020 0.025817 1.994062
v -1.369071 0.012348 0.826250
v -1.369071 0.012348 0.574955
v -1.369071 0.012348 0.574955
v -1.369071 -0.004857 0.574955
v -1.369071 -0.004857 0.574955
v -1.369071 -0.004857 0.574955
v -1.369071 -0.004857 0.826250
v -0.264510 0.012348 0.910918
v -0.264510 0.012348 0.910918
v -0.607473 0.012348 0.574955
v -0.607473 0.012348 0.574955
v -0.264510 -0.004721 0.952420
v -0.264510 -0.004721 0.952420
v -0.264510 -0.004721 0.952420
v -0.264510 -0.004721 0.910918
v -0.264510 -0.004721 0.910918
v -0.264510 -0.004721 0.910918
v -0.857655 0.460322 0.066198
v -1.034975 0.460322 0.188948
v -1.246781 0.460322 0.299806
v -1.444582 0.460322 0.390844
v -1.647535 0.460322 0.474880
v -1.771100 0.460322 0.517734
v -1.912282 0.460322 0.553982
v -2.049479 0.460322 0.577149
v -2.049479 0.460322 0.577149
v -2.049479 0.460322 0.322443
v -2.049479 0.460322 0.322443
v -2.049479 0.460322 0.322443
v -2.049479 0.510789 0.559181
v -2.049479 0.562786 0.529741
v -2.049479 0.601016 0.495714
v -2.049479 0.616693 0.471628
v -2.049479 0.616693 0.471628
v -2.049479 0.616693 0.207424
v -2.049479 0.503831 0.300499
v -2.049479 0.503831 0.300499
v -2.049479 0.593753 0.300499
v -2.049479 0.593753 0.300499
v -2.090770 0.575203 0.441042
v -2.090770 0.575203 0.441042
v -2.090770 0.522380 0.441042
v -2.090770 0.522380 0.441042
v -2.090770 0.522380 0.339390
v -2.090770 0.522380 0.339390
v -2.090770 0.575203 0.339390
v -2.090770 0.575203 0.339390
v -1.922302 0.616693 0.450156
v -1.810266 0.616693 0.424005
v -1.689971 0.616693 0.380237
v -1.494527 0.616693 0.309216
v -1.315049 0.616693 0.226084
v -1.173007 0.616693 0.141299
v -1.051337 0.616693 0.058717
v -1.026232 0.617755 0.031341
v -1.222197 0.618818 0.028037
v -1.222197 0.618818 0.028037
v -1.369201 0.618818 0.094944
v -1.516205 0.618818 0.161851
v -1.966965 0.618818 0.101825
v -1.988375 0.618818 0.081180
v -1.525376 0.709699 0.099405
v -1.525376 0.709699 0.099405
v -1.525376 0.709699 0.099405
v -1.226923 0.630815 0.022833
v -1.226923 0.630815 0.022833
v -1.226923 0.630815 0.022833
v -1.516638 0.630048 0.155160
v -1.516638 0.630048 0.155160
v -1.961856 0.630048 0.099405
v -1.961856 0.630048 0.099405
v -1.961856 0.630048 0.099405
v -1.739247 0.630048 0.127282
v -1.982119 0.630048 0.078377
v -1.741585 0.618818 0.131838
v -1.374783 0.630431 0.089549
v -1.743616 0.669874 0.099405
v -1.393888 0.674945 0.069615
v -2.049479 0.608093 0.207424
v -2.049479 0.608093 0.207424
v -2.049479 0.396070 0.331536
v -2.284880 0.460322 0.281151
v -2.284880 0.460322 0.281151
v -2.347725 0.514788 0.234355
v -2.347725 0.514788 0.234355
v -2.212349 0.396070 0.337775
v -2.212349 0.396070 0.337775
v -3.073502 0.608093 0.054647
v -3.073502 0.608093 0.054647
v -3.073502 0.608093 0.082559
v -3.073502 0.608093 0.082559
v -2.347725 0.608093 0.171057
v -3.133425 0.608093 0.008921
v -3.133425 0.608093 0.008921
v -3.133425 0.514788 0.008921
v -3.133425 0.514788 0.008921
v -2.049479 0.514788 0.280048
v 2.847652 0.196743 0.033908
v 2.847652 0.196743 0.033908
v 2.847652 0.133430 0.033908
v 2.847652 0.133430 0.033908
v 3.024287 0.196743 0.033908
v 3.024287 0.196743 0.033908
v 3.024287 0.196743 0.033908
v 3.024287 0.133430 0.033908
v 3.024287 0.133430 0.033908
v 3.024287 0.133430 0.033908
v 3.029450 0.184399 0.025959
v 3.029450 0.184399 0.025959
v 3.029450 0.184399 0.025959
v 3.029450 0.145773 0.025959
v 3.029450 0.145773 0.025959
v 3.029450 0.145773 0.025959
v 3.095457 0.178697 0.020794
v 3.095457 0.178697 0.020794
v 3.095457 0.151476 0.020794
v 3.095457 0.151476 0.020794
v -0.220099 -0.086157 0.976506
v -0.220099 -0.086157 0.976506
v -0.220099 -0.086157 0.976506
v -1.063044 -0.086157 0.976506
v -1.063044 -0.086157 0.976506
v -1.063044 -0.086157 0.976506
v -0.607473 -0.004857 0.574955
v -0.607473 -0.004857 0.574955
v -0.607473 -0.004857 0.574955
v -0.220099 -0.086157 0.827654
v -0.220099 -0.086157 0.827654
v -0.220099 -0.086157 0.827654
v -0.220099 -0.086157 0.827654
v -1.063044 -0.086157 0.827654
v -1.063044 -0.086157 0.827654
v -1.063044 -0.086157 0.827654
v -1.369071 -0.004721 0.952420
v -1.369071 -0.004721 0.952420
v -1.369071 -0.004721 0.952420
v -0.264510 0.012348 0.952420
v -0.264510 0.012348 0.952420
v -1.369071 0.012348 0.952420
v -1.369071 0.012348 0.952420
v -0.220099 -0.111008 0.976506
v -1.063044 -0.111009 0.976506
v -0.220099 -0.111008 0.827840
v -1.063044 -0.111009 0.827840
v -1.091685 -0.163021 2.086965
v -1.091685 -0.143984 2.122226
v -1.091685 -0.112902 2.147517
v -1.091685 -0.074508 2.158989
v -1.091685 -0.034646 2.154895
v -1.091685 -0.178131 2.011329
v -1.091685 -0.174037 2.051192
v -1.091685 -0.166659 1.972935
v -1.091685 -0.141367 1.941853
v -1.091685 -0.106107 1.922816
v -1.091685 0.034449 2.133620
v -1.091685 0.034449 2.133620
v -1.720433 -0.005193 1.916630
v -1.091685 -0.037012 1.901541
v -1.091685 -0.037012 1.901541
v -1.720433 0.052437 2.103793
v -1.091685 -0.001282 2.017580
v -1.927972 0.010028 1.926555
v -1.928032 0.059499 2.087006
v -2.110245 0.203815 1.954235
v -2.110310 0.226629 2.028085
v -2.110310 0.226629 2.028085
v -2.608456 0.285942 1.959077
v -2.608456 0.283416 1.940201
v -2.608456 0.282078 1.976928
v -2.608456 0.272415 1.991036
v -2.608456 0.258422 1.999254
v -2.608456 0.258422 1.999254
v -2.608456 0.278152 1.923104
v -2.608456 0.269622 1.906077
v -2.608456 0.256387 1.893491
v -2.608456 0.240461 1.887262
v -2.608456 0.224269 1.888339
v -2.608456 0.224269 1.888339
v -2.608456 0.241346 1.943797
v -2.110180 0.181000 1.880386
v -2.110180 0.181000 1.880386
v -1.984827 0.016425 1.929488
v -1.984827 0.016425 1.929488
v -1.984960 0.063177 2.080823
v -1.984960 0.063177 2.080823
v -1.984893 0.039801 2.005155
v 1.082275 0.138613 1.993235
v 1.082275 0.137468 1.983282
v 1.082275 0.132602 1.974526
v 1.082275 0.124755 1.968298
v 1.082275 0.115122 1.965546
v 1.082275 0.055867 1.960686
v 1.082275 0.045915 1.961831
v 1.082275 0.037158 1.966697
v 1.082275 0.030930 1.974543
v 1.082275 0.028179 1.984176
v 1.082275 0.109810 2.030311
v 1.082275 0.119763 2.029166
v 1.082275 0.128519 2.024300
v 1.082275 0.134747 2.016454
v 1.082275 0.137498 2.006821
v 1.082275 0.027064 1.997762
v 1.082275 0.028209 2.007715
v 1.082275 0.033075 2.016471
v 1.082275 0.040922 2.022699
v 1.082275 0.050555 2.025450
v 1.011606 0.115122 1.965546
v 1.011606 0.124755 1.968298
v 1.011606 0.132602 1.974526
v 1.011606 0.132602 1.974526
v 1.011606 0.137468 1.983282
v 1.011606 0.138613 1.993235
v 1.011606 0.028179 1.984176
v 1.011606 0.030930 1.974543
v 1.011606 0.037158 1.966697
v 1.011606 0.037158 1.966697
v 1.011606 0.045915 1.961831
v 1.011606 0.055867 1.960686
v 1.011606 0.137498 2.006821
v 1.011606 0.134747 2.016454
v 1.011606 0.128519 2.024300
v 1.011606 0.128519 2.024300
v 1.011606 0.119763 2.029166
v 1.011606 0.109810 2.030311
v 1.011606 0.050555 2.025450
v 1.011606 0.040922 2.022699
v 1.011606 0.033075 2.016471
v 1.011606 0.033075 2.016471
v 1.011606 0.028209 2.007715
v 1.011606 0.027064 1.997762
v 0.987883 0.139058 1.958287
v 0.987037 0.039139 1.954245
v 0.986917 0.128116 2.038370
v 0.987001 0.025962 2.030450
v 1.088849 0.118786 2.011230
v 1.088849 0.117950 2.014158
v 1.088849 0.116058 2.016543
v 1.088849 0.113397 2.018023
v 1.088849 0.110373 2.018371
v 1.088849 0.113723 1.977418
v 1.088849 0.116653 1.978255
v 1.088849 0.119040 1.980152
v 1.088849 0.120520 1.982818
v 1.088849 0.120868 1.985849
v 1.088849 0.046891 1.979767
v 1.088849 0.047727 1.976839
v 1.088849 0.049620 1.974453
v 1.088849 0.052280 1.972974
v 1.088849 0.055304 1.972626
v 1.088849 0.051955 2.013579
v 1.088849 0.049024 2.012742
v 1.088849 0.046637 2.010845
v 1.088849 0.045157 2.008179
v 1.088849 0.044809 2.005148
v 1.181357 0.102389 1.989125
v 1.181357 0.105321 1.989964
v 1.181357 0.107710 1.991861
v 1.181357 0.104120 2.004624
v 1.181357 0.101092 2.004972
v 1.181357 0.106785 2.003142
v 1.181357 0.108680 2.000753
v 1.181357 0.056149 1.993306
v 1.181357 0.056997 1.990244
v 1.181357 0.058892 1.987855
v 1.181357 0.061557 1.986373
v 1.181357 0.064585 1.986025
v 1.181357 0.063288 2.001872
v 1.181357 0.060356 2.001034
v 1.181357 0.057967 1.999136
v 1.181357 0.056487 1.996468
v -1.136349 0.000656 1.971258
v -0.996807 -0.171473 0.787351
v -0.975177 -0.148334 0.794296
v -0.956840 -0.128718 0.805287
v -0.944587 -0.115611 0.819524
v -0.940285 -0.111008 0.827840
v -0.940285 -0.111008 0.976506
v -0.944587 -0.115611 0.984961
v -0.956840 -0.128718 0.998816
v -0.975177 -0.148334 1.009398
v -0.996807 -0.171473 1.016123
v 0.189173 -0.240594 0.786884
v 0.228655 -0.240594 0.818906
v 0.135376 -0.240594 0.778643
v 0.072989 -0.196201 0.775798
v 0.135376 -0.196201 0.778643
v 0.189173 -0.196201 0.786884
v 0.228655 -0.196201 0.818906
v 0.245091 -0.196201 0.855969
v 0.245091 -0.196201 0.948327
v 0.228645 -0.196201 0.985807
v 0.189035 -0.196201 1.017173
v 0.135317 -0.196201 1.024980
v 0.072975 -0.196201 1.027677
v -0.191664 -0.196201 0.775798
v -0.191664 -0.196201 0.775798
v -1.019099 -0.196201 0.787351
v 0.245091 -0.240594 0.855969
v 0.072989 -0.240594 0.775798
v -1.019099 -0.196201 1.016123
v 0.245091 -0.240594 0.948327
v 0.228645 -0.240594 0.985807
v 0.189035 -0.240594 1.017173
v 0.135317 -0.240594 1.024980
v 0.072975 -0.240594 1.027677
v -0.191664 -0.240594 0.775798
v -0.191664 -0.240594 0.775798
v -1.059119 -0.240594 1.016123
v -1.059119 -0.240594 0.787351
v 0.186335 -0.268352 0.798142
v 0.221165 -0.268352 0.823939
v 0.134207 -0.268352 0.790156
v 0.233396 -0.268353 0.857132
v 0.072719 -0.268352 0.787351
v 0.233396 -0.268352 0.947231
v 0.221165 -0.268352 0.980678
v 0.186335 -0.268352 1.005888
v 0.134207 -0.268352 1.013463
v 0.072719 -0.268352 1.016123
v -1.106646 -0.293173 0.787353
v -1.106646 -0.293173 1.016123
v -0.191664 -0.196201 1.027677
v -0.191664 -0.196201 1.027677
v -0.191664 -0.240594 1.027677
v -0.191664 -0.240594 1.027677
v 0.186335 -0.240594 0.798142
v 0.221165 -0.240594 0.823939
v 0.134207 -0.240594 0.790156
v 0.072719 -0.196201 0.787351
v 0.134207 -0.196201 0.790156
v 0.186335 -0.196201 0.798142
v 0.221165 -0.196201 0.823937
v 0.233396 -0.196201 0.857130
v 0.233396 -0.196201 0.947229
v 0.221165 -0.196201 0.980676
v 0.186335 -0.196201 1.005888
v 0.134207 -0.196201 1.013463
v 0.072719 -0.196201 1.016123
v -0.191664 -0.196201 0.787351
v -0.191664 -0.196201 0.787351
v 0.233396 -0.240594 0.857132
v 0.072719 -0.240594 0.787351
v 0.233396 -0.240594 0.947231
v 0.221165 -0.240594 0.980678
v 0.186335 -0.240594 1.005888
v 0.134207 -0.240594 1.013463
v 0.072719 -0.240594 1.016123
v -0.191664 -0.240594 0.787351
v -0.191664 -0.240594 0.787351
v -0.191664 -0.196201 1.016123
v -0.191664 -0.196201 1.016123
v -0.191664 -0.240594 1.016123
v -0.191664 -0.240594 1.016123
v 0.186335 -0.268353 0.803434
v 0.221165 -0.268353 0.827917
v 0.134207 -0.268353 0.795855
v 0.233396 -0.268353 0.859419
v 0.072719 -0.268353 0.793193
v 0.233396 -0.268353 0.944927
v 0.221165 -0.268353 0.976670
v 0.186335 -0.268353 1.000595
v 0.134207 -0.268353 1.007784
v 0.072719 -0.268353 1.010309
v 0.138164 -0.310561 0.804614
v 0.171736 -0.310561 0.828804
v 0.103019 -0.310561 0.797126
v 0.187386 -0.310561 0.859929
v 0.055460 -0.310561 0.794596
v 0.187386 -0.310561 0.944413
v 0.171736 -0.310561 0.975776
v 0.138164 -0.310561 0.999414
v 0.103019 -0.310561 1.006518
v 0.055460 -0.310561 1.008907
v -1.137342 -0.327129 0.787353
v -1.137342 -0.327129 0.787353
v 0.025406 -0.384052 0.800532
v 0.010380 -0.420798 0.815070
v -0.026842 -0.272325 0.793193
v -0.108775 -0.292436 0.793193
v -0.160914 -0.332161 0.795803
v -0.191453 -0.388025 0.800532
v -0.196418 -0.424770 0.815070
v -0.196418 -0.424770 0.815070
v 0.048250 -0.328189 0.795803
v -0.160914 -0.332161 1.007699
v -0.191453 -0.388025 1.002970
v -0.196418 -0.424770 0.988433
v -0.196418 -0.424770 0.988433
v 0.048250 -0.328189 1.007699
v 0.025406 -0.384052 1.002970
v 0.010380 -0.420798 0.988433
v 0.010380 -0.435198 0.832544
v 0.010380 -0.435198 0.832544
v 0.010380 -0.435198 0.970958
v 0.010380 -0.435198 0.970958
v -0.151997 -0.461516 0.976040
v -0.151997 -0.461516 0.827463
v 0.010380 -0.435198 0.901751
v 0.033805 -0.435198 0.963807
v 0.033805 -0.435198 0.839696
v -0.107158 -0.461516 0.827463
v -0.037950 -0.461516 0.832948
v 0.020722 -0.461516 0.848568
v 0.063325 -0.435198 0.866973
v 0.059925 -0.461516 0.871945
v 0.073691 -0.435198 0.899148
v 0.073691 -0.461516 0.899520
v 0.063325 -0.435198 0.936529
v 0.073691 -0.435198 0.904354
v 0.073691 -0.461516 0.903982
v 0.059925 -0.461516 0.931557
v 0.020722 -0.461516 0.954934
v -0.037950 -0.461516 0.970555
v -0.107158 -0.461516 0.976040
v 0.228532 -0.365906 0.873434
v 0.228532 -0.371792 0.872855
v 0.228532 -0.360247 0.875151
v 0.228532 -0.355031 0.877939
v 0.228532 -0.350459 0.881691
v 0.228532 -0.346707 0.886263
v 0.228532 -0.343919 0.891479
v 0.228532 -0.342202 0.897139
v 0.228532 -0.341623 0.903024
v 0.228532 -0.342202 0.908910
v 0.228532 -0.343919 0.914570
v 0.228532 -0.346707 0.919786
v 0.228532 -0.350459 0.924358
v 0.228532 -0.355031 0.928110
v 0.228532 -0.360247 0.930898
v 0.228532 -0.365906 0.932615
v 0.228532 -0.371792 0.933194
v 0.228532 -0.377678 0.932615
v 0.228532 -0.383338 0.930898
v 0.228532 -0.388554 0.928110
v 0.228532 -0.393126 0.924358
v 0.228532 -0.396878 0.919786
v 0.228532 -0.399666 0.914570
v 0.228532 -0.401382 0.908910
v 0.228532 -0.401962 0.903024
v 0.228532 -0.401382 0.897139
v 0.228532 -0.399666 0.891479
v 0.228532 -0.396878 0.886263
v 0.228532 -0.393126 0.881691
v 0.228532 -0.388554 0.877939
v 0.228532 -0.383338 0.875151
v 0.228532 -0.377678 0.873434
v 0.214529 -0.365906 0.873434
v 0.214529 -0.371792 0.872855
v 0.214529 -0.360247 0.875151
v 0.214529 -0.355031 0.877939
v 0.214529 -0.350459 0.881691
v 0.214529 -0.346707 0.886263
v 0.214529 -0.343919 0.891479
v 0.214529 -0.342202 0.897139
v 0.214529 -0.341623 0.903024
v 0.214529 -0.342202 0.908910
v 0.214529 -0.343919 0.914570
v 0.214529 -0.346707 0.919786
v 0.214529 -0.350459 0.924358
v 0.214529 -0.355031 0.928110
v 0.214529 -0.360247 0.930898
v 0.214529 -0.365906 0.932615
v 0.214529 -0.371792 0.933194
v 0.214529 -0.377678 0.932615
v 0.214529 -0.383338 0.930898
v 0.214529 -0.388554 0.928110
v 0.214529 -0.393126 0.924358
v 0.214529 -0.396878 0.919786
v 0.214529 -0.399666 0.914570
v 0.214529 -0.401382 0.908910
v 0.214529 -0.401962 0.903024
v 0.214529 -0.401382 0.897139
v 0.214529 -0.399666 0.891479
v 0.214529 -0.396878 0.886263
v 0.214529 -0.393126 0.881691
v 0.214529 -0.388554 0.877939
v 0.214529 -0.383338 0.875151
v 0.214529 -0.377678 0.873434
v 0.214529 -0.364475 0.867663
v 0.214529 -0.371792 0.866971
v 0.214529 -0.357438 0.869715
v 0.214529 -0.350953 0.873047
v 0.214529 -0.345269 0.877531
v 0.214529 -0.340604 0.882994
v 0.214529 -0.337138 0.889227
v 0.214529 -0.335003 0.895991
v 0.214529 -0.334282 0.903024
v 0.214529 -0.335003 0.910058
v 0.214529 -0.337138 0.916822
v 0.214529 -0.340604 0.923055
v 0.214529 -0.345269 0.928518
v 0.214529 -0.350953 0.933002
v 0.214529 -0.357438 0.936334
v 0.214529 -0.364475 0.938385
v 0.214529 -0.371792 0.939078
v 0.214529 -0.379110 0.938385
v 0.214529 -0.386147 0.936334
v 0.214529 -0.392632 0.933002
v 0.214529 -0.398316 0.928518
v 0.214529 -0.402981 0.923055
v 0.214529 -0.406447 0.916822
v 0.214529 -0.408581 0.910058
v 0.214529 -0.409302 0.903024
v 0.214529 -0.408581 0.895991
v 0.214529 -0.406447 0.889227
v 0.214529 -0.402981 0.882994
v 0.214529 -0.398316 0.877531
v 0.214529 -0.392632 0.873047
v 0.214529 -0.386147 0.869715
v 0.214529 -0.379110 0.867663
v 0.094319 -0.363248 0.861977
v 0.094319 -0.371792 0.861173
v 0.094319 -0.355033 0.864358
v 0.094319 -0.347461 0.868226
v 0.094319 -0.340825 0.873431
v 0.094319 -0.335379 0.879773
v 0.094319 -0.331332 0.887008
v 0.094319 -0.328839 0.894860
v 0.094319 -0.327998 0.903024
v 0.094319 -0.328839 0.911189
v 0.094319 -0.331332 0.919040
v 0.094319 -0.335379 0.926276
v 0.094319 -0.340825 0.932618
v 0.094319 -0.347461 0.937823
v 0.094319 -0.355033 0.941690
v 0.094319 -0.363248 0.944072
v 0.094319 -0.371792 0.944876
v 0.094319 -0.380336 0.944072
v 0.094319 -0.388552 0.941690
v 0.094319 -0.396123 0.937823
v 0.094319 -0.402760 0.932618
v 0.094319 -0.408206 0.926276
v 0.094319 -0.412253 0.919040
v 0.094319 -0.414745 0.911189
v 0.094319 -0.415587 0.903024
v 0.094319 -0.414745 0.894860
v 0.094319 -0.412253 0.887008
v 0.094319 -0.408206 0.879773
v 0.094319 -0.402760 0.873431
v 0.094319 -0.396123 0.868226
v 0.094319 -0.388552 0.864358
v 0.094319 -0.380336 0.861977
v -0.026842 -0.272325 0.787353
v -0.108775 -0.292436 0.787353
v -0.160914 -0.332161 0.787353
v -0.191453 -0.388025 0.787353
v -0.108775 -0.292437 1.010308
v -0.026842 -0.272326 1.010308
v -0.191453 -0.388025 1.016122
v -0.160914 -0.332161 1.016122
v -0.202281 -0.452530 0.817544
v -0.108775 -0.292436 1.016122
v -0.026842 -0.272325 1.016122
v -0.202281 -0.452530 0.985930
v -1.137342 -0.327128 1.016123
v -1.137342 -0.327128 1.016123
v -1.120412 -0.413559 1.006175
v -1.079296 -0.418922 1.001691
v -1.039611 -0.435726 0.984036
v -1.079296 -0.418922 0.801783
v -1.120412 -0.413559 0.797300
v -1.021019 -0.471479 0.950428
v -1.039611 -0.435726 0.819439
v -1.021019 -0.471479 0.853045
v -1.315213 -0.413559 0.949271
v -1.325224 -0.413559 0.913996
v -1.504161 -0.327129 0.923944
v -1.494149 -0.327129 0.959220
v -1.286703 -0.413559 0.979176
v -1.465639 -0.327129 0.989124
v -1.244034 -0.413559 0.999158
v -1.422970 -0.327129 1.009106
v -1.193702 -0.413559 1.006175
v -1.372639 -0.327129 1.016123
v -1.244034 -0.413559 0.804316
v -1.193702 -0.413559 0.797300
v -1.372639 -0.327129 0.787353
v -1.422971 -0.327129 0.794369
v -1.286703 -0.413559 0.824298
v -1.465639 -0.327129 0.814351
v -1.315213 -0.413559 0.854203
v -1.494149 -0.327129 0.844256
v -1.325224 -0.413559 0.889478
v -1.504161 -0.327129 0.879531
v -0.996807 -0.171473 0.790579
v -0.975177 -0.148334 0.797329
v -0.957883 -0.131608 0.808009
v -0.945943 -0.119369 0.821845
v -0.941750 -0.115072 0.829927
v -0.941750 -0.115072 0.974404
v -0.945943 -0.119369 0.982621
v -0.957883 -0.131608 0.996085
v -0.975177 -0.148334 1.006369
v -0.996807 -0.171473 1.012905
v -1.019099 -0.196201 0.790579
v -1.019099 -0.196201 1.012905
v -1.056823 -0.238047 1.012905
v -1.056823 -0.238047 0.790579
v -1.104303 -0.290581 0.790581
v -1.104303 -0.290581 0.790581
v -1.104303 -0.290581 1.012905
v -1.104303 -0.290581 1.012905
v -1.393077 -0.215598 0.830344
v -1.390351 -0.208378 0.834795
v -1.388079 -0.202359 0.841724
v -1.386613 -0.198476 0.850388
v -1.386255 -0.197527 0.853911
v -1.386255 -0.197527 0.950485
v -1.386612 -0.198474 0.954061
v -1.388070 -0.202336 0.962446
v -1.390344 -0.208359 0.969121
v -1.393074 -0.215592 0.973439
v -1.395754 -0.223507 0.830344
v -1.395754 -0.223507 0.973439
v -1.400708 -0.238095 0.973439
v -1.400708 -0.238095 0.830344
v -1.403109 -0.245166 0.830344
v -1.403109 -0.245166 0.830344
v -1.403109 -0.245166 0.973439
v -1.403109 -0.245166 0.973439
v -1.150832 -0.256726 0.798295
v -1.238115 -0.253680 0.996281
v -1.238115 -0.253680 0.807242
v -1.150832 -0.256726 1.005208
vn 0.1557 0.5831 -0.7974
vn 0.1493 0.5882 -0.7948
vn 0.0829 0.6116 -0.7868
vn 0.0880 0.6112 -0.7866
vn -0.0041 0.9867 -0.1626
vn -0.0067 0.9858 -0.1675
vn -0.0082 0.9853 -0.1705
vn -0.0111 0.9848 -0.1734
vn -0.0006 0.9837 -0.1797
vn -0.0006 0.9884 -0.1515
vn 0.3140 0.7697 0.5558
vn 0.2721 0.7738 0.5721
vn 0.3482 0.7652 0.5415
vn 0.2869 0.7544 0.5904
vn 0.2490 0.7504 0.6123
vn 0.2897 0.8796 0.3772
vn 0.2203 0.7561 0.6163
vn 0.6618 0.7333 0.1559
vn 0.6362 0.7590 -0.1381
vn 0.6356 0.7594 -0.1389
vn 0.6685 0.7328 0.1268
vn 0.5692 0.7925 -0.2191
vn 0.6360 0.6836 0.3579
vn 0.6363 0.6832 0.3582
vn 0.6858 0.6162 0.3873
vn 0.6854 0.6166 0.3873
vn 0.1090 0.5768 -0.8096
vn 0.1285 0.5929 -0.7950
vn 0.1290 0.5908 -0.7964
vn 0.1068 0.5777 -0.8093
vn 0.2340 0.6173 -0.7511
vn 0.2325 0.6173 -0.7516
vn 0.4114 0.6071 -0.6799
vn 0.4163 0.6067 -0.6772
vn 0.5533 0.6025 -0.5752
vn 0.5501 0.6024 -0.5783
vn 0.6697 0.6191 -0.4101
vn 0.6714 0.6196 -0.4066
vn 0.7528 0.6346 -0.1752
vn 0.7512 0.6345 -0.1818
vn 0.7810 0.6228 0.0459
vn 0.7811 0.6226 0.0480
vn 0.7470 0.6032 0.2796
vn 0.7521 0.6046 0.2623
vn 0.0032 0.9874 -0.1583
vn 0.0008 0.9985 -0.0541
vn 0.0013 0.9978 -0.0668
vn -0.0008 0.9996 -0.0287
vn -0.0016 0.9996 -0.0272
vn -0.0014 0.9994 -0.0360
vn -0.0006 0.9988 -0.0489
vn -0.0001 0.9998 -0.0195
vn -0.0001 0.9993 -0.0362
vn 0.0058 0.9826 -0.1858
vn 0.0463 0.9961 -0.0755
vn 0.0677 0.9904 -0.1204
vn 0.0684 0.9777 -0.1987
vn 0.0237 0.9981 -0.0574
vn 0.0223 0.9982 -0.0554
vn 0.0426 0.9964 -0.0736
vn 0.0176 0.9990 -0.0417
vn 0.0170 0.9991 -0.0377
vn 0.0118 0.9996 -0.0253
vn 0.0098 0.9995 -0.0311
vn 0.0081 0.9995 -0.0305
vn 0.0089 0.9997 -0.0219
vn 0.0070 0.9999 -0.0151
vn 0.0061 0.9999 -0.0146
vn 0.0020 1.0000 -0.0061
vn 0.0015 1.0000 -0.0046
vn 0.0033 0.9818 -0.1901
vn 0.7619 0.5367 0.3626
vn 0.7610 0.5366 0.3645
vn 0.8290 0.5403 -0.1445
vn 0.8223 0.5409 -0.1770
vn 0.6799 0.6360 -0.3649
vn 0.6983 0.6129 -0.3698
vn 0.6950 0.6172 -0.3689
vn 0.7323 0.5625 -0.3837
vn 0.7334 0.5607 -0.3843
vn 0.5959 0.5219 0.6103
vn 0.6011 0.5121 0.6135
vn 0.6059 0.5839 0.5403
vn 0.7611 0.3788 0.5265
vn 0.7261 0.4377 0.5302
vn 0.5839 0.5572 0.5905
vn 0.5845 0.5421 0.6037
vn 0.4014 0.7932 -0.4579
vn 0.3478 0.7714 -0.5328
vn 0.4717 0.8235 -0.3152
vn 0.4890 0.8320 -0.2620
vn 0.2074 0.7546 -0.6225
vn 0.1738 0.7520 -0.6359
vn 0.2475 0.7541 -0.6084
vn 0.2801 0.7507 -0.5983
vn 0.0625 0.7128 -0.6986
vn 0.0137 0.6776 -0.7353
vn 0.1011 0.7330 -0.6727
vn 0.1361 0.7445 -0.6536
vn 0.5209 0.8536 -0.0000
vn -0.0109 0.6515 -0.7586
vn -0.0253 0.6376 -0.7699
vn -0.0219 0.6146 -0.7886
vn -0.0344 0.6395 -0.7680
vn 0.0696 0.9976 -0.0000
vn 0.0713 0.9975 -0.0000
vn 0.0677 0.9977 0.0004
vn 0.0801 0.9968 0.0012
vn 0.0649 0.9979 -0.0005
vn 0.0682 0.9977 -0.0032
vn -0.8324 0.2162 -0.5102
vn -0.8380 0.2160 -0.5010
vn -0.2563 0.1744 -0.9507
vn -0.2807 0.1775 -0.9432
vn 0.0456 0.9990 -0.0000
vn 0.0464 0.9989 0.0003
vn 0.0321 0.9995 -0.0067
vn -0.9801 0.1984 -0.0000
vn 0.0880 0.1217 -0.9887
vn 0.0495 0.9988 -0.0000
vn 0.0495 0.9988 0.0018
vn 0.0822 0.7970 -0.5984
vn 0.0759 0.7846 -0.6153
vn 0.0742 0.7676 -0.6366
vn 0.0764 0.7548 -0.6515
vn 0.0810 0.7507 -0.6556
vn 0.0846 0.7568 -0.6482
vn 0.0764 0.6454 -0.7600
vn 0.0798 0.5999 -0.7960
vn 0.0773 0.6338 -0.7697
vn 0.0509 0.9784 -0.2003
vn 0.0771 0.9936 -0.0823
vn 0.1009 0.9931 -0.0597
vn 0.0889 0.7817 -0.6172
vn 0.0882 0.7679 -0.6344
vn 0.0896 0.7947 -0.6004
vn 0.0458 0.9625 -0.2673
vn 0.0627 0.9931 -0.0988
vn -0.4607 0.8876 -0.0000
vn -0.6500 0.7599 -0.0000
vn -0.2238 0.1662 0.9604
vn -0.3015 0.9535 -0.0000
vn 0.2090 0.9779 -0.0000
vn 0.1349 0.9891 -0.0597
vn 0.0001 0.9994 -0.0344
vn -0.0002 0.9999 -0.0162
vn -0.0015 1.0000 0.0028
vn -0.0021 1.0000 0.0018
vn -0.0045 0.9960 -0.0890
vn -0.0011 0.9968 -0.0804
vn -0.0034 0.9963 -0.0863
vn 0.0004 0.9980 -0.0628
vn 0.0001 0.9973 -0.0731
vn -0.0000 1.0000 -0.0000
vn 0.2466 0.9691 -0.0000
vn -0.3290 -0.0000 -0.9443
vn -0.7821 -0.0000 -0.6232
vn 0.4751 -0.0000 -0.8799
vn 0.2007 -0.0000 -0.9796
vn -0.9025 -0.0000 -0.4307
vn 0.6885 -0.0000 -0.7253
vn 0.6005 -0.0000 -0.7996
vn 0.8327 -0.0000 -0.5537
vn 0.7689 -0.0000 -0.6393
vn 1.0000 -0.0000 -0.0000
vn 0.5280 -0.0000 -0.8492
vn 0.4169 -0.0000 -0.9089
vn 0.2434 -0.0000 -0.9699
vn 0.1002 -0.0000 -0.9950
vn 0.0129 -0.0000 -0.9999
vn -0.5447 0.0012 -0.8386
vn -0.1876 -0.2945 -0.9370
vn -0.3477 -0.1801 -0.9201
vn -0.0000 -1.0000 -0.0000
vn 0.0122 -0.4694 -0.8829
vn 0.0851 -0.4667 -0.8803
vn 0.0878 -0.5617 -0.8227
vn 0.0170 -0.5377 -0.8430
vn 0.1529 -0.6947 -0.7029
vn 0.0240 -0.6318 -0.7747
vn 0.1640 -0.9865 -0.0000
vn 0.1126 -0.9936 -0.0024
vn 0.1635 -0.9865 0.0074
vn 0.0778 -0.9969 -0.0095
vn 0.3997 -0.9166 -0.0000
vn 0.4041 -0.9147 -0.0051
vn 0.4669 -0.8843 -0.0000
vn 0.3310 -0.9436 -0.0000
vn 0.3310 -0.9436 -0.0108
vn 0.3469 -0.7540 -0.5578
vn 0.3006 -0.7849 -0.5419
vn 0.3023 -0.7731 -0.5575
vn 0.2894 -0.8122 -0.5066
vn 0.2262 -0.4926 -0.8403
vn 0.2537 -0.6438 -0.7219
vn -0.7698 -0.6383 -0.0000
vn -0.0000 -0.0000 -1.0000
vn 0.0089 -0.9997 -0.0228
vn -0.0013 -0.9996 -0.0274
vn -0.0103 -0.9999 -0.0000
vn -0.5217 -0.5003 -0.6910
vn -0.4827 -0.4114 -0.7732
vn -0.5673 -0.6394 -0.5190
vn -0.5153 -0.8476 -0.1271
vn -0.6887 -0.6733 -0.2690
vn -0.5240 -0.8002 -0.2918
vn -0.5111 -0.8595 -0.0000
vn -0.6501 -0.7599 -0.0000
vn -0.7432 -0.6691 -0.0000
vn -0.7101 -0.6309 -0.3128
vn -0.5295 -0.0000 -0.8483
vn -0.9598 0.1787 -0.2165
vn -0.9508 0.0785 -0.2996
vn -0.9538 0.0979 -0.2840
vn -0.1269 0.9919 -0.0000
vn -0.0677 0.9977 -0.0000
vn -0.0655 0.9979 -0.0006
vn -0.0982 0.1481 -0.9841
vn -0.0983 0.1463 -0.9843
vn -0.0884 0.1370 -0.9866
vn -0.1059 0.1491 -0.9831
vn -0.9911 0.1327 -0.0000
vn -0.9912 0.1327 -0.0000
vn -0.8640 0.5035 -0.0000
vn -0.8640 0.5035 0.0003
vn -0.1265 0.5358 -0.8348
vn -0.1060 0.7117 -0.6944
vn -0.1731 0.6842 -0.7084
vn -0.9975 0.0703 -0.0000
vn -0.0553 0.4899 -0.8700
vn -0.1174 0.5356 -0.8363
vn -0.0445 0.4839 -0.8740
vn 0.2067 0.5103 -0.8348
vn 0.1738 0.5048 -0.8456
vn 0.0460 0.4951 -0.8676
vn 0.4021 0.5422 -0.7378
vn 0.3816 0.5344 -0.7542
vn 0.8574 -0.0000 -0.5147
vn 0.0004 1.0000 -0.0026
vn 0.0006 1.0000 -0.0011
vn -0.0000 1.0000 -0.0011
vn -0.0002 1.0000 -0.0005
vn 0.0002 1.0000 -0.0018
vn 0.0012 1.0000 -0.0000
vn 0.8451 0.5346 -0.0000
vn 0.6836 -0.7298 -0.0000
vn 0.6836 -0.7298 -0.0027
vn 0.1280 0.9918 -0.0000
vn 0.0295 0.3681 -0.9293
vn 0.7349 0.5739 -0.3613
vn 0.7257 0.6282 -0.2806
vn 0.7248 0.6268 -0.2858
vn 0.7454 0.6661 -0.0237
vn 0.7615 0.6482 -0.0000
vn 0.6168 0.5825 -0.5295
vn 0.6036 0.5818 -0.5451
vn 0.1828 0.9832 -0.0000
vn -0.0725 0.1406 -0.9874
vn -0.0679 0.1368 -0.9883
vn -0.0479 0.9988 -0.0028
vn -0.0410 0.9990 -0.0190
vn -0.1057 0.9888 -0.1053
vn -0.1089 0.9862 -0.1243
vn -0.0337 0.7946 -0.6062
vn 0.0713 0.7754 -0.6275
vn 0.2253 0.2419 -0.9438
vn 0.9176 0.3975 -0.0000
vn -0.0049 1.0000 -0.0000
vn -0.0027 1.0000 -0.0004
vn -0.0590 0.1467 -0.9874
vn -0.6863 0.2148 -0.6948
vn 0.0274 0.1929 -0.9808
vn 0.8829 0.2384 -0.4045
vn 0.9162 0.2419 -0.3193
vn 0.9189 0.2421 -0.3114
vn 0.9601 0.2437 -0.1370
vn 0.9580 0.2479 -0.1444
vn 0.9423 0.2473 -0.2258
vn 0.9690 0.2412 -0.0538
vn 0.0880 0.9961 -0.0000
vn 0.4860 0.8740 -0.0000
vn 0.1633 0.9247 -0.3440
vn 0.7281 0.6854 -0.0000
vn 0.4274 0.8199 -0.3810
vn 0.1713 0.8631 -0.4751
vn -0.4247 0.9053 -0.0000
vn -0.1101 0.9939 -0.0000
vn -0.2045 0.9245 -0.3218
vn -0.4716 0.8416 -0.2631
vn -0.6100 0.7924 -0.0000
vn -0.2099 0.8627 -0.4600
vn -0.0013 0.9353 -0.3538
vn -0.0064 0.8704 -0.4922
vn 0.0005 1.0000 -0.0000
vn -0.3078 0.9515 -0.0000
vn -0.3242 0.9375 -0.1264
vn -0.4894 0.8472 -0.2069
vn -0.5248 0.8512 -0.0000
vn -0.2461 0.9280 -0.2797
vn -0.3284 0.8281 -0.4542
vn -0.1404 0.9288 -0.3431
vn -0.1989 0.8094 -0.5526
vn -0.0566 0.9088 -0.4133
vn -0.0487 0.7869 -0.6152
vn 0.0822 0.9007 -0.4266
vn 0.1350 0.7716 -0.6216
vn 0.2215 0.8867 -0.4058
vn 0.3404 0.7533 -0.5626
vn 0.3613 0.8658 -0.3462
vn 0.5177 0.7229 -0.4577
vn 0.4878 0.8412 -0.2333
vn 0.6738 0.6822 -0.2840
vn 0.5783 0.8158 -0.0000
vn 0.7529 0.6581 -0.0000
vn 0.2318 0.9617 -0.1461
vn 0.2900 0.9570 -0.0000
vn 0.1121 0.9765 -0.1838
vn 0.0159 0.9852 -0.1705
vn -0.0363 0.9904 -0.1332
vn -0.0641 0.9958 -0.0655
vn -0.0716 0.9974 -0.0000
vn 0.0202 0.4792 -0.8775
vn -0.0000 1.0000 -0.0001
vn -0.9328 -0.0000 -0.3604
vn 0.0019 1.0000 -0.0000
vn 0.9002 -0.0000 0.4355
vn -0.2873 -0.0000 -0.9578
vn -0.0084 1.0000 -0.0042
vn -0.0069 1.0000 0.0001
vn -0.0149 0.9999 -0.0063
vn -0.0092 0.9999 -0.0087
vn -0.0054 1.0000 -0.0083
vn -0.0035 0.9999 -0.0112
vn -0.8294 0.5586 -0.0000
vn -0.7237 0.6165 0.3103
vn -0.7161 0.6004 -0.3561
vn -0.7866 0.5852 -0.1971
vn -0.7943 0.5909 0.1407
vn -0.5449 0.5403 -0.6412
vn -0.5489 0.5501 -0.6294
vn -0.5411 0.5311 -0.6520
vn -0.5353 0.5289 -0.6585
vn -0.5337 0.5368 -0.6535
vn -0.6279 0.5475 -0.5532
vn -0.0088 0.0074 -0.9999
vn -0.6667 0.5870 0.4593
vn -0.5610 0.5856 0.5851
vn -0.0016 0.9978 -0.0658
vn 0.0025 0.9873 -0.1589
vn -0.0002 0.9951 -0.0985
vn -0.0005 0.9977 -0.0684
vn -0.0197 0.9993 -0.0326
vn -0.0073 0.9983 -0.0576
vn -0.0075 0.9983 -0.0573
vn -0.0180 0.9991 -0.0379
vn -0.0135 0.9998 -0.0152
vn -0.0064 1.0000 -0.0072
vn 0.0006 0.9976 -0.0699
vn 0.0012 0.9976 -0.0698
vn -0.5506 0.8348 0.0020
vn -0.5034 0.8124 0.2942
vn -0.4777 0.7942 0.3756
vn -0.5508 0.8346 -0.0050
vn -0.4770 0.7687 0.4260
vn -0.4600 0.7617 0.4562
vn -0.5552 0.8085 0.1951
vn -0.5566 0.8092 0.1880
vn -0.3562 0.7905 -0.4982
vn -0.3626 0.7913 -0.4923
vn -0.4799 0.8227 -0.3046
vn -0.4720 0.8214 -0.3201
vn -0.3459 0.8117 -0.4706
vn -0.3264 0.8123 -0.4834
vn -0.3130 0.8141 -0.4891
vn -0.3105 0.8130 -0.4926
vn -0.3284 0.7953 -0.5095
vn -0.3200 0.8070 -0.4964
vn -0.5814 0.8132 0.0262
vn -0.5886 -0.0000 -0.8084
vn -0.8398 -0.0000 0.5429
vn -0.9999 -0.0000 0.0101
vn -1.0000 -0.0000 0.0084
vn -0.9502 -0.0000 0.3116
vn -0.7327 -0.0000 0.6806
vn -0.6811 -0.0000 -0.7322
vn -0.6903 -0.0000 -0.7235
vn -0.9992 -0.0000 0.0405
vn -0.8663 -0.0000 -0.4996
vn -0.6326 -0.0000 -0.7745
vn -0.6312 -0.0000 -0.7756
vn -0.8626 -0.0000 -0.5058
vn 0.0937 0.4971 -0.8626
vn 0.0113 0.4858 -0.8740
vn 0.0995 0.4978 -0.8616
vn 0.3910 0.9204 -0.0000
vn 0.3854 0.7595 -0.5240
vn 0.3420 0.7005 -0.6264
vn 0.3366 0.6930 -0.6375
vn 0.2369 0.5667 -0.7891
vn 0.2290 0.5583 -0.7974
vn -0.4330 0.3021 -0.8493
vn -0.4055 0.2361 -0.8831
vn -0.4790 0.4265 -0.7673
vn 0.1009 -0.0000 0.9949
vn -0.0001 -1.0000 -0.0007
vn -0.0002 -1.0000 -0.0014
vn -0.0001 -1.0000 -0.0006
vn -0.1713 0.1017 -0.9800
vn -0.1280 0.0846 -0.9882
vn 0.1897 -0.6521 -0.7340
vn 0.2281 -0.6472 -0.7274
vn 0.0719 -0.6607 -0.7472
vn 0.3450 -0.6256 -0.6997
vn -0.7728 -0.6347 0.0002
vn -0.7875 -0.6159 0.0247
vn 0.8987 -0.4385 -0.0000
vn 0.0722 -0.3862 -0.9196
vn 0.0958 -0.2842 -0.9540
vn 0.0947 -0.2893 -0.9525
vn 0.1152 -0.2545 -0.9602
vn 0.1159 -0.2588 -0.9589
vn 0.1278 -0.2360 -0.9633
vn 0.0889 -0.5734 -0.8144
vn 0.0907 -0.5927 -0.8003
vn 0.0353 -0.9994 0.0002
vn 0.0402 -0.9992 -0.0000
vn 0.0384 -0.9993 -0.0000
vn 0.0312 -0.9995 0.0013
vn 0.9047 -0.4261 -0.0000
vn 0.8267 -0.3950 -0.4008
vn 0.8590 -0.4090 -0.3079
vn 0.3532 -0.2875 -0.8903
vn 0.4434 -0.2999 -0.8447
vn -0.9697 -0.2444 -0.0000
vn 0.0707 -0.2543 -0.9645
vn 0.0770 -0.2854 -0.9553
vn 0.0315 -0.9995 0.0010
vn 0.0236 -0.9996 0.0124
vn 0.0313 -0.9995 0.0011
vn 0.0784 -0.2864 -0.9549
vn -0.3621 -0.2870 -0.8868
vn -0.3072 -0.2890 -0.9067
vn 0.0784 -0.2826 -0.9560
vn -0.8849 -0.2859 -0.3678
vn -0.8874 -0.2862 -0.3613
vn -0.9588 -0.2842 -0.0000
vn 0.0216 -0.9998 -0.0002
vn 0.0207 -0.9998 -0.0000
vn 0.0180 -0.9998 -0.0000
vn 0.0180 -0.9998 -0.0008
vn 0.0233 -0.9997 -0.0000
vn 0.0151 -0.9999 0.0034
vn 0.0133 -0.9999 -0.0000
vn 0.0139 -0.9999 -0.0000
vn 0.1274 -0.2315 -0.9645
vn 0.0143 -0.9999 -0.0000
vn -0.6888 -0.6252 -0.3669
vn 0.0460 -0.6704 -0.7405
vn 0.8437 -0.5365 0.0161
vn 0.1036 -0.6967 -0.7098
vn 0.1055 -0.6969 -0.7093
vn 0.0933 -0.6955 -0.7125
vn 0.1758 -0.6837 -0.7083
vn 0.1830 -0.6818 -0.7083
vn 0.2794 -0.6794 -0.6785
vn 0.2801 -0.6797 -0.6779
vn 0.3547 -0.6976 -0.6225
vn 0.3554 -0.6977 -0.6220
vn 0.4859 -0.7054 -0.5161
vn 0.4796 -0.7054 -0.5219
vn 0.5653 -0.7003 -0.4358
vn 0.0676 -0.4877 -0.8704
vn 0.0804 -0.5164 -0.8525
vn 0.0819 -0.4924 -0.8665
vn 0.0648 -0.4788 -0.8755
vn 0.1036 -0.4727 -0.8751
vn 0.1054 -0.4720 -0.8753
vn 0.1237 -0.5071 -0.8530
vn 0.1234 -0.5110 -0.8507
vn 0.2192 -0.5960 -0.7725
vn 0.2225 -0.5973 -0.7706
vn 0.3910 -0.6467 -0.6549
vn 0.3869 -0.6460 -0.6580
vn 0.5179 -0.6595 -0.5448
vn 0.5212 -0.6595 -0.5416
vn 0.6302 -0.6761 -0.3817
vn 0.6285 -0.6756 -0.3854
vn 0.6936 -0.0000 -0.7204
vn 0.8618 -0.0000 -0.5073
vn 0.5163 -0.0000 -0.8564
vn 0.2916 -0.0000 -0.9565
vn 0.1538 -0.0000 -0.9881
vn 0.1537 -0.0000 -0.9881
vn 0.1182 -0.0000 -0.9930
vn 0.1179 -0.0000 -0.9930
vn 0.0907 -0.0000 -0.9959
vn 0.0920 -0.0015 -0.9958
vn 0.0926 -0.0023 -0.9957
vn -0.7670 -0.6416 -0.0000
vn -0.0000 -0.6265 -0.7794
vn -0.6204 -0.6314 -0.4652
vn 0.0001 -0.5352 -0.8447
vn -0.0000 -0.5349 -0.8449
vn 0.0010 -0.5398 -0.8418
vn -0.8381 -0.4326 -0.3323
vn -0.8244 -0.4288 -0.3694
vn -0.8994 -0.4371 -0.0000
vn -0.3979 -0.3223 -0.8589
vn -0.3129 -0.3019 -0.9005
vn -0.0000 -0.2105 -0.9776
vn -0.9378 -0.3472 -0.0000
vn -0.9570 -0.2901 -0.0081
vn -0.9770 -0.2123 -0.0190
vn -0.9820 -0.1875 -0.0224
vn -0.0000 -0.5984 -0.8012
vn 0.3946 -0.9188 -0.0000
vn -0.8145 -0.5801 -0.0000
vn -0.8019 -0.5974 -0.0000
vn 0.0011 -0.5403 -0.8415
vn -0.0371 -0.3674 -0.9293
vn -0.5407 -0.5501 -0.6364
vn -0.3601 -0.3846 -0.8500
vn -0.0209 -0.3936 -0.9190
vn -0.0559 -0.3364 -0.9401
vn -0.7818 -0.6235 -0.0000
vn -0.7907 -0.6122 -0.0000
vn -0.7910 -0.6118 -0.0000
vn -0.7994 -0.6008 -0.0000
vn -0.0418 0.5334 -0.8448
vn -0.0411 0.5567 -0.8297
vn -0.0383 0.6329 -0.7733
vn -0.0294 0.6740 -0.7381
vn -0.0285 0.6765 -0.7359
vn -0.0192 0.6996 -0.7142
vn -0.2810 0.9597 -0.0000
vn -0.0280 0.0397 -0.9988
vn -0.0478 0.0011 -0.9989
vn -0.0325 0.0473 -0.9984
vn -0.0317 0.0172 -0.9993
vn -0.0580 -0.0102 -0.9983
vn -0.0212 0.0281 -0.9994
vn -0.0695 0.6049 -0.7932
vn -0.0697 0.6045 -0.7936
vn -0.0844 0.5268 -0.8458
vn -0.0790 0.5160 -0.8529
vn -0.0711 0.5266 -0.8471
vn -0.0717 0.5406 -0.8382
vn -0.0730 0.5689 -0.8192
vn -0.8061 0.5918 -0.0000
vn 0.7635 -0.3261 0.5575
vn -0.0000 -0.3453 -0.9385
vn -0.8536 -0.5209 -0.0000
vn 0.0006 -0.3383 0.9410
vn -0.8013 -0.5676 -0.1891
vn -0.7155 -0.6344 0.2928
vn -0.7394 -0.6556 0.1532
vn -1.0000 -0.0000 -0.0000
vn -0.0001 1.0000 -0.0003
vn -0.0001 1.0000 -0.0002
vn -0.0000 1.0000 -0.0004
vn 0.0001 1.0000 -0.0002
vn 0.3014 0.4001 -0.8655
vn 0.3086 0.3771 -0.8733
vn 0.2404 0.3845 -0.8913
vn 0.2103 0.4154 -0.8850
vn 0.0897 0.3716 -0.9240
vn 0.0949 0.3525 -0.9310
vn 0.0331 0.3251 -0.9451
vn 0.0352 0.3385 -0.9403
vn 0.2706 0.4898 -0.8288
vn 0.1814 0.3934 -0.9013
vn 0.0936 0.3317 -0.9387
vn 0.0383 0.3450 -0.9378
vn 0.0152 0.3139 -0.9493
vn 0.0129 0.3693 -0.9292
vn 0.0037 0.9931 -0.1173
vn 0.0039 0.9931 -0.1176
vn 0.0119 0.9920 -0.1254
vn 0.0147 0.9918 -0.1272
vn 0.0277 0.9922 -0.1214
vn 0.0300 0.9924 -0.1190
vn 0.0385 0.9993 -0.0000
vn 0.0003 0.9936 -0.1126
vn 0.2403 -0.0000 -0.9707
vn 0.1014 -0.0000 -0.9948
vn 0.0292 -0.0000 -0.9996
vn 0.3338 -0.0000 -0.9426
vn 0.8534 -0.0000 0.5213
vn 0.8631 -0.0000 0.5050
vn 0.9637 -0.0000 0.2669
vn 0.9653 -0.0000 0.2611
vn 0.9405 -0.0000 0.3399
vn 0.9869 -0.0000 -0.1614
vn 0.9959 -0.0000 -0.0905
vn 0.9957 -0.0000 -0.0921
vn 0.9988 -0.0000 0.0483
vn 0.9743 -0.0000 -0.2251
vn 0.6629 -0.7291 -0.1703
vn 0.7056 -0.7016 -0.0994
vn 0.7033 -0.7033 -0.1035
vn 0.7016 -0.6859 0.1933
vn 0.7102 -0.6856 0.1596
vn 0.6427 -0.6631 0.3838
vn 0.6426 -0.6632 0.3836
vn 0.6574 -0.6501 0.3810
vn 0.6571 -0.6502 0.3814
vn 0.7031 -0.6601 0.2642
vn 0.7082 -0.6617 0.2463
vn 0.7327 -0.6792 0.0432
vn 0.7328 -0.6789 0.0453
vn 0.7047 -0.6904 -0.1637
vn 0.7031 -0.6904 -0.1704
vn -0.5735 -0.6142 0.5420
vn -0.5999 -0.6115 0.5159
vn -0.6120 -0.7033 0.3616
vn -0.5800 -0.6838 0.4428
vn -0.6820 -0.7312 0.0133
vn -0.6824 -0.7310 0.0050
vn -0.6082 -0.7173 -0.3399
vn -0.5984 -0.7158 -0.3600
vn -0.4661 -0.6913 -0.5522
vn -0.4567 -0.6927 -0.5583
vn -0.4168 -0.7075 -0.5707
vn -0.4073 -0.7218 -0.5595
vn -0.3898 -0.7505 -0.5337
vn -0.3697 -0.7830 -0.5002
vn -0.3807 -0.8258 -0.4162
vn -0.4088 -0.8548 -0.3197
vn 0.2328 0.0083 0.9725
vn 0.3842 -0.0000 0.9233
vn 0.3734 -0.0000 0.9277
vn 0.2391 0.0091 0.9710
vn 0.4873 -0.0000 0.8732
vn 0.4922 -0.0000 0.8705
vn 0.3981 -0.0000 0.9174
vn 0.2944 -0.5768 0.7620
vn 0.3496 -0.5580 0.7526
vn 0.3746 -0.5487 0.7474
vn 0.2825 -0.4975 0.8202
vn 0.2996 -0.5016 0.8116
vn 0.1739 -0.5000 0.8484
vn 0.3825 -0.7055 0.5966
vn 0.1093 -0.6431 -0.7579
vn 0.1043 -0.6440 -0.7579
vn 0.1996 -0.5604 -0.8038
vn 0.2069 -0.5462 -0.8117
vn 0.1307 -0.0000 -0.9914
vn 0.2357 -0.0205 -0.9716
vn 0.2335 -0.0195 -0.9722
vn 0.1291 -0.0000 -0.9916
vn -0.0000 -0.9957 0.0930
vn -0.0031 -0.9957 0.0927
vn -0.0015 -0.9985 0.0543
vn -0.0104 -0.0000 -0.9999
vn -0.0106 -0.0000 -0.9999
vn -0.0092 -0.6689 -0.7433
vn -0.0087 -0.6688 -0.7434
vn -0.0050 0.6209 -0.7839
vn -0.0056 0.6210 -0.7838
vn -0.1179 -0.0000 -0.9930
vn -0.1187 -0.0000 -0.9929
vn -0.0971 -0.7289 -0.6777
vn -0.0997 -0.7336 -0.6723
vn -0.0777 0.6605 -0.7468
vn -0.0767 0.6589 -0.7483
vn -0.0787 0.7199 -0.6896
vn -0.0761 0.7238 -0.6858
vn -0.1286 -0.0000 -0.9917
vn -0.1280 -0.0000 -0.9918
vn -0.0955 -0.8021 -0.5895
vn -0.0983 -0.7995 -0.5926
vn -0.2124 0.7940 -0.5696
vn -0.2132 0.7942 -0.5691
vn -0.4714 -0.0000 -0.8819
vn -0.4989 -0.0000 -0.8667
vn -0.0705 -0.8249 -0.5609
vn -0.7759 -0.0000 -0.6308
vn 0.0016 0.9823 -0.1872
vn 0.0051 0.9830 -0.1836
vn 0.0045 0.0835 -0.9965
vn -0.0021 -0.9989 0.0460
vn -0.0034 -0.9959 0.0906
vn -0.0038 -0.9959 0.0909
vn -0.0019 -0.9990 0.0455
vn -0.0014 -0.9990 0.0456
vn -0.0042 -0.9958 0.0918
vn -0.0011 -0.9996 0.0272
vn -0.0330 0.2485 -0.9681
vn 0.0156 0.0676 -0.9976
vn -0.0328 0.2477 -0.9683
vn -0.6856 -0.0000 -0.7279
vn -0.4098 -0.9122 -0.0000
vn -0.6856 -0.0000 0.7279
vn -0.4098 0.9122 -0.0000
vn 0.6410 0.4997 -0.5826
vn 0.6069 0.4611 -0.6473
vn 0.5717 0.5202 -0.6345
vn 0.6238 0.5528 -0.5525
vn 0.5099 0.6713 -0.5379
vn 0.5572 0.7019 -0.4438
vn 0.3940 0.8172 -0.4206
vn 0.4453 0.8479 -0.2878
vn 0.3179 0.9230 -0.2170
vn 0.2722 0.8897 -0.3666
vn 0.3018 0.9497 -0.0831
vn 0.3310 0.7798 -0.5313
vn 0.2621 0.8646 -0.4286
vn 0.4295 0.5863 -0.6868
vn 0.4789 0.4196 -0.7711
vn 0.4989 0.3482 -0.7936
vn 0.2434 0.8453 -0.4756
vn 0.3002 0.7548 -0.5832
vn 0.3763 0.5547 -0.7421
vn 0.4143 0.3728 -0.8303
vn 0.4252 0.2879 -0.8581
vn 0.3753 0.3044 -0.8755
vn 0.3629 0.3700 -0.8552
vn 0.3264 0.5381 -0.7771
vn 0.2573 0.7456 -0.6147
vn 0.2067 0.8403 -0.5012
vn 0.1816 0.8493 -0.4957
vn 0.2268 0.7512 -0.6199
vn 0.2892 0.5340 -0.7945
vn 0.3174 0.3935 -0.8628
vn 0.3252 0.3602 -0.8744
vn 0.2671 0.3847 -0.8836
vn 0.2608 0.4117 -0.8732
vn 0.2394 0.5307 -0.8131
vn 0.1886 0.7444 -0.6405
vn 0.1469 0.8535 -0.5000
vn 0.1032 0.8496 -0.5173
vn 0.1315 0.7427 -0.6566
vn 0.1726 0.5443 -0.8209
vn 0.1934 0.4191 -0.8871
vn 0.1976 0.3703 -0.9076
vn 0.1665 0.3580 -0.9187
vn 0.1660 0.4176 -0.8933
vn 0.1491 0.5536 -0.8193
vn 0.1101 0.7409 -0.6625
vn 0.0841 0.8463 -0.5260
vn 0.0025 1.0000 -0.0000
vn 0.0032 0.9996 -0.0264
vn 0.0061 0.9998 -0.0168
vn 0.0061 0.9994 -0.0355
vn 0.0085 0.9999 -0.0143
vn 0.0068 0.9999 -0.0139
vn 0.0069 0.9999 -0.0139
vn 0.0032 0.9999 -0.0118
vn 0.0036 0.9999 -0.0121
vn -0.0118 0.9999 -0.0040
vn -0.0065 0.9999 -0.0082
vn -0.0041 1.0000 -0.0053
vn -0.0077 1.0000 -0.0040
vn 0.0020 1.0000 -0.0091
vn 0.0009 1.0000 -0.0071
vn 0.0008 1.0000 -0.0084
vn -0.7982 0.5045 -0.3294
vn -0.7959 0.5042 -0.3352
vn -0.8736 0.4867 -0.0000
vn -0.3502 0.4051 -0.8445
vn -0.4414 0.4288 -0.7882
vn -0.0272 0.9996 -0.0036
vn -0.1176 0.3981 -0.9098
vn -0.1182 0.3871 -0.9144
vn 0.1324 0.4962 -0.8580
vn 0.1189 0.4946 -0.8609
vn -0.1027 0.5628 -0.8202
vn -0.1795 0.9838 -0.0000
vn 0.3367 0.5440 -0.7686
vn 0.3428 0.5304 -0.7754
vn 0.3464 0.5223 -0.7793
vn 0.3570 0.5081 -0.7838
vn 0.3566 0.5080 -0.7841
vn 0.3540 0.5046 -0.7875
vn 0.3551 0.5075 -0.7851
vn 0.9304 0.3665 -0.0000
vn 0.2555 0.9668 -0.0000
vn -0.0348 0.9994 -0.0000
vn 0.7758 -0.6309 -0.0000
vn 0.0234 0.2738 -0.9615
vn 0.0273 0.2615 -0.9648
vn -0.6631 -0.7485 -0.0000
vn -0.6590 -0.7521 -0.0000
vn -0.6604 -0.7509 -0.0000
vn -0.0796 0.4179 -0.9050
vn -0.6549 -0.7557 -0.0000
vn -0.1059 0.5688 -0.8156
vn -0.1111 0.5725 -0.8123
vn -0.1017 0.5536 -0.8265
vn -0.6066 -0.0000 -0.7950
vn -0.1213 0.5834 -0.8031
vn -0.1308 0.5818 -0.8028
vn -0.1105 0.5851 -0.8034
vn 0.0861 -0.9963 -0.0000
vn 0.9226 0.3858 -0.0000
vn 0.9226 -0.3858 -0.0000
vn 0.8387 -0.0000 -0.5447
vn 0.0780 -0.0000 -0.9970
vn 0.0861 0.9963 -0.0000
vn -0.0000 -0.0000 1.0000
vn -0.0000 -0.9519 0.3063
vn -0.0000 0.2836 -0.9589
vn -0.2569 -0.9664 -0.0002
vn -0.2569 -0.9664 -0.0003
vn -0.2568 -0.9665 -0.0000
vn -0.2570 -0.9664 -0.0005
vn 0.6998 -0.0000 0.7144
vn 0.8779 0.4788 -0.0000
vn -0.0000 -0.0075 1.0000
vn 0.4677 0.7436 0.4778
vn 0.0159 -0.9805 -0.1958
vn 0.1055 -0.9762 -0.1894
vn 0.1068 -0.9886 0.1065
vn 0.0160 -0.9952 0.0964
vn 0.2671 -0.9515 -0.1524
vn 0.2310 -0.9553 0.1846
vn 0.0865 -0.8806 0.4660
vn 0.0165 -0.8842 0.4669
vn 0.1609 -0.8724 0.4616
vn 0.9014 -0.3828 0.2026
vn 0.5932 -0.4569 0.6628
vn 0.4076 -0.8071 0.4271
vn 0.5932 -0.8050 0.0049
vn 0.2671 -0.4093 0.8724
vn 0.2310 -0.6900 0.6860
vn 0.0245 -0.3902 0.9204
vn 0.0212 -0.6407 0.7675
vn 0.1068 -0.6441 0.7575
vn 0.1055 -0.3925 0.9137
vn 0.0183 0.9208 0.3896
vn 0.0183 0.7685 0.6396
vn 0.1068 0.7575 0.6441
vn 0.1055 0.9137 0.3925
vn 0.0183 0.4682 0.8834
vn 0.0865 0.4660 0.8806
vn 0.2310 0.6860 0.6900
vn 0.2671 0.8724 0.4093
vn 0.1609 0.4616 0.8724
vn 0.0248 -0.1953 0.9804
vn 0.1055 -0.1894 0.9762
vn 0.1068 0.1065 0.9886
vn 0.0222 0.0977 0.9950
vn 0.2671 -0.1524 0.9515
vn 0.2310 0.1846 0.9553
vn 0.9014 0.2026 0.3828
vn 0.5932 0.6628 0.4569
vn 0.4076 0.4271 0.8071
vn 0.5932 0.0049 0.8050
vn 0.0159 -0.9208 -0.3896
vn 0.0160 -0.7686 -0.6396
vn 0.1068 -0.7575 -0.6441
vn 0.1055 -0.9137 -0.3925
vn 0.0165 -0.4684 -0.8834
vn 0.0865 -0.4659 -0.8806
vn 0.2310 -0.6860 -0.6900
vn 0.2671 -0.8724 -0.4093
vn 0.1609 -0.4616 -0.8724
vn 0.0245 0.1951 -0.9805
vn 0.1055 0.1894 -0.9762
vn 0.1068 -0.1065 -0.9886
vn 0.0212 -0.0980 -0.9950
vn 0.2671 0.1524 -0.9515
vn 0.2310 -0.1846 -0.9553
vn 0.9014 -0.2026 -0.3828
vn 0.5932 -0.6628 -0.4569
vn 0.4076 -0.4271 -0.8071
vn 0.5932 -0.0049 -0.8050
vn 0.0183 0.9805 0.1958
vn 0.1055 0.9762 0.1894
vn 0.1068 0.9886 -0.1065
vn 0.0183 0.9952 -0.0966
vn 0.2671 0.9515 0.1524
vn 0.2310 0.9553 -0.1846
vn 0.0865 0.8806 -0.4660
vn 0.0183 0.8840 -0.4671
vn 0.1609 0.8724 -0.4616
vn 0.9014 0.3828 -0.2026
vn 0.5932 0.4569 -0.6628
vn 0.4076 0.8071 -0.4271
vn 0.5932 0.8050 -0.0049
vn 0.2671 0.4093 -0.8724
vn 0.2310 0.6900 -0.6860
vn 0.0248 0.3900 -0.9205
vn 0.0222 0.6405 -0.7677
vn 0.1068 0.6441 -0.7575
vn 0.1055 0.3925 -0.9137
vn -0.1065 -0.9171 -0.3842
vn -0.1381 -0.9131 -0.3836
vn -0.1281 -0.7597 -0.6375
vn -0.0989 -0.7674 -0.6335
vn -0.0974 -0.4545 -0.8854
vn -0.0763 -0.4686 -0.8801
vn -0.0515 -0.0777 -0.9956
vn -0.0419 -0.0972 -0.9944
vn -0.0125 0.2076 -0.9781
vn -0.0110 0.1972 -0.9803
vn -0.0292 0.9806 0.1940
vn -0.0303 0.9934 -0.1110
vn -0.0297 0.8723 -0.4881
vn -0.0260 0.6254 -0.7799
vn -0.0207 0.3828 -0.9236
vn 0.9437 0.0973 -0.3161
vn 0.5864 0.2384 -0.7742
vn 0.2577 0.2843 -0.9234
vn 0.1069 0.2926 -0.9502
vn 0.0247 0.2942 -0.9554
vn 0.0247 -0.2942 0.9554
vn 0.1069 -0.2926 0.9502
vn 0.2577 -0.2843 0.9234
vn 0.5864 -0.2384 0.7742
vn 0.9437 -0.0973 0.3161
vn -0.0472 -0.9788 -0.1991
vn -0.0438 -0.9948 0.0925
vn -0.0337 -0.8845 0.4653
vn -0.0185 -0.6400 0.7682
vn -0.0048 -0.3881 0.9216
vn -0.0292 0.9199 0.3912
vn -0.0304 0.7588 0.6506
vn -0.0301 0.4466 0.8942
vn -0.0264 0.0784 0.9966
vn -0.0211 -0.2031 0.9789
vn -0.0472 -0.9213 -0.3860
vn -0.0124 -0.2942 0.9557
vn -0.0121 0.2943 -0.9556
vn -0.0413 -0.9549 -0.2940
vn -0.0487 -0.9546 -0.2940
vn -0.0485 -0.9546 -0.2940
vn -0.0410 0.9831 0.1784
vn -0.0414 0.9130 0.4057
vn -0.0487 0.7238 0.6883
vn -0.0567 0.3850 0.9212
vn -0.0484 -0.9546 -0.2940
vn -0.0554 -0.2154 0.9750
vn -0.0525 -0.2932 0.9546
vn -0.0547 0.8366 -0.5451
vn -0.0474 0.9857 -0.1617
vn -0.0511 0.2936 -0.9546
vn -0.0534 0.3698 -0.9276
vn -0.0591 0.0332 0.9977
vn -0.0567 0.5887 -0.8064
vn -0.0456 0.8271 -0.5602
vn -0.0423 0.9838 -0.1740
vn -0.0548 -0.2275 0.9722
vn -0.0564 -0.2977 0.9530
vn -0.0744 -0.9530 -0.2938
vn -0.0737 -0.9530 -0.2938
vn -0.0391 0.9839 0.1745
vn -0.0516 0.0136 0.9986
vn -0.0733 -0.9530 -0.2938
vn -0.0475 0.3689 0.9283
vn -0.0592 0.2875 -0.9559
vn -0.0577 0.3573 -0.9322
vn -0.0435 0.7155 0.6972
vn -0.0394 0.9115 0.4093
vn -0.0516 0.5716 -0.8189
vn -0.0110 -0.3883 0.9215
vn -0.0125 -0.3785 0.9255
vn -0.0048 0.1975 -0.9803
vn -0.1065 -0.9744 -0.1982
vn -0.1381 -0.9707 -0.1964
vn -0.0515 -0.6243 0.7795
vn -0.0419 -0.6397 0.7675
vn -0.0974 -0.8738 0.4764
vn -0.0763 -0.8825 0.4641
vn -0.1281 -0.9867 0.0998
vn -0.0989 -0.9908 0.0921
vn -0.0185 -0.0970 -0.9951
vn -0.0337 -0.4696 -0.8823
vn -0.0438 -0.7704 -0.6360
vn -0.0404 0.9827 0.1809
vn -0.0404 0.9140 0.4036
vn -0.0298 0.5774 -0.8159
vn -0.0312 0.8421 -0.5384
vn -0.0374 0.7292 0.6832
vn -0.0316 0.3935 0.9188
vn -0.0373 0.9873 -0.1545
vn -0.0515 0.2817 -0.9581
vn -0.0365 0.3770 -0.9255
vn -0.0302 0.0338 0.9990
vn -0.0313 -0.1479 0.9885
vn -0.0346 -0.1867 0.9818
vn -0.0307 0.4056 -0.9135
vn -0.8077 -0.5635 -0.1734
vn -0.0926 -0.9514 -0.2936
vn -0.0930 -0.9514 -0.2936
vn -0.0436 -0.3035 0.9518
vn -0.0923 -0.9515 -0.2936
vn -0.0779 -0.9527 -0.2939
vn -0.0780 -0.9527 -0.2939
vn 0.8757 0.0884 0.4746
vn 0.9251 0.2600 0.2767
vn 0.8718 0.2176 0.4389
vn 0.8759 0.0851 0.4749
vn 0.9232 0.3705 0.1024
vn 0.8854 0.3656 0.2870
vn 0.9324 -0.3519 0.0821
vn 0.9250 -0.2115 0.3155
vn 0.9232 -0.3488 0.1614
vn 0.9382 -0.3409 0.0593
vn 0.8718 -0.1432 0.4685
vn 0.8854 -0.3139 0.3428
vn 0.9251 -0.2600 -0.2767
vn 0.9325 -0.3605 -0.0235
vn 0.9382 -0.3460 -0.0030
vn 0.9232 -0.3705 -0.1024
vn 0.9324 0.3519 -0.0821
vn 0.9250 0.2116 -0.3155
vn 0.9232 0.3488 -0.1614
vn 0.9382 0.3409 -0.0593
vn 0.8718 0.1432 -0.4685
vn 0.8854 0.3139 -0.3427
vn 0.9325 0.3605 0.0235
vn 0.9382 0.3460 0.0030
vn 0.8757 -0.0884 -0.4746
vn 0.8718 -0.2176 -0.4389
vn 0.8759 -0.0851 -0.4749
vn 0.8854 -0.3656 -0.2870
vn 0.8757 0.0099 -0.4828
vn 0.8759 0.0065 -0.4824
vn 0.3509 -0.2679 0.8973
vn 0.3143 -0.0392 0.9485
vn 0.3744 -0.4504 0.8105
vn 0.6621 -0.7211 -0.2041
vn 0.6167 -0.6858 -0.3864
vn 0.6559 -0.5808 -0.4821
vn -0.0000 -0.9999 -0.0163
vn -0.0000 -0.9521 -0.3059
vn -0.0000 -0.7625 -0.6469
vn -0.0000 -0.4569 -0.8895
vn -0.0000 -0.1790 -0.9838
vn -0.0000 0.9838 -0.1790
vn -0.0000 0.8895 -0.4569
vn -0.0000 0.6469 -0.7625
vn -0.0000 0.3059 -0.9521
vn -0.0000 0.0163 -0.9999
vn -0.0000 0.9999 0.0163
vn -0.0000 0.9521 0.3059
vn -0.0000 0.7625 0.6469
vn -0.0000 0.4569 0.8895
vn -0.0000 0.1790 0.9838
vn -0.0000 -0.9838 0.1790
vn -0.0000 -0.8895 0.4569
vn -0.0000 -0.6469 0.7625
vn -0.0000 -0.3059 0.9521
vn -0.0000 -0.0163 0.9999
vn 0.2796 0.7542 -0.5941
vn 0.4378 0.8468 0.3020
vn 0.3705 0.7129 -0.5954
vn 0.4041 0.7167 0.5683
vn 0.3557 0.1013 0.9291
vn 0.2936 0.0008 0.9559
vn 0.3445 0.1060 0.9328
vn 0.4504 -0.7380 0.5025
vn 0.2585 -0.5317 0.8065
vn 0.5562 -0.8308 0.0214
vn 0.5499 -0.8260 0.1238
vn 0.3014 -0.0196 -0.9533
vn 0.3107 -0.1243 -0.9423
vn 0.3223 -0.1258 -0.9382
vn 0.3071 0.0186 -0.9515
vn 0.2808 0.4474 -0.8491
vn 0.4505 -0.4372 -0.7784
vn 0.4412 -0.6607 -0.6073
vn 0.8985 0.4158 -0.1409
vn 0.9660 0.1671 -0.1971
vn 0.8970 0.0716 -0.4361
vn 0.8973 0.1416 0.4181
vn 0.9661 0.1968 0.1669
vn 0.8987 0.4329 0.0711
vn 0.8985 -0.4158 0.1409
vn 0.9660 -0.1671 0.1971
vn 0.8970 -0.0716 0.4361
vn 0.8757 -0.0099 0.4828
vn 0.8973 -0.1416 -0.4180
vn 0.9661 -0.1968 -0.1669
vn 0.8987 -0.4328 -0.0711
vn 0.0397 -0.1745 -0.9839
vn 0.1549 -0.1791 -0.9716
vn 0.1749 -0.4551 -0.8731
vn 0.0335 -0.4527 -0.8910
vn 0.1806 -0.7515 -0.6345
vn 0.0244 -0.7606 -0.6488
vn 0.1628 -0.9391 -0.3027
vn 0.0122 -0.9518 -0.3065
vn 0.1347 -0.9908 -0.0149
vn 0.0029 -0.9999 -0.0140
vn 0.1545 -0.0266 0.9876
vn 0.0455 -0.0205 0.9988
vn 0.0460 -0.3066 0.9507
vn 0.1748 -0.3113 0.9341
vn 0.0370 -0.6435 0.7646
vn 0.1805 -0.6379 0.7487
vn 0.0219 -0.8854 0.4644
vn 0.1628 -0.8748 0.4562
vn 0.0068 -0.9825 0.1864
vn 0.1346 -0.9732 0.1862
vn 0.0397 0.1745 0.9839
vn 0.1549 0.1791 0.9716
vn 0.1749 0.4550 0.8731
vn 0.0335 0.4526 0.8911
vn 0.1806 0.7515 0.6345
vn 0.0244 0.7606 0.6488
vn 0.1628 0.9391 0.3027
vn 0.0122 0.9518 0.3065
vn 0.1347 0.9908 0.0149
vn 0.0029 0.9999 0.0140
vn 0.1545 0.0266 -0.9876
vn 0.0455 0.0205 -0.9988
vn 0.0460 0.3066 -0.9507
vn 0.1748 0.3113 -0.9341
vn 0.0370 0.6435 -0.7645
vn 0.1805 0.6379 -0.7487
vn 0.0219 0.8854 -0.4644
vn 0.1628 0.8748 -0.4562
vn 0.0068 0.9825 -0.1864
vn 0.1346 0.9732 -0.1862
vn 0.2641 0.1552 0.9519
vn 0.3151 0.4173 0.8524
vn 0.3394 0.7181 0.6076
vn 0.3116 0.9113 0.2690
vn 0.2785 0.9567 -0.0845
vn 0.2592 0.0076 -0.9658
vn 0.3026 0.2793 -0.9113
vn 0.3265 0.6114 -0.7208
vn 0.3030 0.8543 -0.4223
vn 0.2785 -0.9567 0.0845
vn 0.3030 -0.8543 0.4223
vn 0.3265 -0.6114 0.7208
vn 0.3026 -0.2794 0.9113
vn 0.2592 -0.0076 0.9658
vn 0.2641 -0.1552 -0.9519
vn 0.3151 -0.4173 -0.8524
vn 0.3394 -0.7181 -0.6076
vn 0.3116 -0.9113 -0.2690
vn 0.4402 0.4362 -0.7849
vn 0.4127 0.2568 -0.8739
vn 0.5511 0.5591 -0.6195
vn 0.4246 0.8957 -0.1321
vn 0.5424 0.7608 -0.3564
vn 0.5840 0.6792 0.4446
vn 0.5665 0.7924 0.2262
vn 0.5373 0.3561 0.7645
vn 0.5764 0.5080 0.6401
vn 0.4342 0.9001 -0.0350
vn 0.5743 -0.7205 0.3886
vn 0.4544 -0.5934 0.6643
vn 0.4748 -0.3662 -0.8003
vn 0.5298 -0.5272 -0.6643
vn 1.0000 -0.0000 0.0001
vn 1.0000 -0.0000 -0.0001
vn 0.8759 -0.0065 0.4824
vn -0.0030 -0.9956 0.0939
vn -0.4246 -0.8685 -0.2557
vn 0.0370 0.9659 0.2563
vn 0.0323 0.8091 0.5868
vn 0.1456 0.8311 0.5368
vn 0.1584 0.9602 0.2301
vn 0.0255 0.6263 0.7792
vn 0.0909 0.6354 0.7668
vn 0.3457 0.7770 0.5262
vn 0.3982 0.9040 0.1556
vn 0.1926 0.6303 0.7521
vn 0.0224 0.1448 0.9892
vn 0.0952 0.1401 0.9855
vn 0.0933 0.3993 0.9121
vn 0.0213 0.3923 0.9196
vn 0.3855 0.1430 0.9115
vn 0.3121 0.4246 0.8499
vn 0.9612 0.2235 0.1615
vn 0.7397 0.6480 0.1813
vn 0.6103 0.5592 0.5611
vn 0.7937 0.1803 0.5810
vn 0.0371 0.9668 -0.2529
vn 0.1584 0.9609 -0.2272
vn 0.1446 0.8293 -0.5397
vn 0.0322 0.8073 -0.5892
vn 0.3978 0.9044 -0.1540
vn 0.3443 0.7742 -0.5311
vn 0.0883 0.6246 -0.7759
vn 0.0248 0.6150 -0.7881
vn 0.1877 0.6201 -0.7618
vn 0.9614 0.2237 -0.1604
vn 0.7918 0.1800 -0.5837
vn 0.6086 0.5576 -0.5646
vn 0.7396 0.6486 -0.1799
vn 0.3774 0.1399 -0.9154
vn 0.3055 0.4160 -0.8565
vn 0.0213 0.1405 -0.9899
vn 0.0204 0.3810 -0.9244
vn 0.0893 0.3887 -0.9170
vn 0.0905 0.1361 -0.9866
vn -0.0000 0.9691 -0.2467
vn -0.0000 0.8092 -0.5876
vn -0.0000 0.6083 -0.7937
vn -0.0000 0.3791 -0.9254
vn -0.0000 0.1410 -0.9900
vn -0.0000 0.9682 0.2501
vn -0.0000 0.9601 0.2797
vn -0.0000 0.7894 0.6139
vn -0.0000 0.8111 0.5849
vn -0.0000 0.5710 0.8209
vn -0.0000 0.6200 0.7846
vn -0.0000 0.3451 0.9386
vn -0.0000 0.3905 0.9206
vn -0.0000 0.0775 0.9970
vn -0.0000 0.1453 0.9894
vn -0.0000 0.9613 -0.2757
vn 0.4048 -0.0000 0.9144
vn 0.0986 -0.0000 0.9951
vn 0.8002 -0.0000 0.5997
vn 0.9845 -0.0000 0.1756
vn 0.0936 -0.0000 -0.9956
vn 0.0216 -0.0000 -0.9998
vn 0.3846 -0.0000 0.9231
vn 0.7976 -0.0000 -0.6031
vn 0.3760 -0.0000 -0.9266
vn 0.9847 -0.0000 -0.1744
vn 0.7917 -0.0000 -0.6110
vn 0.9787 -0.0000 -0.2053
vn 0.0228 -0.0000 0.9997
vn 0.3959 -0.0000 -0.9183
vn 0.9783 -0.0000 0.2072
vn 0.7940 -0.0000 0.6079
vn 0.3759 -0.0000 -0.9266
vn 0.0213 -0.0000 -0.9998
vn 0.0225 -0.0000 0.9997
vn -0.0000 0.0751 -0.9972
vn -0.0000 0.3348 -0.9423
vn -0.0000 0.5580 -0.8299
vn -0.0000 0.7855 -0.6189
vn 0.0001 -1.0000 0.0002
vn -0.0000 -1.0000 0.0002
vn 0.0001 -1.0000 -0.0002
vn 0.0002 -1.0000 -0.0002
vn 0.0006 -1.0000 -0.0003
vn 0.0004 -1.0000 0.0002
vn 0.0002 -1.0000 0.0002
vn 0.0003 -1.0000 0.0002
vn 0.9931 -0.1170 -0.0000
vn 0.0010 -1.0000 -0.0003
vn 0.9932 -0.1162 -0.0000
vn 0.0202 -0.9998 -0.0001
vn -0.0000 -1.0000 -0.0002
vn 0.0197 -0.9998 -0.0001
vn 0.0202 -0.9998 0.0001
vn 0.0197 -0.9998 0.0001
vn 0.4130 -0.4882 0.7688
vn 0.1339 -0.1474 0.9800
vn 0.0911 -0.1096 0.9898
vn 0.2628 -0.3026 0.9162
vn 0.6634 -0.7371 -0.1290
vn 0.6633 -0.7370 0.1298
vn 0.6594 -0.7355 0.1556
vn 0.6595 -0.7357 -0.1544
vn 0.4072 -0.4822 -0.7757
vn 0.5944 -0.6849 -0.4215
vn 0.5430 -0.6346 -0.5500
vn 0.2547 -0.2946 -0.9211
vn 0.5948 -0.6854 0.4200
vn 0.5455 -0.6372 0.5444
vn 0.0868 -0.1060 -0.9906
vn 0.0248 -0.0425 -0.9988
vn 0.1274 -0.1415 -0.9817
vn 0.0273 -0.0112 0.9996
vn 0.0262 -0.0432 0.9987
vn 0.0049 -0.2639 -0.9646
vn 0.0036 -0.1940 -0.9810
vn 0.0264 -0.4150 -0.9094
vn 0.0219 -0.4045 -0.9143
vn 0.0011 -0.0621 0.9981
vn 0.0155 -0.0708 0.9974
vn 0.0015 -0.0810 0.9967
vn 0.0049 -0.2638 0.9646
vn 0.0036 -0.1940 0.9810
vn 0.0013 -0.0741 0.9972
vn 0.0015 -0.0810 -0.9967
vn 0.0013 -0.0741 -0.9972
vn 0.0259 -0.0106 -0.9996
vn 0.0011 -0.0621 -0.9981
vn 0.0219 -0.4045 0.9143
vn 0.0264 -0.4150 0.9094
vn -0.3600 -0.9329 -0.0000
vn -0.6374 -0.7705 -0.0000
vn 0.1603 -0.4260 -0.8904
vn 0.0480 -0.4323 -0.9004
vn 0.9592 -0.2827 -0.0000
vn 0.0480 -0.4323 0.9004
vn 0.1603 -0.4260 0.8904
vn 0.0056 0.1656 -0.9862
vn 0.1075 -0.2085 0.9721
vn 0.3745 -0.4131 0.8301
vn 0.4258 -0.4025 0.8104
vn 0.7775 -0.2403 0.5811
vn 0.7609 -0.2524 0.5977
vn 0.9808 -0.0493 0.1884
vn 0.9802 -0.0501 0.1917
vn 0.9802 -0.0501 -0.1917
vn 0.9808 -0.0493 -0.1884
vn 0.7775 -0.2403 -0.5811
vn 0.7609 -0.2524 -0.5977
vn 0.3745 -0.4131 -0.8301
vn 0.4258 -0.4025 -0.8104
vn 0.1075 -0.2085 -0.9721
vn 0.0056 0.1656 0.9862
vn 0.0147 -0.0705 -0.9974
vn -0.0000 0.1951 -0.9808
vn -0.0000 0.5556 0.8315
vn -0.0000 0.3827 0.9239
vn -0.0000 -0.3827 0.9239
vn -0.0000 -0.5556 0.8315
vn -0.0000 -0.1951 -0.9808
vn -0.0000 0.7071 0.7071
vn -0.0000 -0.1951 0.9808
vn -0.0000 -0.3827 -0.9239
vn -0.0000 0.8315 0.5556
vn -0.0000 -0.5556 -0.8315
vn -0.0000 0.9239 0.3827
vn -0.0000 -0.7071 -0.7071
vn -0.0000 0.9808 0.1951
vn -0.0000 -0.8315 -0.5556
vn -0.0000 -0.9239 -0.3827
vn -0.0000 0.9808 -0.1951
vn -0.0000 -0.9808 -0.1951
vn -0.0000 0.9239 -0.3827
vn -0.0000 0.8315 -0.5556
vn -0.0000 -0.9808 0.1951
vn -0.0000 0.7071 -0.7071
vn -0.0000 -0.9239 0.3827
vn -0.0000 0.5556 -0.8315
vn -0.0000 -0.8315 0.5556
vn -0.0000 0.3827 -0.9239
vn -0.0000 0.1951 0.9808
vn -0.0000 -0.7071 0.7071
vn 0.0494 -0.5387 -0.8410
vn 0.0501 -0.6911 -0.7210
vn 0.0501 -0.6914 -0.7207
vn 0.0494 -0.5390 -0.8409
vn 0.0516 0.9168 0.3961
vn 0.0520 0.9778 0.2029
vn 0.0520 0.9778 0.2027
vn 0.0516 0.9169 0.3959
vn 0.0509 -0.8193 -0.5711
vn 0.0509 -0.8195 -0.5708
vn 0.0522 0.9986 -0.0000
vn 0.0516 -0.9168 -0.3961
vn 0.0516 -0.9169 -0.3959
vn 0.0520 0.9778 -0.2029
vn 0.0520 0.9778 -0.2027
vn 0.0520 -0.9778 -0.2029
vn 0.0520 -0.9778 -0.2027
vn 0.0516 0.9168 -0.3961
vn 0.0516 0.9169 -0.3959
vn 0.0522 -0.9986 -0.0000
vn 0.0509 0.8193 -0.5711
vn 0.0509 0.8195 -0.5708
vn 0.0520 -0.9778 0.2029
vn 0.0520 -0.9778 0.2027
vn 0.0501 0.6911 -0.7210
vn 0.0501 0.6914 -0.7207
vn 0.0516 -0.9168 0.3961
vn 0.0516 -0.9169 0.3959
vn 0.0494 0.5387 -0.8410
vn 0.0494 0.5390 -0.8409
vn 0.0509 -0.8193 0.5711
vn 0.0509 -0.8195 0.5708
vn 0.0488 0.3686 -0.9283
vn 0.0488 0.3688 -0.9282
vn 0.0482 -0.0000 0.9988
vn 0.0483 0.1871 0.9812
vn 0.0483 0.1872 0.9811
vn 0.0501 -0.6912 0.7210
vn 0.0501 -0.6914 0.7207
vn 0.0483 0.1871 -0.9812
vn 0.0483 0.1872 -0.9811
vn 0.0488 0.3686 0.9283
vn 0.0488 0.3688 0.9282
vn 0.0494 -0.5387 0.8410
vn 0.0494 -0.5390 0.8409
vn 0.0482 -0.0000 -0.9988
vn 0.0494 0.5387 0.8410
vn 0.0494 0.5390 0.8409
vn 0.0488 -0.3686 0.9283
vn 0.0488 -0.3688 0.9282
vn 0.0483 -0.1871 -0.9812
vn 0.0483 -0.1872 -0.9811
vn 0.0501 0.6912 0.7210
vn 0.0501 0.6914 0.7207
vn 0.0483 -0.1871 0.9812
vn 0.0483 -0.1872 0.9811
vn 0.0488 -0.3686 -0.9283
vn 0.0488 -0.3688 -0.9282
vn 0.0509 0.8193 0.5711
vn 0.0509 0.8195 0.5708
vn 0.5625 0.7750 -0.2880
vn 0.6071 0.6739 -0.4211
vn 0.6185 0.6428 -0.4521
vn 0.5711 0.7575 -0.3162
vn 0.2366 -0.9716 -0.0000
vn 0.2464 -0.9594 0.1376
vn 0.2470 -0.9586 0.1416
vn 0.6497 0.5377 -0.5373
vn 0.6590 0.4975 -0.5641
vn 0.2752 -0.9220 0.2722
vn 0.2773 -0.9193 0.2791
vn 0.6787 0.3763 -0.6306
vn 0.6829 0.3340 -0.6497
vn 0.3215 -0.8582 0.4001
vn 0.3250 -0.8531 0.4081
vn 0.6874 0.2003 -0.6981
vn 0.6863 0.1624 -0.7089
vn 0.6391 -0.1640 0.7515
vn 0.6737 0.0181 0.7387
vn 0.6695 -0.0109 0.7427
vn 0.6345 -0.1820 0.7512
vn 0.3817 -0.7667 0.5162
vn 0.3859 -0.7600 0.5229
vn 0.6737 0.0181 -0.7387
vn 0.6695 -0.0109 -0.7427
vn 0.6874 0.2003 0.6981
vn 0.6863 0.1624 0.7089
vn 0.4507 -0.6476 0.6144
vn 0.4539 -0.6417 0.6182
vn 0.6391 -0.1640 -0.7515
vn 0.6345 -0.1820 -0.7512
vn 0.6787 0.3763 0.6306
vn 0.6829 0.3340 0.6497
vn 0.5216 -0.5036 0.6887
vn 0.5221 -0.5023 0.6892
vn 0.5866 -0.3402 -0.7350
vn 0.5841 -0.3472 -0.7337
vn 0.6497 0.5377 0.5373
vn 0.6590 0.4975 0.5641
vn 0.5866 -0.3402 0.7350
vn 0.5841 -0.3473 0.7337
vn 0.5216 -0.5036 -0.6887
vn 0.5221 -0.5023 -0.6892
vn 0.6071 0.6739 0.4211
vn 0.6185 0.6428 0.4521
vn 0.4507 -0.6476 -0.6144
vn 0.4539 -0.6417 -0.6182
vn 0.5625 0.7750 0.2880
vn 0.5711 0.7575 0.3162
vn 0.3817 -0.7667 -0.5162
vn 0.3859 -0.7600 -0.5229
vn 0.5294 0.8358 0.1456
vn 0.5324 0.8307 0.1626
vn 0.3215 -0.8582 -0.4001
vn 0.3250 -0.8531 -0.4081
vn 0.5173 0.8558 -0.0000
vn 0.2752 -0.9220 -0.2722
vn 0.2773 -0.9193 -0.2791
vn 0.5294 0.8358 -0.1456
vn 0.5324 0.8307 -0.1626
vn 0.2464 -0.9594 -0.1376
vn 0.2470 -0.9586 -0.1416
vn 0.5555 -0.8315 -0.0000
vn 0.5550 -0.8319 -0.0000
vn 0.9256 -0.3785 -0.0000
vn 0.9482 -0.3155 0.0375
vn 0.7633 -0.6460 -0.0000
vn 0.7584 -0.6518 -0.0000
vn 0.9329 -0.3591 0.0279
vn 0.4336 -0.9011 -0.0000
vn 0.1398 -0.9902 -0.0000
vn 0.4313 -0.9022 -0.0000
vn 0.9807 -0.1905 0.0430
vn 0.9792 -0.2024 0.0114
vn -0.0000 0.9527 -0.3040
vn -0.0000 0.9575 0.2885
vn 0.3664 0.8846 0.2885
vn 0.3646 0.8801 -0.3040
vn 0.6770 0.6770 0.2885
vn 0.6736 0.6736 -0.3040
vn 0.8846 0.3664 0.2885
vn 0.8801 0.3646 -0.3040
vn 0.9575 -0.0000 0.2885
vn 0.9527 -0.0000 -0.3040
vn 0.8846 -0.3664 0.2885
vn 0.8801 -0.3646 -0.3040
vn 0.6770 -0.6770 0.2885
vn 0.6736 -0.6736 -0.3040
vn 0.3664 -0.8846 0.2885
vn 0.3646 -0.8801 -0.3040
vn -0.0000 -0.9575 0.2885
vn -0.0000 -0.9527 -0.3040
vn -0.3664 -0.8846 0.2885
vn -0.3646 -0.8801 -0.3040
vn -0.6770 -0.6770 0.2885
vn -0.6736 -0.6736 -0.3040
vn -0.8846 -0.3664 0.2885
vn -0.8801 -0.3646 -0.3040
vn -0.9575 -0.0000 0.2885
vn -0.9527 -0.0000 -0.3040
vn -0.8846 0.3664 0.2885
vn -0.8801 0.3646 -0.3040
vn -0.6770 0.6770 0.2885
vn -0.6736 0.6736 -0.3040
vn 0.5068 -0.0000 0.8621
vn 0.4682 -0.1939 0.8621
vn -0.3664 0.8846 0.2885
vn -0.3646 0.8801 -0.3040
vn -0.3470 -0.3470 -0.8713
vn -0.1878 -0.4534 -0.8713
vn -0.4534 -0.1878 -0.8713
vn -0.4907 -0.0000 -0.8713
vn -0.1939 -0.4682 0.8621
vn -0.3584 -0.3584 0.8621
vn -0.3584 0.3584 0.8621
vn -0.1940 0.4682 0.8621
vn 0.3584 0.3584 0.8621
vn 0.4682 0.1939 0.8621
vn 0.1939 -0.4682 0.8621
vn -0.0000 -0.5068 0.8621
vn -0.0000 0.5068 0.8621
vn 0.1939 0.4682 0.8621
vn -0.5068 -0.0000 0.8621
vn -0.4682 0.1939 0.8621
vn 0.3584 -0.3584 0.8621
vn -0.4682 -0.1939 0.8621
vn -0.4534 0.1878 -0.8713
vn -0.1878 0.4534 -0.8713
vn -0.3470 0.3470 -0.8713
vn 0.4534 0.1878 -0.8713
vn 0.3470 0.3470 -0.8713
vn -0.0000 -0.4907 -0.8713
vn 0.1878 -0.4534 -0.8713
vn 0.1878 0.4534 -0.8713
vn -0.0000 0.4907 -0.8713
vn 0.3470 -0.3470 -0.8713
vn 0.4534 -0.1878 -0.8713
vn 0.4907 -0.0000 -0.8713
vn 0.1398 -0.9902 -0.0001
vn -0.3671 -0.9286 -0.0543
vn -0.3671 -0.9286 0.0543
vn -0.4503 -0.8907 0.0631
vn -0.4503 -0.8907 -0.0631
vn -0.0675 -0.2693 0.9607
vn 0.0087 -0.0970 0.9952
vn -0.1080 -0.2854 0.9523
vn 0.0268 -0.1239 -0.9919
vn -0.0675 -0.2693 -0.9607
vn 0.0087 -0.0970 -0.9952
vn -0.2391 -0.9710 -0.0000
vn -0.0625 -0.9980 -0.0000
vn -0.0193 -0.8877 -0.4599
vn -0.0193 -0.8877 0.4600
vn -0.0162 -0.8705 0.4920
vn -0.0162 -0.8705 -0.4920
vn 0.0238 -0.8863 -0.4625
vn 0.0238 -0.8863 0.4625
vn -0.8872 -0.4614 -0.0000
vn -0.5722 -0.8201 -0.0000
vn 0.0138 -0.8133 -0.5817
vn 0.0138 -0.8133 0.5817
vn 0.0423 -0.8788 0.4753
vn 0.0423 -0.8788 -0.4753
vn 0.0268 -0.1239 0.9919
vn 0.4336 -0.9011 -0.0001
vn 0.4313 -0.9022 -0.0001
vn 0.9482 -0.3155 -0.0376
vn 0.9329 -0.3592 -0.0279
vn 0.9792 -0.2024 -0.0113
vn 0.9807 -0.1906 -0.0432
vn -0.0166 -0.1555 -0.9877
vn -0.5186 -0.8522 -0.0698
vn -0.4937 -0.8326 -0.2509
vn -0.4285 -0.8652 -0.2603
vn -0.4251 -0.7504 -0.5062
vn -0.3554 -0.7724 -0.5264
vn -0.2971 -0.5717 -0.7648
vn -0.2212 -0.5624 -0.7967
vn -0.1080 -0.2854 -0.9523
vn -0.2971 -0.5717 0.7648
vn -0.2212 -0.5624 0.7967
vn -0.4251 -0.7504 0.5062
vn -0.3554 -0.7724 0.5264
vn -0.4937 -0.8326 0.2508
vn -0.4285 -0.8652 0.2603
vn -0.5186 -0.8522 0.0697
vn -0.0166 -0.1555 0.9877
vn -0.3494 -0.9056 0.2404
vn -0.2946 -0.8003 0.5223
vn -0.1554 -0.4893 0.8581
vn -0.1554 -0.4894 -0.8581
vn -0.2946 -0.8003 -0.5223
vn -0.3494 -0.9056 -0.2404
vn -0.0000 -0.0003 1.0000
vn -0.0459 -0.1931 0.9801
vn -0.0093 -0.0074 0.9999
vn -0.0000 -0.0003 -1.0000
vn -0.0093 -0.0074 -0.9999
vn -0.0459 -0.1931 -0.9801
vn -0.0353 -0.2792 0.9596
vn 0.0211 -0.3998 0.9164
vn -0.0038 -0.3753 0.9269
vn -0.0030 -0.3589 0.9334
vn 0.0995 -0.6367 0.7647
vn 0.0570 -0.4274 0.9023
vn 0.0211 -0.3998 -0.9164
vn -0.0353 -0.2792 -0.9596
vn -0.0030 -0.3589 -0.9334
vn -0.0038 -0.3753 -0.9269
vn 0.0995 -0.6367 -0.7647
vn 0.0570 -0.4274 -0.9023
vn -0.7418 0.6706 -0.0000
vn -0.7418 0.6706 0.0002
vn -0.7418 0.6706 -0.0002
vn -0.9469 0.3215 -0.0000
vn -0.9470 0.3211 -0.0000
vn -0.9427 0.3337 -0.0000
vn -0.9426 0.3338 -0.0000
vn -0.9356 0.3532 -0.0000
vn -0.1857 0.5105 0.8396
vn -0.1362 0.2435 0.9603
vn -0.0673 0.2599 0.9633
vn -0.0669 0.5033 0.8615
vn -0.2245 0.7166 0.6604
vn -0.0642 0.7165 0.6946
vn -0.2436 0.9502 0.1946
vn -0.2474 0.8504 0.4644
vn -0.0619 0.8556 0.5139
vn -0.0585 0.9788 0.1963
vn -0.2470 0.8489 -0.4672
vn -0.2438 0.9507 -0.1918
vn -0.0585 0.9792 -0.1942
vn -0.0620 0.8558 -0.5136
vn -0.2238 0.7074 -0.6704
vn -0.0642 0.7071 -0.7042
vn -0.1350 0.2382 -0.9618
vn -0.1840 0.4993 -0.8466
vn -0.0667 0.4910 -0.8686
vn -0.0670 0.2536 -0.9650
vn -0.0944 0.0506 0.9942
vn -0.0698 0.0456 0.9965
vn -0.0942 0.0504 -0.9943
vn -0.0696 0.0455 -0.9965
vn -0.0976 0.0566 -0.9936
vn -0.0828 0.0563 -0.9950
vn -0.0978 0.0567 0.9936
vn -0.0830 0.0564 0.9950
vn -0.0993 0.0604 0.9932
vn -0.0957 0.0715 0.9928
vn -0.0990 0.0603 -0.9933
vn -0.0955 0.0714 -0.9929
vn -0.3473 -0.9378 -0.0000
vn -0.3472 -0.9378 -0.0000
vn -0.5883 -0.8086 -0.0000
vn -0.0515 -0.9987 -0.0000
vn -0.0426 -0.9991 -0.0000
vn -0.1321 0.0712 -0.9887
vn -0.1310 0.0689 -0.9890
vn -0.1173 0.0585 -0.9914
vn -0.1222 0.0640 -0.9904
vn -0.1324 0.0696 0.9887
vn -0.1335 0.0719 0.9884
vn -0.1233 0.0645 0.9903
vn -0.1182 0.0589 0.9912
vn -0.1297 0.0657 0.9894
vn -0.1204 0.0585 0.9910
vn -0.1283 0.0650 -0.9896
vn -0.1195 0.0581 -0.9911
vn -0.1385 0.2393 -0.9610
vn -0.1484 0.2626 -0.9534
vn -0.1401 0.2449 0.9594
vn -0.1498 0.2682 0.9516
vn -0.1588 0.9773 -0.1403
vn -0.1590 0.9769 0.1424
vn -0.3256 0.9341 0.1462
vn -0.3253 0.9346 -0.1440
vn -0.1539 0.5920 -0.7911
vn -0.1628 0.7949 -0.5845
vn -0.2691 0.7619 -0.5892
vn -0.2123 0.5688 -0.7946
vn -0.1643 0.9156 -0.3671
vn -0.3040 0.8775 -0.3709
vn -0.1643 0.9169 0.3638
vn -0.1631 0.8038 0.5721
vn -0.2707 0.7701 0.5777
vn -0.3036 0.8789 0.3679
vn -0.1551 0.6043 0.7815
vn -0.2146 0.5801 0.7858
vn -0.7419 0.6706 0.0004
vn -0.7419 0.6706 -0.0004
vn -0.7421 0.6703 0.0005
vn -0.7425 0.6698 0.0002
vn -0.7427 0.6696 -0.0000
vn -0.7371 0.6758 -0.0000
vn -0.7363 0.6767 -0.0000
vn -0.7431 0.6653 -0.0722
vn -0.7477 0.6553 -0.1076
vn -0.7998 0.5545 -0.2300
vn -0.7882 0.5760 -0.2168
vn -0.8540 0.4635 -0.2362
vn -0.8483 0.4710 -0.2420
vn -0.9099 0.3966 -0.1213
vn -0.9168 0.3868 -0.0996
vn -0.9101 0.3965 0.1201
vn -0.9171 0.3864 0.0978
vn -0.8537 0.4644 0.2359
vn -0.8475 0.4722 0.2424
vn -0.7979 0.5561 0.2325
vn -0.7859 0.5785 0.2184
vn -0.7425 0.6659 0.0732
vn -0.7466 0.6565 0.1077
vn -0.7421 0.6703 -0.0005
vn -0.7425 0.6698 -0.0002
vn -0.5805 -0.0000 0.8143
vn 0.1557 0.5831 0.7974
vn 0.0880 0.6112 0.7866
vn 0.0829 0.6116 0.7868
vn 0.1493 0.5882 0.7948
vn -0.0041 0.9867 0.1626
vn -0.0082 0.9853 0.1705
vn -0.0067 0.9858 0.1675
vn -0.0111 0.9848 0.1734
vn -0.0006 0.9837 0.1797
vn -0.0006 0.9884 0.1515
vn 0.3140 0.7697 -0.5558
vn 0.3482 0.7652 -0.5415
vn 0.2721 0.7738 -0.5721
vn 0.2869 0.7544 -0.5904
vn 0.2490 0.7504 -0.6123
vn 0.2897 0.8796 -0.3772
vn 0.2203 0.7561 -0.6163
vn 0.6618 0.7333 -0.1559
vn 0.6685 0.7328 -0.1268
vn 0.6356 0.7594 0.1389
vn 0.6362 0.7590 0.1381
vn 0.5692 0.7925 0.2191
vn 0.6360 0.6836 -0.3579
vn 0.6363 0.6832 -0.3582
vn 0.6858 0.6162 -0.3873
vn 0.6854 0.6166 -0.3873
vn 0.1090 0.5768 0.8096
vn 0.1068 0.5777 0.8093
vn 0.1290 0.5908 0.7964
vn 0.1285 0.5929 0.7950
vn 0.2340 0.6173 0.7511
vn 0.2325 0.6173 0.7516
vn 0.4114 0.6071 0.6799
vn 0.4163 0.6067 0.6772
vn 0.5533 0.6025 0.5752
vn 0.5501 0.6024 0.5783
vn 0.6697 0.6191 0.4101
vn 0.6714 0.6196 0.4066
vn 0.7528 0.6346 0.1752
vn 0.7512 0.6345 0.1818
vn 0.7810 0.6228 -0.0459
vn 0.7811 0.6226 -0.0480
vn 0.7470 0.6032 -0.2796
vn 0.7521 0.6046 -0.2623
vn 0.0032 0.9874 0.1583
vn 0.0013 0.9978 0.0668
vn 0.0008 0.9985 0.0541
vn -0.0008 0.9996 0.0287
vn -0.0016 0.9996 0.0272
vn -0.0014 0.9994 0.0360
vn -0.0006 0.9988 0.0489
vn -0.0001 0.9993 0.0362
vn -0.0001 0.9998 0.0195
vn 0.0058 0.9826 0.1858
vn 0.0463 0.9961 0.0755
vn 0.0684 0.9777 0.1987
vn 0.0677 0.9904 0.1204
vn 0.0426 0.9964 0.0736
vn 0.0223 0.9982 0.0554
vn 0.0237 0.9981 0.0574
vn 0.0170 0.9991 0.0377
vn 0.0176 0.9990 0.0417
vn 0.0098 0.9995 0.0311
vn 0.0118 0.9996 0.0253
vn 0.0081 0.9995 0.0305
vn 0.0089 0.9997 0.0219
vn 0.0061 0.9999 0.0146
vn 0.0070 0.9999 0.0151
vn 0.0015 1.0000 0.0046
vn 0.0020 1.0000 0.0061
vn 0.0033 0.9818 0.1901
vn 0.7619 0.5367 -0.3626
vn 0.8223 0.5409 0.1770
vn 0.8290 0.5403 0.1445
vn 0.7610 0.5366 -0.3645
vn 0.6799 0.6360 0.3649
vn 0.6950 0.6172 0.3689
vn 0.6983 0.6129 0.3698
vn 0.7323 0.5625 0.3837
vn 0.7334 0.5607 0.3843
vn 0.5959 0.5219 -0.6103
vn 0.6011 0.5121 -0.6135
vn 0.6059 0.5839 -0.5403
vn 0.7261 0.4377 -0.5302
vn 0.7611 0.3788 -0.5265
vn 0.5839 0.5572 -0.5905
vn 0.5845 0.5421 -0.6037
vn 0.4014 0.7932 0.4579
vn 0.4890 0.8320 0.2620
vn 0.4717 0.8235 0.3152
vn 0.3478 0.7714 0.5328
vn 0.2074 0.7546 0.6225
vn 0.2801 0.7507 0.5983
vn 0.2475 0.7541 0.6084
vn 0.1738 0.7520 0.6359
vn 0.0625 0.7128 0.6986
vn 0.1361 0.7445 0.6536
vn 0.1011 0.7330 0.6727
vn 0.0137 0.6776 0.7353
vn -0.0109 0.6515 0.7586
vn -0.0253 0.6376 0.7699
vn -0.0344 0.6395 0.7680
vn -0.0219 0.6146 0.7886
vn 0.0677 0.9977 -0.0004
vn 0.0801 0.9968 -0.0012
vn 0.0649 0.9979 0.0005
vn 0.0682 0.9977 0.0032
vn -0.8324 0.2162 0.5102
vn -0.2807 0.1775 0.9432
vn -0.2563 0.1744 0.9507
vn -0.8380 0.2160 0.5010
vn 0.0321 0.9995 0.0067
vn 0.0464 0.9989 -0.0003
vn 0.0880 0.1217 0.9887
vn 0.0495 0.9988 -0.0018
vn 0.0822 0.7970 0.5984
vn 0.0742 0.7676 0.6366
vn 0.0759 0.7846 0.6153
vn 0.0846 0.7568 0.6482
vn 0.0810 0.7507 0.6556
vn 0.0764 0.7548 0.6515
vn 0.0764 0.6454 0.7600
vn 0.0773 0.6338 0.7697
vn 0.0798 0.5999 0.7960
vn 0.0509 0.9784 0.2003
vn 0.1009 0.9931 0.0597
vn 0.0771 0.9936 0.0823
vn 0.0889 0.7817 0.6172
vn 0.0882 0.7679 0.6344
vn 0.0896 0.7947 0.6004
vn 0.0458 0.9625 0.2673
vn 0.0627 0.9931 0.0988
vn -0.2238 0.1662 -0.9604
vn 0.1349 0.9891 0.0597
vn 0.0001 0.9994 0.0344
vn -0.0021 1.0000 -0.0018
vn -0.0015 1.0000 -0.0028
vn -0.0002 0.9999 0.0162
vn -0.0045 0.9960 0.0890
vn -0.0034 0.9963 0.0863
vn -0.0011 0.9968 0.0804
vn 0.0001 0.9973 0.0731
vn 0.0004 0.9980 0.0628
vn -0.3290 -0.0000 0.9443
vn -0.7821 -0.0000 0.6232
vn 0.4751 -0.0000 0.8799
vn 0.2007 -0.0000 0.9796
vn -0.9025 -0.0000 0.4307
vn 0.6885 -0.0000 0.7253
vn 0.6005 -0.0000 0.7996
vn 0.8327 -0.0000 0.5537
vn 0.7689 -0.0000 0.6393
vn 0.5280 -0.0000 0.8492
vn 0.4169 -0.0000 0.9089
vn 0.2434 -0.0000 0.9699
vn 0.1002 -0.0000 0.9950
vn 0.0129 -0.0000 0.9999
vn -0.5447 0.0012 0.8386
vn -0.3477 -0.1801 0.9201
vn -0.1876 -0.2945 0.9370
vn 0.0122 -0.4694 0.8829
vn 0.0170 -0.5377 0.8430
vn 0.0878 -0.5617 0.8227
vn 0.0851 -0.4667 0.8803
vn 0.0240 -0.6318 0.7747
vn 0.1529 -0.6947 0.7029
vn 0.1635 -0.9865 -0.0074
vn 0.1126 -0.9936 0.0024
vn 0.0778 -0.9969 0.0095
vn 0.4041 -0.9147 0.0051
vn 0.3310 -0.9436 0.0108
vn 0.3469 -0.7540 0.5578
vn 0.3023 -0.7731 0.5575
vn 0.3006 -0.7849 0.5419
vn 0.2894 -0.8122 0.5066
vn 0.2262 -0.4926 0.8403
vn 0.2537 -0.6438 0.7219
vn 0.0089 -0.9997 0.0228
vn -0.0013 -0.9996 0.0274
vn -0.5217 -0.5003 0.6910
vn -0.5673 -0.6394 0.5190
vn -0.4827 -0.4114 0.7732
vn -0.5153 -0.8476 0.1271
vn -0.5240 -0.8002 0.2918
vn -0.6887 -0.6733 0.2690
vn -0.7101 -0.6309 0.3128
vn -0.5295 -0.0000 0.8483
vn -0.9598 0.1787 0.2165
vn -0.9538 0.0979 0.2840
vn -0.9508 0.0785 0.2996
vn -0.0655 0.9979 0.0006
vn -0.0982 0.1481 0.9841
vn -0.0884 0.1370 0.9866
vn -0.0983 0.1463 0.9843
vn -0.1059 0.1491 0.9831
vn -0.8640 0.5035 -0.0003
vn -0.1265 0.5358 0.8348
vn -0.1731 0.6842 0.7084
vn -0.1060 0.7117 0.6944
vn -0.0553 0.4899 0.8700
vn -0.0445 0.4839 0.8740
vn -0.1174 0.5356 0.8363
vn 0.2067 0.5103 0.8348
vn 0.0460 0.4951 0.8676
vn 0.1738 0.5048 0.8456
vn 0.4021 0.5422 0.7378
vn 0.3816 0.5344 0.7542
vn 0.8574 -0.0000 0.5147
vn 0.0004 1.0000 0.0026
vn -0.0000 1.0000 0.0011
vn 0.0006 1.0000 0.0011
vn 0.0002 1.0000 0.0018
vn -0.0002 1.0000 0.0005
vn 0.6836 -0.7298 0.0027
vn 0.0295 0.3681 0.9293
vn 0.7349 0.5739 0.3613
vn 0.7248 0.6268 0.2858
vn 0.7257 0.6282 0.2806
vn 0.7454 0.6661 0.0237
vn 0.6036 0.5818 0.5451
vn 0.6168 0.5825 0.5295
vn -0.0725 0.1406 0.9874
vn -0.0679 0.1368 0.9883
vn -0.0479 0.9988 0.0028
vn -0.1057 0.9888 0.1053
vn -0.0410 0.9990 0.0190
vn -0.1089 0.9862 0.1243
vn -0.0337 0.7946 0.6062
vn 0.0713 0.7754 0.6275
vn 0.2253 0.2419 0.9438
vn -0.0027 1.0000 0.0004
vn -0.0590 0.1467 0.9874
vn -0.6863 0.2148 0.6948
vn 0.0274 0.1929 0.9808
vn 0.8829 0.2384 0.4045
vn 0.9189 0.2421 0.3114
vn 0.9162 0.2419 0.3193
vn 0.9601 0.2437 0.1370
vn 0.9423 0.2473 0.2258
vn 0.9580 0.2479 0.1444
vn 0.9690 0.2412 0.0538
vn 0.1633 0.9247 0.3440
vn 0.4274 0.8199 0.3810
vn 0.1713 0.8631 0.4751
vn -0.2045 0.9245 0.3218
vn -0.4716 0.8416 0.2631
vn -0.2099 0.8627 0.4600
vn -0.0064 0.8704 0.4922
vn -0.0013 0.9353 0.3538
vn -0.4894 0.8472 0.2069
vn -0.3242 0.9375 0.1264
vn -0.3284 0.8281 0.4542
vn -0.2461 0.9280 0.2797
vn -0.1989 0.8094 0.5526
vn -0.1404 0.9288 0.3431
vn -0.0487 0.7869 0.6152
vn -0.0566 0.9088 0.4133
vn 0.1350 0.7716 0.6216
vn 0.0822 0.9007 0.4266
vn 0.3404 0.7533 0.5626
vn 0.2215 0.8867 0.4058
vn 0.5177 0.7229 0.4577
vn 0.3613 0.8658 0.3462
vn 0.6738 0.6822 0.2840
vn 0.4878 0.8412 0.2333
vn 0.2318 0.9617 0.1461
vn 0.1121 0.9765 0.1838
vn 0.0159 0.9852 0.1705
vn -0.0363 0.9904 0.1332
vn -0.0641 0.9958 0.0655
vn 0.0202 0.4792 0.8775
vn -0.0000 1.0000 0.0001
vn -0.9328 -0.0000 0.3604
vn 0.9002 -0.0000 -0.4355
vn -0.2873 -0.0000 0.9578
vn -0.0084 1.0000 0.0042
vn -0.0069 1.0000 -0.0001
vn -0.0149 0.9999 0.0063
vn -0.0092 0.9999 0.0087
vn -0.0054 1.0000 0.0083
vn -0.0035 0.9999 0.0112
vn -0.7237 0.6165 -0.3103
vn -0.7943 0.5909 -0.1407
vn -0.7866 0.5852 0.1971
vn -0.7161 0.6004 0.3561
vn -0.5449 0.5403 0.6412
vn -0.5411 0.5311 0.6520
vn -0.5489 0.5501 0.6294
vn -0.5353 0.5289 0.6585
vn -0.5337 0.5368 0.6535
vn -0.6279 0.5475 0.5532
vn -0.0088 0.0074 0.9999
vn -0.6667 0.5870 -0.4593
vn -0.5610 0.5856 -0.5851
vn -0.0016 0.9978 0.0658
vn -0.0005 0.9977 0.0684
vn -0.0002 0.9951 0.0985
vn 0.0025 0.9873 0.1589
vn -0.0197 0.9993 0.0326
vn -0.0180 0.9991 0.0379
vn -0.0075 0.9983 0.0573
vn -0.0073 0.9983 0.0576
vn -0.0064 1.0000 0.0072
vn -0.0135 0.9998 0.0152
vn 0.0012 0.9976 0.0698
vn 0.0006 0.9976 0.0699
vn -0.5506 0.8348 -0.0020
vn -0.5508 0.8346 0.0050
vn -0.4777 0.7942 -0.3756
vn -0.5034 0.8124 -0.2942
vn -0.4770 0.7687 -0.4260
vn -0.5566 0.8092 -0.1880
vn -0.5552 0.8085 -0.1951
vn -0.4600 0.7617 -0.4562
vn -0.3562 0.7905 0.4982
vn -0.4720 0.8214 0.3201
vn -0.4799 0.8227 0.3046
vn -0.3626 0.7913 0.4923
vn -0.3459 0.8117 0.4706
vn -0.3105 0.8130 0.4926
vn -0.3130 0.8141 0.4891
vn -0.3264 0.8123 0.4834
vn -0.3200 0.8070 0.4964
vn -0.3284 0.7953 0.5095
vn -0.5814 0.8132 -0.0262
vn -0.5886 -0.0000 0.8084
vn -0.8398 -0.0000 -0.5429
vn -1.0000 -0.0000 -0.0084
vn -0.9999 -0.0000 -0.0101
vn -0.9502 -0.0000 -0.3116
vn -0.7327 -0.0000 -0.6806
vn -0.6903 -0.0000 0.7235
vn -0.6811 -0.0000 0.7322
vn -0.9992 -0.0000 -0.0405
vn -0.8663 -0.0000 0.4996
vn -0.8626 -0.0000 0.5058
vn -0.6312 -0.0000 0.7756
vn -0.6326 -0.0000 0.7745
vn 0.0937 0.4971 0.8626
vn 0.0995 0.4978 0.8616
vn 0.0113 0.4858 0.8740
vn 0.3854 0.7595 0.5240
vn 0.3366 0.6930 0.6375
vn 0.3420 0.7005 0.6264
vn 0.2290 0.5583 0.7974
vn 0.2369 0.5667 0.7891
vn -0.4330 0.3021 0.8493
vn -0.4790 0.4265 0.7673
vn -0.4055 0.2361 0.8831
vn 0.1009 -0.0000 -0.9949
vn -0.0001 -1.0000 0.0007
vn -0.0001 -1.0000 0.0006
vn -0.0002 -1.0000 0.0014
vn -0.1713 0.1017 0.9800
vn -0.1280 0.0846 0.9882
vn 0.1897 -0.6521 0.7340
vn 0.0719 -0.6607 0.7472
vn 0.2281 -0.6472 0.7274
vn 0.3450 -0.6256 0.6997
vn -0.7728 -0.6347 -0.0002
vn -0.7875 -0.6159 -0.0247
vn 0.0722 -0.3862 0.9196
vn 0.0947 -0.2893 0.9525
vn 0.0958 -0.2842 0.9540
vn 0.1152 -0.2545 0.9602
vn 0.1159 -0.2588 0.9589
vn 0.1278 -0.2360 0.9633
vn 0.0907 -0.5927 0.8003
vn 0.0889 -0.5734 0.8144
vn 0.0353 -0.9994 -0.0002
vn 0.0312 -0.9995 -0.0013
vn 0.8590 -0.4090 0.3079
vn 0.8267 -0.3950 0.4008
vn 0.3532 -0.2875 0.8903
vn 0.4434 -0.2999 0.8447
vn 0.0707 -0.2543 0.9645
vn 0.0770 -0.2854 0.9553
vn 0.0315 -0.9995 -0.0010
vn 0.0236 -0.9996 -0.0124
vn 0.0313 -0.9995 -0.0011
vn 0.0784 -0.2864 0.9549
vn 0.0784 -0.2826 0.9560
vn -0.3072 -0.2890 0.9067
vn -0.3621 -0.2870 0.8868
vn -0.8849 -0.2859 0.3678
vn -0.8874 -0.2862 0.3613
vn 0.0216 -0.9998 0.0002
vn 0.0180 -0.9998 0.0008
vn 0.0151 -0.9999 -0.0034
vn 0.1274 -0.2315 0.9645
vn -0.6888 -0.6252 0.3669
vn 0.0460 -0.6704 0.7405
vn 0.8437 -0.5365 -0.0161
vn 0.1036 -0.6967 0.7098
vn 0.0933 -0.6955 0.7125
vn 0.1055 -0.6969 0.7093
vn 0.1758 -0.6837 0.7083
vn 0.1830 -0.6818 0.7083
vn 0.2794 -0.6794 0.6785
vn 0.2801 -0.6797 0.6779
vn 0.3547 -0.6976 0.6225
vn 0.3554 -0.6977 0.6220
vn 0.4859 -0.7054 0.5161
vn 0.4796 -0.7054 0.5219
vn 0.5653 -0.7003 0.4358
vn 0.0676 -0.4877 0.8704
vn 0.0648 -0.4788 0.8755
vn 0.0819 -0.4924 0.8665
vn 0.0804 -0.5164 0.8525
vn 0.1054 -0.4720 0.8753
vn 0.1036 -0.4727 0.8751
vn 0.1234 -0.5110 0.8507
vn 0.1237 -0.5071 0.8530
vn 0.2225 -0.5973 0.7706
vn 0.2192 -0.5960 0.7725
vn 0.3869 -0.6460 0.6580
vn 0.3910 -0.6467 0.6549
vn 0.5212 -0.6595 0.5416
vn 0.5179 -0.6595 0.5448
vn 0.6285 -0.6756 0.3854
vn 0.6302 -0.6761 0.3817
vn 0.6936 -0.0000 0.7204
vn 0.8618 -0.0000 0.5073
vn 0.5163 -0.0000 0.8564
vn 0.2916 -0.0000 0.9565
vn 0.1538 -0.0000 0.9881
vn 0.1537 -0.0000 0.9881
vn 0.1182 -0.0000 0.9930
vn 0.1179 -0.0000 0.9930
vn 0.0907 -0.0000 0.9959
vn 0.0920 -0.0015 0.9958
vn 0.0926 -0.0023 0.9957
vn -0.0000 -0.6265 0.7794
vn -0.6204 -0.6314 0.4652
vn 0.0001 -0.5352 0.8447
vn 0.0010 -0.5398 0.8418
vn -0.0000 -0.5349 0.8449
vn -0.8381 -0.4326 0.3323
vn -0.8244 -0.4288 0.3694
vn -0.3129 -0.3019 0.9005
vn -0.3979 -0.3223 0.8589
vn -0.0000 -0.2105 0.9776
vn -0.9770 -0.2123 0.0190
vn -0.9570 -0.2901 0.0081
vn -0.9820 -0.1875 0.0224
vn -0.0000 -0.5984 0.8012
vn 0.0011 -0.5403 0.8415
vn -0.0371 -0.3674 0.9293
vn -0.0209 -0.3936 0.9190
vn -0.3601 -0.3846 0.8500
vn -0.5407 -0.5501 0.6364
vn -0.0559 -0.3364 0.9401
vn -0.0418 0.5334 0.8448
vn -0.0383 0.6329 0.7733
vn -0.0411 0.5567 0.8297
vn -0.0294 0.6740 0.7381
vn -0.0285 0.6765 0.7359
vn -0.0192 0.6996 0.7142
vn -0.0280 0.0397 0.9988
vn -0.0325 0.0473 0.9984
vn -0.0478 0.0011 0.9989
vn -0.0317 0.0172 0.9993
vn -0.0580 -0.0102 0.9983
vn -0.0212 0.0281 0.9994
vn -0.0697 0.6045 0.7936
vn -0.0695 0.6049 0.7932
vn -0.0844 0.5268 0.8458
vn -0.0790 0.5160 0.8529
vn -0.0711 0.5266 0.8471
vn -0.0717 0.5406 0.8382
vn -0.0730 0.5689 0.8192
vn 0.7635 -0.3261 -0.5575
vn -0.0000 -0.3453 0.9385
vn 0.0006 -0.3383 -0.9410
vn -0.8013 -0.5676 0.1891
vn -0.7155 -0.6344 -0.2928
vn -0.7394 -0.6556 -0.1532
vn -0.0001 1.0000 0.0002
vn -0.0001 1.0000 0.0003
vn -0.0000 1.0000 0.0004
vn 0.0001 1.0000 0.0002
vn 0.3014 0.4001 0.8655
vn 0.2103 0.4154 0.8850
vn 0.2404 0.3845 0.8913
vn 0.3086 0.3771 0.8733
vn 0.0897 0.3716 0.9240
vn 0.0949 0.3525 0.9310
vn 0.0331 0.3251 0.9451
vn 0.0352 0.3385 0.9403
vn 0.2706 0.4898 0.8288
vn 0.1814 0.3934 0.9013
vn 0.0936 0.3317 0.9387
vn 0.0383 0.3450 0.9378
vn 0.0129 0.3693 0.9292
vn 0.0152 0.3139 0.9493
vn 0.0037 0.9931 0.1173
vn 0.0147 0.9918 0.1272
vn 0.0119 0.9920 0.1254
vn 0.0039 0.9931 0.1176
vn 0.0300 0.9924 0.1190
vn 0.0277 0.9922 0.1214
vn 0.0003 0.9936 0.1126
vn 0.2403 -0.0000 0.9707
vn 0.1014 -0.0000 0.9948
vn 0.0292 -0.0000 0.9996
vn 0.3338 -0.0000 0.9426
vn 0.8534 -0.0000 -0.5213
vn 0.8631 -0.0000 -0.5050
vn 0.9637 -0.0000 -0.2669
vn 0.9653 -0.0000 -0.2611
vn 0.9405 -0.0000 -0.3399
vn 0.9869 -0.0000 0.1614
vn 0.9957 -0.0000 0.0921
vn 0.9959 -0.0000 0.0905
vn 0.9988 -0.0000 -0.0483
vn 0.9743 -0.0000 0.2251
vn 0.6629 -0.7291 0.1703
vn 0.7033 -0.7033 0.1035
vn 0.7056 -0.7016 0.0994
vn 0.7102 -0.6856 -0.1596
vn 0.7016 -0.6859 -0.1933
vn 0.6426 -0.6632 -0.3836
vn 0.6427 -0.6631 -0.3838
vn 0.6571 -0.6502 -0.3814
vn 0.6574 -0.6501 -0.3810
vn 0.7082 -0.6617 -0.2463
vn 0.7031 -0.6602 -0.2642
vn 0.7328 -0.6789 -0.0453
vn 0.7327 -0.6792 -0.0432
vn 0.7031 -0.6904 0.1704
vn 0.7047 -0.6904 0.1637
vn -0.5735 -0.6142 -0.5420
vn -0.5999 -0.6115 -0.5159
vn -0.5800 -0.6838 -0.4428
vn -0.6120 -0.7033 -0.3616
vn -0.6824 -0.7310 -0.0050
vn -0.6820 -0.7312 -0.0133
vn -0.6082 -0.7173 0.3399
vn -0.5984 -0.7158 0.3600
vn -0.4661 -0.6913 0.5522
vn -0.4567 -0.6927 0.5583
vn -0.4168 -0.7075 0.5707
vn -0.4073 -0.7218 0.5595
vn -0.3898 -0.7505 0.5337
vn -0.3697 -0.7830 0.5002
vn -0.3807 -0.8258 0.4162
vn -0.4088 -0.8548 0.3197
vn 0.2328 0.0083 -0.9725
vn 0.2391 0.0091 -0.9710
vn 0.3734 -0.0000 -0.9277
vn 0.3842 -0.0000 -0.9233
vn 0.4922 -0.0000 -0.8705
vn 0.4873 -0.0000 -0.8732
vn 0.3981 -0.0000 -0.9174
vn 0.2944 -0.5768 -0.7620
vn 0.3746 -0.5487 -0.7474
vn 0.3496 -0.5580 -0.7526
vn 0.2825 -0.4975 -0.8202
vn 0.2996 -0.5016 -0.8116
vn 0.1739 -0.5000 -0.8484
vn 0.3825 -0.7055 -0.5966
vn 0.1093 -0.6431 0.7579
vn 0.2069 -0.5462 0.8117
vn 0.1996 -0.5604 0.8038
vn 0.1043 -0.6440 0.7579
vn 0.1307 -0.0000 0.9914
vn 0.1291 -0.0000 0.9916
vn 0.2335 -0.0195 0.9722
vn 0.2357 -0.0205 0.9716
vn -0.0000 -0.9957 -0.0930
vn -0.0031 -0.9957 -0.0927
vn -0.0015 -0.9985 -0.0543
vn -0.0106 -0.0000 0.9999
vn -0.0104 -0.0000 0.9999
vn -0.0087 -0.6688 0.7434
vn -0.0092 -0.6689 0.7433
vn -0.0056 0.6210 0.7838
vn -0.0050 0.6209 0.7839
vn -0.1187 -0.0000 0.9929
vn -0.1179 -0.0000 0.9930
vn -0.0997 -0.7336 0.6723
vn -0.0971 -0.7289 0.6777
vn -0.0767 0.6589 0.7483
vn -0.0777 0.6605 0.7468
vn -0.0761 0.7238 0.6858
vn -0.0787 0.7199 0.6896
vn -0.1280 -0.0000 0.9918
vn -0.1286 -0.0000 0.9917
vn -0.0983 -0.7995 0.5926
vn -0.0955 -0.8021 0.5895
vn -0.2132 0.7942 0.5691
vn -0.2124 0.7940 0.5696
vn -0.4989 -0.0000 0.8667
vn -0.4714 -0.0000 0.8819
vn -0.0705 -0.8249 0.5609
vn -0.7759 -0.0000 0.6308
vn 0.0051 0.9830 0.1836
vn 0.0016 0.9823 0.1872
vn 0.0045 0.0835 0.9965
vn -0.0021 -0.9989 -0.0460
vn -0.0034 -0.9959 -0.0906
vn -0.0014 -0.9990 -0.0456
vn -0.0019 -0.9990 -0.0455
vn -0.0038 -0.9959 -0.0909
vn -0.0042 -0.9958 -0.0918
vn -0.0011 -0.9996 -0.0272
vn -0.0330 0.2485 0.9681
vn -0.0328 0.2477 0.9683
vn 0.0156 0.0676 0.9976
vn 0.6410 0.4997 0.5826
vn 0.6238 0.5528 0.5525
vn 0.5717 0.5202 0.6345
vn 0.6069 0.4611 0.6473
vn 0.5099 0.6713 0.5379
vn 0.5572 0.7019 0.4438
vn 0.3940 0.8172 0.4206
vn 0.4453 0.8479 0.2878
vn 0.3179 0.9230 0.2170
vn 0.2722 0.8897 0.3666
vn 0.3018 0.9497 0.0831
vn 0.2621 0.8646 0.4286
vn 0.3310 0.7798 0.5313
vn 0.4295 0.5863 0.6868
vn 0.4789 0.4196 0.7711
vn 0.4989 0.3482 0.7936
vn 0.2434 0.8453 0.4756
vn 0.3002 0.7548 0.5832
vn 0.3763 0.5547 0.7421
vn 0.4143 0.3728 0.8303
vn 0.4252 0.2879 0.8581
vn 0.3753 0.3044 0.8755
vn 0.3629 0.3700 0.8552
vn 0.3264 0.5381 0.7771
vn 0.2573 0.7456 0.6147
vn 0.2067 0.8403 0.5012
vn 0.1816 0.8493 0.4957
vn 0.2268 0.7512 0.6199
vn 0.2892 0.5340 0.7945
vn 0.3174 0.3935 0.8628
vn 0.3252 0.3602 0.8744
vn 0.2671 0.3847 0.8836
vn 0.2608 0.4117 0.8732
vn 0.2394 0.5307 0.8131
vn 0.1886 0.7444 0.6405
vn 0.1469 0.8535 0.5000
vn 0.1032 0.8496 0.5173
vn 0.1315 0.7427 0.6566
vn 0.1726 0.5443 0.8209
vn 0.1934 0.4191 0.8871
vn 0.1976 0.3703 0.9076
vn 0.1660 0.4176 0.8933
vn 0.1665 0.3580 0.9187
vn 0.1491 0.5536 0.8193
vn 0.1101 0.7409 0.6625
vn 0.0841 0.8463 0.5260
vn 0.0061 0.9998 0.0168
vn 0.0032 0.9996 0.0264
vn 0.0061 0.9994 0.0355
vn 0.0085 0.9999 0.0143
vn 0.0068 0.9999 0.0139
vn 0.0069 0.9999 0.0139
vn 0.0032 0.9999 0.0118
vn 0.0036 0.9999 0.0121
vn -0.0118 0.9999 0.0040
vn -0.0077 1.0000 0.0040
vn -0.0041 1.0000 0.0053
vn -0.0065 0.9999 0.0082
vn 0.0020 1.0000 0.0091
vn 0.0008 1.0000 0.0084
vn 0.0009 1.0000 0.0071
vn -0.7982 0.5045 0.3294
vn -0.7959 0.5042 0.3352
vn -0.4414 0.4288 0.7882
vn -0.3502 0.4051 0.8445
vn -0.0272 0.9996 0.0036
vn -0.1176 0.3981 0.9098
vn -0.1182 0.3871 0.9144
vn 0.1324 0.4962 0.8580
vn 0.1189 0.4946 0.8609
vn -0.1027 0.5628 0.8202
vn 0.3367 0.5440 0.7686
vn 0.3464 0.5223 0.7793
vn 0.3428 0.5304 0.7754
vn 0.3566 0.5080 0.7841
vn 0.3570 0.5081 0.7838
vn 0.3540 0.5046 0.7875
vn 0.3551 0.5075 0.7851
vn 0.0234 0.2738 0.9615
vn 0.0273 0.2615 0.9648
vn -0.0796 0.4179 0.9050
vn -0.1059 0.5688 0.8156
vn -0.1017 0.5536 0.8265
vn -0.1111 0.5725 0.8123
vn -0.6066 -0.0000 0.7950
vn -0.1308 0.5818 0.8028
vn -0.1213 0.5834 0.8031
vn -0.1105 0.5851 0.8034
vn 0.8387 -0.0000 0.5447
vn 0.0780 -0.0000 0.9970
vn -0.0000 -0.9519 -0.3063
vn -0.0000 0.2836 0.9589
vn -0.2569 -0.9664 0.0002
vn -0.2569 -0.9664 0.0003
vn -0.2570 -0.9664 0.0005
vn 0.6998 -0.0000 -0.7144
vn -0.0000 -0.0075 -1.0000
vn 0.4677 0.7436 -0.4778
vn 0.0159 -0.9805 0.1958
vn 0.0160 -0.9952 -0.0964
vn 0.1068 -0.9886 -0.1065
vn 0.1055 -0.9762 0.1894
vn 0.2310 -0.9553 -0.1846
vn 0.2671 -0.9515 0.1524
vn 0.0165 -0.8842 -0.4669
vn 0.0865 -0.8806 -0.4660
vn 0.1609 -0.8724 -0.4616
vn 0.9014 -0.3828 -0.2026
vn 0.5932 -0.8050 -0.0049
vn 0.4076 -0.8071 -0.4271
vn 0.5932 -0.4569 -0.6628
vn 0.2310 -0.6900 -0.6860
vn 0.2671 -0.4093 -0.8724
vn 0.0245 -0.3902 -0.9204
vn 0.1055 -0.3925 -0.9137
vn 0.1068 -0.6441 -0.7575
vn 0.0212 -0.6407 -0.7675
vn 0.0183 0.9208 -0.3896
vn 0.1055 0.9137 -0.3925
vn 0.1068 0.7575 -0.6441
vn 0.0183 0.7685 -0.6396
vn 0.0865 0.4660 -0.8806
vn 0.0183 0.4682 -0.8834
vn 0.2671 0.8724 -0.4093
vn 0.2310 0.6860 -0.6900
vn 0.1609 0.4616 -0.8724
vn 0.0248 -0.1953 -0.9804
vn 0.0222 0.0977 -0.9950
vn 0.1068 0.1065 -0.9886
vn 0.1055 -0.1894 -0.9762
vn 0.2310 0.1847 -0.9553
vn 0.2671 -0.1524 -0.9515
vn 0.9014 0.2026 -0.3828
vn 0.5932 0.0049 -0.8050
vn 0.4076 0.4271 -0.8071
vn 0.5932 0.6628 -0.4569
vn 0.0159 -0.9208 0.3896
vn 0.1055 -0.9137 0.3925
vn 0.1068 -0.7575 0.6441
vn 0.0160 -0.7686 0.6396
vn 0.0865 -0.4660 0.8806
vn 0.0165 -0.4684 0.8834
vn 0.2671 -0.8724 0.4093
vn 0.2310 -0.6860 0.6900
vn 0.1609 -0.4616 0.8724
vn 0.0245 0.1951 0.9805
vn 0.0212 -0.0980 0.9950
vn 0.1068 -0.1065 0.9886
vn 0.1055 0.1894 0.9762
vn 0.2310 -0.1846 0.9553
vn 0.2671 0.1524 0.9515
vn 0.9014 -0.2026 0.3828
vn 0.5932 -0.0049 0.8050
vn 0.4076 -0.4271 0.8071
vn 0.5932 -0.6628 0.4569
vn 0.0183 0.9805 -0.1958
vn 0.0183 0.9952 0.0966
vn 0.1068 0.9886 0.1065
vn 0.1055 0.9762 -0.1894
vn 0.2310 0.9553 0.1846
vn 0.2671 0.9515 -0.1524
vn 0.0183 0.8840 0.4671
vn 0.0865 0.8806 0.4660
vn 0.1609 0.8724 0.4616
vn 0.9014 0.3828 0.2026
vn 0.5932 0.8050 0.0049
vn 0.4076 0.8071 0.4271
vn 0.5932 0.4569 0.6628
vn 0.2310 0.6900 0.6860
vn 0.2671 0.4093 0.8724
vn 0.0248 0.3900 0.9205
vn 0.1055 0.3925 0.9137
vn 0.1068 0.6441 0.7575
vn 0.0222 0.6405 0.7677
vn -0.1065 -0.9171 0.3842
vn -0.0989 -0.7674 0.6335
vn -0.1281 -0.7597 0.6375
vn -0.1381 -0.9131 0.3836
vn -0.0763 -0.4686 0.8801
vn -0.0974 -0.4545 0.8854
vn -0.0419 -0.0972 0.9944
vn -0.0515 -0.0777 0.9956
vn -0.0110 0.1972 0.9803
vn -0.0125 0.2076 0.9781
vn -0.0292 0.9806 -0.1940
vn -0.0303 0.9934 0.1110
vn -0.0297 0.8723 0.4881
vn -0.0260 0.6254 0.7799
vn -0.0207 0.3828 0.9236
vn 0.9437 0.0973 0.3161
vn 0.5864 0.2384 0.7742
vn 0.2577 0.2843 0.9234
vn 0.1069 0.2926 0.9502
vn 0.0247 0.2942 0.9554
vn 0.0247 -0.2942 -0.9554
vn 0.1069 -0.2926 -0.9502
vn 0.2577 -0.2843 -0.9234
vn 0.5864 -0.2384 -0.7742
vn 0.9437 -0.0973 -0.3161
vn -0.0472 -0.9788 0.1991
vn -0.0438 -0.9948 -0.0925
vn -0.0337 -0.8845 -0.4653
vn -0.0185 -0.6400 -0.7682
vn -0.0048 -0.3881 -0.9216
vn -0.0304 0.7588 -0.6506
vn -0.0292 0.9199 -0.3912
vn -0.0301 0.4466 -0.8942
vn -0.0264 0.0784 -0.9966
vn -0.0211 -0.2031 -0.9789
vn -0.0472 -0.9213 0.3860
vn -0.0124 -0.2942 -0.9557
vn -0.0121 0.2943 0.9556
vn -0.0413 -0.9549 0.2940
vn -0.0485 -0.9546 0.2940
vn -0.0487 -0.9546 0.2940
vn -0.0414 0.9130 -0.4057
vn -0.0410 0.9831 -0.1784
vn -0.0567 0.3850 -0.9212
vn -0.0487 0.7238 -0.6883
vn -0.0484 -0.9546 0.2940
vn -0.0525 -0.2932 -0.9546
vn -0.0554 -0.2154 -0.9750
vn -0.0474 0.9857 0.1617
vn -0.0547 0.8366 0.5451
vn -0.0534 0.3698 0.9276
vn -0.0511 0.2936 0.9546
vn -0.0591 0.0332 -0.9977
vn -0.0567 0.5887 0.8064
vn -0.0423 0.9838 0.1740
vn -0.0456 0.8271 0.5602
vn -0.0564 -0.2977 -0.9530
vn -0.0548 -0.2275 -0.9722
vn -0.0737 -0.9530 0.2938
vn -0.0744 -0.9530 0.2938
vn -0.0391 0.9839 -0.1745
vn -0.0516 0.0136 -0.9986
vn -0.0733 -0.9530 0.2938
vn -0.0475 0.3689 -0.9283
vn -0.0577 0.3573 0.9322
vn -0.0592 0.2875 0.9559
vn -0.0435 0.7155 -0.6972
vn -0.0394 0.9115 -0.4093
vn -0.0516 0.5716 0.8189
vn -0.0110 -0.3883 -0.9215
vn -0.0125 -0.3785 -0.9255
vn -0.0048 0.1975 0.9803
vn -0.1381 -0.9707 0.1964
vn -0.1065 -0.9744 0.1982
vn -0.0515 -0.6243 -0.7795
vn -0.0419 -0.6397 -0.7675
vn -0.0974 -0.8738 -0.4764
vn -0.0763 -0.8825 -0.4641
vn -0.1281 -0.9867 -0.0998
vn -0.0989 -0.9908 -0.0921
vn -0.0185 -0.0970 0.9951
vn -0.0337 -0.4696 0.8823
vn -0.0438 -0.7704 0.6360
vn -0.0404 0.9140 -0.4036
vn -0.0404 0.9827 -0.1809
vn -0.0312 0.8421 0.5384
vn -0.0298 0.5774 0.8159
vn -0.0316 0.3935 -0.9188
vn -0.0374 0.7292 -0.6832
vn -0.0373 0.9873 0.1545
vn -0.0365 0.3770 0.9255
vn -0.0515 0.2817 0.9581
vn -0.0302 0.0338 -0.9990
vn -0.0346 -0.1867 -0.9818
vn -0.0313 -0.1479 -0.9885
vn -0.0307 0.4056 0.9135
vn -0.8077 -0.5635 0.1734
vn -0.0930 -0.9514 0.2936
vn -0.0926 -0.9514 0.2936
vn -0.0436 -0.3035 -0.9518
vn -0.0923 -0.9515 0.2936
vn -0.0779 -0.9527 0.2939
vn -0.0780 -0.9527 0.2939
vn 0.8757 0.0884 -0.4747
vn 0.8759 0.0851 -0.4749
vn 0.8718 0.2176 -0.4389
vn 0.9251 0.2600 -0.2767
vn 0.9232 0.3705 -0.1024
vn 0.8854 0.3656 -0.2870
vn 0.9324 -0.3519 -0.0821
vn 0.9382 -0.3409 -0.0593
vn 0.9232 -0.3488 -0.1614
vn 0.9250 -0.2115 -0.3155
vn 0.8718 -0.1432 -0.4685
vn 0.8854 -0.3139 -0.3428
vn 0.9251 -0.2600 0.2767
vn 0.9232 -0.3705 0.1024
vn 0.9382 -0.3460 0.0030
vn 0.9325 -0.3605 0.0235
vn 0.9324 0.3519 0.0821
vn 0.9382 0.3409 0.0593
vn 0.9232 0.3488 0.1614
vn 0.9250 0.2116 0.3155
vn 0.8718 0.1432 0.4685
vn 0.8854 0.3139 0.3427
vn 0.9382 0.3460 -0.0030
vn 0.9325 0.3605 -0.0236
vn 0.8757 -0.0884 0.4746
vn 0.8759 -0.0851 0.4749
vn 0.8718 -0.2176 0.4389
vn 0.8854 -0.3656 0.2870
vn 0.8759 0.0065 0.4824
vn 0.8757 0.0099 0.4828
vn 0.3509 -0.2679 -0.8973
vn 0.3744 -0.4504 -0.8105
vn 0.3143 -0.0392 -0.9485
vn 0.6621 -0.7211 0.2041
vn 0.6559 -0.5808 0.4821
vn 0.6167 -0.6858 0.3864
vn -0.0000 -0.9999 0.0163
vn -0.0000 -0.9521 0.3059
vn -0.0000 -0.7625 0.6469
vn -0.0000 -0.4569 0.8895
vn -0.0000 -0.1790 0.9838
vn -0.0000 0.9838 0.1790
vn -0.0000 0.8895 0.4569
vn -0.0000 0.6469 0.7625
vn -0.0000 0.3059 0.9521
vn -0.0000 0.0163 0.9999
vn -0.0000 0.9999 -0.0163
vn -0.0000 0.9521 -0.3059
vn -0.0000 0.7625 -0.6469
vn -0.0000 0.4569 -0.8895
vn -0.0000 0.1790 -0.9838
vn -0.0000 -0.9838 -0.1790
vn -0.0000 -0.8895 -0.4569
vn -0.0000 -0.6469 -0.7625
vn -0.0000 -0.3059 -0.9521
vn -0.0000 -0.0163 -0.9999
vn 0.2796 0.7542 0.5941
vn 0.3705 0.7129 0.5954
vn 0.4378 0.8468 -0.3020
vn 0.4041 0.7167 -0.5683
vn 0.3557 0.1013 -0.9291
vn 0.3445 0.1060 -0.9328
vn 0.2936 0.0008 -0.9559
vn 0.2585 -0.5317 -0.8065
vn 0.4504 -0.7380 -0.5025
vn 0.5499 -0.8260 -0.1238
vn 0.5562 -0.8308 -0.0214
vn 0.3014 -0.0196 0.9533
vn 0.3071 0.0186 0.9515
vn 0.3223 -0.1258 0.9382
vn 0.3107 -0.1243 0.9423
vn 0.2808 0.4474 0.8491
vn 0.4505 -0.4372 0.7784
vn 0.4412 -0.6607 0.6073
vn 0.8985 0.4158 0.1409
vn 0.9660 0.1671 0.1971
vn 0.8970 0.0716 0.4361
vn 0.8973 0.1416 -0.4181
vn 0.9661 0.1968 -0.1669
vn 0.8987 0.4329 -0.0711
vn 0.8985 -0.4158 -0.1409
vn 0.9660 -0.1671 -0.1971
vn 0.8970 -0.0716 -0.4361
vn 0.8757 -0.0099 -0.4828
vn 0.8973 -0.1416 0.4180
vn 0.9661 -0.1968 0.1669
vn 0.8987 -0.4328 0.0711
vn 0.0397 -0.1745 0.9839
vn 0.0335 -0.4527 0.8910
vn 0.1749 -0.4551 0.8731
vn 0.1549 -0.1791 0.9716
vn 0.0244 -0.7606 0.6488
vn 0.1806 -0.7515 0.6345
vn 0.0122 -0.9518 0.3065
vn 0.1628 -0.9391 0.3027
vn 0.0029 -0.9999 0.0140
vn 0.1347 -0.9908 0.0149
vn 0.1545 -0.0266 -0.9876
vn 0.1748 -0.3113 -0.9341
vn 0.0460 -0.3066 -0.9507
vn 0.0455 -0.0205 -0.9988
vn 0.1805 -0.6379 -0.7487
vn 0.0370 -0.6435 -0.7646
vn 0.1628 -0.8748 -0.4562
vn 0.0219 -0.8854 -0.4644
vn 0.1346 -0.9732 -0.1862
vn 0.0068 -0.9825 -0.1864
vn 0.0397 0.1745 -0.9839
vn 0.0335 0.4526 -0.8911
vn 0.1749 0.4550 -0.8731
vn 0.1549 0.1791 -0.9716
vn 0.0244 0.7606 -0.6488
vn 0.1806 0.7515 -0.6345
vn 0.0122 0.9518 -0.3065
vn 0.1628 0.9391 -0.3027
vn 0.0029 0.9999 -0.0140
vn 0.1347 0.9908 -0.0149
vn 0.1545 0.0266 0.9876
vn 0.1748 0.3113 0.9341
vn 0.0460 0.3066 0.9507
vn 0.0455 0.0205 0.9988
vn 0.1805 0.6379 0.7487
vn 0.0370 0.6435 0.7645
vn 0.1628 0.8748 0.4562
vn 0.0219 0.8854 0.4644
vn 0.1346 0.9732 0.1862
vn 0.0068 0.9825 0.1864
vn 0.3151 0.4173 -0.8524
vn 0.2641 0.1552 -0.9519
vn 0.3394 0.7181 -0.6076
vn 0.3116 0.9113 -0.2690
vn 0.2785 0.9567 0.0845
vn 0.2592 0.0076 0.9658
vn 0.3026 0.2793 0.9113
vn 0.3265 0.6114 0.7208
vn 0.3030 0.8543 0.4223
vn 0.3030 -0.8543 -0.4223
vn 0.2785 -0.9567 -0.0845
vn 0.3265 -0.6114 -0.7208
vn 0.3026 -0.2794 -0.9113
vn 0.2592 -0.0076 -0.9658
vn 0.3151 -0.4173 0.8524
vn 0.2641 -0.1552 0.9519
vn 0.3394 -0.7181 0.6076
vn 0.3116 -0.9113 0.2690
vn 0.4402 0.4362 0.7849
vn 0.4127 0.2568 0.8739
vn 0.5511 0.5591 0.6195
vn 0.5424 0.7608 0.3564
vn 0.4246 0.8957 0.1321
vn 0.5840 0.6792 -0.4446
vn 0.5665 0.7924 -0.2262
vn 0.5373 0.3561 -0.7645
vn 0.5764 0.5080 -0.6401
vn 0.4342 0.9001 0.0350
vn 0.5743 -0.7205 -0.3886
vn 0.4544 -0.5934 -0.6643
vn 0.4748 -0.3662 0.8003
vn 0.5298 -0.5272 0.6643
vn 0.8759 -0.0065 -0.4824
vn -0.0030 -0.9956 -0.0939
vn -0.4246 -0.8685 0.2557
vn 0.0370 0.9659 -0.2563
vn 0.1584 0.9602 -0.2301
vn 0.1456 0.8311 -0.5368
vn 0.0323 0.8091 -0.5868
vn 0.0909 0.6354 -0.7668
vn 0.0255 0.6263 -0.7792
vn 0.3982 0.9040 -0.1556
vn 0.3457 0.7770 -0.5262
vn 0.1926 0.6303 -0.7521
vn 0.0224 0.1448 -0.9892
vn 0.0213 0.3923 -0.9196
vn 0.0933 0.3993 -0.9121
vn 0.0952 0.1401 -0.9855
vn 0.3121 0.4246 -0.8499
vn 0.3855 0.1430 -0.9115
vn 0.9612 0.2235 -0.1615
vn 0.7937 0.1803 -0.5810
vn 0.6103 0.5592 -0.5611
vn 0.7397 0.6480 -0.1813
vn 0.0371 0.9668 0.2529
vn 0.0322 0.8073 0.5892
vn 0.1446 0.8293 0.5397
vn 0.1584 0.9609 0.2272
vn 0.3443 0.7742 0.5311
vn 0.3978 0.9044 0.1540
vn 0.0248 0.6150 0.7881
vn 0.0883 0.6246 0.7759
vn 0.1877 0.6201 0.7618
vn 0.9614 0.2237 0.1604
vn 0.7396 0.6486 0.1799
vn 0.6086 0.5576 0.5646
vn 0.7918 0.1800 0.5837
vn 0.3055 0.4160 0.8565
vn 0.3774 0.1399 0.9154
vn 0.0213 0.1405 0.9899
vn 0.0905 0.1361 0.9866
vn 0.0893 0.3887 0.9170
vn 0.0204 0.3810 0.9244
vn -0.0000 0.9691 0.2467
vn -0.0000 0.8092 0.5876
vn -0.0000 0.6083 0.7937
vn -0.0000 0.3791 0.9254
vn -0.0000 0.1410 0.9900
vn -0.0000 0.9682 -0.2501
vn -0.0000 0.8111 -0.5849
vn -0.0000 0.7894 -0.6139
vn -0.0000 0.9601 -0.2797
vn -0.0000 0.6200 -0.7846
vn -0.0000 0.5710 -0.8209
vn -0.0000 0.3905 -0.9206
vn -0.0000 0.3451 -0.9386
vn -0.0000 0.1453 -0.9894
vn -0.0000 0.0775 -0.9970
vn -0.0000 0.9613 0.2757
vn 0.4048 -0.0000 -0.9144
vn 0.0986 -0.0000 -0.9951
vn 0.9845 -0.0000 -0.1756
vn 0.8002 -0.0000 -0.5997
vn 0.0216 -0.0000 0.9998
vn 0.0936 -0.0000 0.9956
vn 0.3846 -0.0000 -0.9231
vn 0.3760 -0.0000 0.9266
vn 0.7976 -0.0000 0.6031
vn 0.9847 -0.0000 0.1744
vn 0.7917 -0.0000 0.6110
vn 0.9787 -0.0000 0.2053
vn 0.0228 -0.0000 -0.9997
vn 0.3959 -0.0000 0.9183
vn 0.9783 -0.0000 -0.2072
vn 0.7940 -0.0000 -0.6079
vn 0.3759 -0.0000 0.9266
vn 0.0213 -0.0000 0.9998
vn 0.0225 -0.0000 -0.9997
vn -0.0000 0.0751 0.9972
vn -0.0000 0.3348 0.9423
vn -0.0000 0.5580 0.8299
vn -0.0000 0.7855 0.6189
vn 0.0006 -1.0000 0.0003
vn 0.0004 -1.0000 -0.0002
vn 0.0003 -1.0000 -0.0002
vn 0.0010 -1.0000 0.0003
vn 0.4130 -0.4882 -0.7688
vn 0.2628 -0.3026 -0.9162
vn 0.0911 -0.1096 -0.9898
vn 0.1339 -0.1474 -0.9800
vn 0.6634 -0.7371 0.1290
vn 0.6595 -0.7357 0.1544
vn 0.6594 -0.7355 -0.1556
vn 0.6633 -0.7370 -0.1298
vn 0.4072 -0.4822 0.7757
vn 0.2547 -0.2946 0.9210
vn 0.5430 -0.6346 0.5500
vn 0.5944 -0.6849 0.4215
vn 0.5455 -0.6372 -0.5444
vn 0.5948 -0.6854 -0.4200
vn 0.0868 -0.1060 0.9906
vn 0.1274 -0.1415 0.9817
vn 0.0248 -0.0425 0.9988
vn 0.0262 -0.0432 -0.9987
vn 0.0273 -0.0112 -0.9996
vn 0.0049 -0.2639 0.9646
vn 0.0155 -0.0708 -0.9974
vn 0.0049 -0.2638 -0.9646
vn 0.0259 -0.0106 0.9996
vn 0.0147 -0.0705 0.9974
vn 0.0501 -0.6911 0.7210
vn 0.0516 0.9167 0.3961
vn 0.0501 0.6911 0.7210
vn 0.0501 -0.6912 -0.7210
vn 0.0501 0.6912 -0.7210
vn 0.5841 -0.3473 -0.7337
vn 0.5626 0.7750 -0.2880
vn 0.5550 -0.8318 -0.0000
vn 0.9482 -0.3155 -0.0375
vn 0.9329 -0.3591 -0.0279
vn 0.9807 -0.1905 -0.0430
vn 0.9792 -0.2024 -0.0114
vn -0.0000 0.9527 0.3040
vn 0.3646 0.8801 0.3040
vn 0.3664 0.8846 -0.2885
vn -0.0000 0.9575 -0.2885
vn 0.6736 0.6736 0.3040
vn 0.6770 0.6770 -0.2885
vn 0.8801 0.3646 0.3040
vn 0.8846 0.3664 -0.2885
vn 0.9527 -0.0000 0.3040
vn 0.9575 -0.0000 -0.2885
vn 0.8801 -0.3646 0.3040
vn 0.8846 -0.3664 -0.2885
vn 0.6736 -0.6736 0.3040
vn 0.6770 -0.6770 -0.2885
vn 0.3646 -0.8801 0.3040
vn 0.3664 -0.8846 -0.2885
vn -0.0000 -0.9527 0.3040
vn -0.0000 -0.9575 -0.2885
vn -0.3646 -0.8801 0.3040
vn -0.3664 -0.8846 -0.2885
vn -0.6736 -0.6736 0.3040
vn -0.6770 -0.6770 -0.2885
vn -0.8801 -0.3646 0.3040
vn -0.8846 -0.3664 -0.2885
vn -0.9527 -0.0000 0.3040
vn -0.9575 -0.0000 -0.2885
vn -0.8801 0.3646 0.3040
vn -0.8846 0.3664 -0.2885
vn -0.6736 0.6736 0.3040
vn -0.6770 0.6770 -0.2885
vn 0.4682 -0.1939 -0.8621
vn 0.5068 -0.0000 -0.8621
vn -0.3646 0.8801 0.3040
vn -0.3664 0.8846 -0.2885
vn -0.1878 -0.4534 0.8713
vn -0.3470 -0.3470 0.8713
vn -0.4534 -0.1878 0.8713
vn -0.4907 -0.0000 0.8713
vn -0.3584 -0.3584 -0.8621
vn -0.1939 -0.4682 -0.8621
vn -0.1939 0.4682 -0.8621
vn -0.3584 0.3584 -0.8621
vn 0.4682 0.1939 -0.8621
vn 0.3584 0.3584 -0.8621
vn -0.0000 -0.5068 -0.8621
vn 0.1939 -0.4682 -0.8621
vn 0.1939 0.4682 -0.8621
vn -0.0000 0.5068 -0.8621
vn -0.4682 0.1939 -0.8621
vn -0.5068 -0.0000 -0.8621
vn 0.3584 -0.3584 -0.8621
vn -0.4682 -0.1939 -0.8621
vn -0.4534 0.1878 0.8713
vn -0.3470 0.3470 0.8713
vn -0.1878 0.4534 0.8713
vn 0.3470 0.3470 0.8713
vn 0.4534 0.1878 0.8713
vn 0.1878 -0.4534 0.8713
vn -0.0000 -0.4907 0.8713
vn -0.0000 0.4907 0.8713
vn 0.1878 0.4534 0.8713
vn 0.4534 -0.1878 0.8713
vn 0.3470 -0.3470 0.8713
vn 0.4907 -0.0000 0.8713
vn 0.1398 -0.9902 0.0001
vn -0.0193 -0.8877 0.4599
vn -0.0193 -0.8877 -0.4600
vn 0.4313 -0.9022 0.0001
vn 0.4336 -0.9011 0.0001
vn 0.9329 -0.3592 0.0279
vn 0.9482 -0.3155 0.0376
vn 0.9792 -0.2024 0.0113
vn 0.9807 -0.1906 0.0432
vn -0.4937 -0.8326 0.2509
vn -0.5186 -0.8522 0.0698
vn -0.4937 -0.8326 -0.2508
vn -0.5186 -0.8522 -0.0697
vn -0.1554 -0.4893 -0.8581
vn -0.1857 0.5105 -0.8396
vn -0.0669 0.5033 -0.8615
vn -0.0673 0.2599 -0.9633
vn -0.1362 0.2435 -0.9603
vn -0.2245 0.7166 -0.6604
vn -0.0642 0.7165 -0.6946
vn -0.2436 0.9502 -0.1947
vn -0.0585 0.9788 -0.1963
vn -0.0619 0.8556 -0.5139
vn -0.2474 0.8504 -0.4644
vn -0.2470 0.8489 0.4672
vn -0.0620 0.8558 0.5136
vn -0.0585 0.9792 0.1942
vn -0.2438 0.9507 0.1919
vn -0.2238 0.7074 0.6704
vn -0.0642 0.7071 0.7042
vn -0.1350 0.2382 0.9618
vn -0.0670 0.2536 0.9650
vn -0.0667 0.4910 0.8686
vn -0.1840 0.4993 0.8466
vn -0.0698 0.0456 -0.9965
vn -0.0944 0.0506 -0.9942
vn -0.0942 0.0504 0.9943
vn -0.0696 0.0455 0.9965
vn -0.0976 0.0566 0.9936
vn -0.0828 0.0563 0.9950
vn -0.0830 0.0564 -0.9950
vn -0.0978 0.0567 -0.9936
vn -0.0957 0.0715 -0.9928
vn -0.0993 0.0604 -0.9932
vn -0.0990 0.0603 0.9933
vn -0.0955 0.0714 0.9929
vn -0.1321 0.0712 0.9887
vn -0.1222 0.0640 0.9904
vn -0.1173 0.0585 0.9914
vn -0.1310 0.0688 0.9890
vn -0.1324 0.0696 -0.9887
vn -0.1182 0.0589 -0.9912
vn -0.1233 0.0645 -0.9903
vn -0.1335 0.0719 -0.9884
vn -0.1297 0.0657 -0.9894
vn -0.1204 0.0585 -0.9910
vn -0.1195 0.0581 0.9911
vn -0.1283 0.0650 0.9896
vn -0.1484 0.2626 0.9534
vn -0.1385 0.2393 0.9610
vn -0.1401 0.2449 -0.9594
vn -0.1498 0.2682 -0.9517
vn -0.1588 0.9773 0.1403
vn -0.3253 0.9346 0.1440
vn -0.3256 0.9341 -0.1462
vn -0.1590 0.9769 -0.1424
vn -0.1539 0.5920 0.7911
vn -0.2123 0.5688 0.7946
vn -0.2691 0.7619 0.5892
vn -0.1628 0.7949 0.5845
vn -0.3040 0.8775 0.3709
vn -0.1643 0.9156 0.3671
vn -0.1643 0.9169 -0.3638
vn -0.3036 0.8789 -0.3679
vn -0.2707 0.7701 -0.5777
vn -0.1631 0.8038 -0.5721
vn -0.2146 0.5801 -0.7858
vn -0.1551 0.6043 -0.7815
vn -0.7431 0.6653 0.0722
vn -0.7477 0.6553 0.1076
vn -0.7998 0.5545 0.2300
vn -0.7882 0.5760 0.2168
vn -0.8540 0.4635 0.2362
vn -0.8483 0.4710 0.2420
vn -0.9099 0.3966 0.1213
vn -0.9168 0.3868 0.0996
vn -0.9101 0.3965 -0.1201
vn -0.9171 0.3864 -0.0978
vn -0.8537 0.4644 -0.2359
vn -0.8475 0.4722 -0.2424
vn -0.7979 0.5561 -0.2325
vn -0.7859 0.5785 -0.2184
vn -0.7425 0.6659 -0.0732
vn -0.7466 0.6565 -0.1077
vn -0.5805 -0.0000 -0.8143
vt 0.291740 0.984755
vt 0.291740 0.987613
vt 0.263623 0.995046
vt 0.263623 0.992266
vt 0.319533 0.975295
vt 0.284558 0.961653
vt 0.319533 0.970620
vt 0.275109 0.954039
vt 0.268861 0.950482
vt 0.273554 0.949073
vt 0.277696 0.951643
vt 0.285637 0.959654
vt 0.320295 0.967797
vt 0.274646 0.929909
vt 0.274471 0.941057
vt 0.271139 0.940711
vt 0.271508 0.931980
vt 0.269651 0.918277
vt 0.267079 0.920564
vt 0.250793 0.873882
vt 0.248151 0.876269
vt 0.316152 0.789631
vt 0.295771 0.793863
vt 0.295771 0.791101
vt 0.316201 0.787007
vt 0.270688 0.799711
vt 0.270006 0.795774
vt 0.257593 0.808188
vt 0.255838 0.804597
vt 0.249903 0.816231
vt 0.247721 0.812779
vt 0.246415 0.822225
vt 0.243634 0.820038
vt 0.243744 0.832073
vt 0.240337 0.830581
vt 0.243064 0.843616
vt 0.239796 0.844014
vt 0.245075 0.859360
vt 0.242016 0.860056
vt 0.212093 0.954949
vt 0.204724 0.940711
vt 0.198185 0.931980
vt 0.189648 0.920564
vt 0.161807 0.883478
vt 0.238343 0.994633
vt 0.268290 0.791713
vt 0.235118 0.791519
vt 0.248915 0.786204
vt 0.220193 0.794436
vt 0.208540 0.794236
vt 0.193869 0.792878
vt 0.183333 0.822312
vt 0.172570 0.851746
vt 0.161807 0.881181
vt 0.210240 0.991110
vt 0.382165 0.121306
vt 0.384138 0.130766
vt 0.379824 0.130692
vt 0.379824 0.121306
vt 0.286123 0.131652
vt 0.289802 0.123728
vt 0.319809 0.122921
vt 0.316607 0.131283
vt 0.349817 0.122113
vt 0.348215 0.131061
vt 0.419974 0.119566
vt 0.418328 0.127958
vt 0.440514 0.119097
vt 0.455028 0.115252
vt 0.453995 0.123465
vt 0.435423 0.126079
vt 0.431612 0.119480
vt 0.273850 0.768836
vt 0.261369 0.765127
vt 0.267090 0.757245
vt 0.279572 0.758477
vt 0.236433 0.778342
vt 0.250060 0.772169
vt 0.262542 0.778091
vt 0.207711 0.784606
vt 0.222636 0.782386
vt 0.268213 0.753323
vt 0.280695 0.753323
vt 0.196059 0.784454
vt 0.191508 0.789269
vt 0.302613 0.773713
vt 0.302613 0.753323
vt 0.364735 0.753323
vt 0.364735 0.769557
vt 0.365632 0.761227
vt 0.368807 0.764790
vt 0.389710 0.762288
vt 0.389710 0.767887
vt 0.366437 0.760566
vt 0.369500 0.763834
vt 0.365571 0.753315
vt 0.390043 0.761539
vt 0.390043 0.753323
vt 0.390016 0.773095
vt 0.357910 0.781221
vt 0.391110 0.779963
vt 0.353631 0.784797
vt 0.390230 0.776738
vt 0.288399 0.791311
vt 0.288399 0.776243
vt 0.298336 0.779543
vt 0.298336 0.774228
vt 0.294599 0.774677
vt 0.298606 0.753323
vt 0.294599 0.753323
vt 0.288399 0.753323
vt 0.159285 0.885413
vt 0.120405 0.887197
vt 0.120405 0.879914
vt 0.158855 0.881181
vt 0.173639 0.954723
vt 0.159465 0.935718
vt 0.196898 0.935718
vt 0.209436 0.953936
vt 0.145954 0.918950
vt 0.184361 0.918950
vt 0.250060 0.753323
vt 0.196059 0.753323
vt 0.680551 0.393716
vt 0.680551 0.382258
vt 0.678846 0.382258
vt 0.678846 0.393716
vt 0.704870 0.393716
vt 0.704870 0.382258
vt 0.695536 0.382258
vt 0.695536 0.393716
vt 0.662796 0.382258
vt 0.662796 0.393716
vt 0.723602 0.393716
vt 0.723602 0.382258
vt 0.714162 0.382258
vt 0.714162 0.393716
vt 0.740788 0.382258
vt 0.733042 0.382258
vt 0.733042 0.393716
vt 0.740788 0.393716
vt 0.249477 0.086903
vt 0.261344 0.086903
vt 0.261344 0.092597
vt 0.249477 0.092597
vt 0.731385 0.371329
vt 0.718720 0.371329
vt 0.718720 0.375211
vt 0.731385 0.375211
vt 0.708563 0.371329
vt 0.708563 0.375211
vt 0.699459 0.371329
vt 0.699459 0.375211
vt 0.674204 0.371329
vt 0.674204 0.375211
vt 0.672488 0.371329
vt 0.665673 0.371329
vt 0.666770 0.375211
vt 0.672488 0.375211
vt 0.569250 0.755761
vt 0.569250 0.757784
vt 0.551213 0.757784
vt 0.551213 0.755761
vt 0.249477 0.065612
vt 0.251565 0.065612
vt 0.251565 0.068317
vt 0.249477 0.068317
vt 0.575979 0.785524
vt 0.550777 0.785070
vt 0.550777 0.781341
vt 0.575940 0.781857
vt 0.550777 0.776022
vt 0.573229 0.777562
vt 0.532029 0.755761
vt 0.533255 0.765421
vt 0.526139 0.755761
vt 0.526086 0.766340
vt 0.518917 0.767260
vt 0.518917 0.755761
vt 0.531556 0.778226
vt 0.541692 0.782661
vt 0.545148 0.780231
vt 0.251565 0.067247
vt 0.251565 0.065612
vt 0.249477 0.067247
vt 0.569918 0.757784
vt 0.569918 0.755761
vt 0.574359 0.755761
vt 0.577692 0.784033
vt 0.576004 0.771226
vt 0.580466 0.774935
vt 0.578485 0.755761
vt 0.580674 0.755761
vt 0.584493 0.777323
vt 0.639942 0.393716
vt 0.641042 0.393716
vt 0.640158 0.390988
vt 0.404967 0.753323
vt 0.414579 0.753323
vt 0.414579 0.759859
vt 0.404967 0.758798
vt 0.390947 0.757030
vt 0.390947 0.753323
vt 0.654968 0.406663
vt 0.654968 0.412435
vt 0.661189 0.407419
vt 0.641318 0.409945
vt 0.640986 0.405205
vt 0.390489 0.757708
vt 0.390489 0.753323
vt 0.661412 0.407419
vt 0.639635 0.397591
vt 0.640143 0.404146
vt 0.639489 0.392932
vt 0.640233 0.392932
vt 0.640332 0.398289
vt 0.412617 0.774873
vt 0.674218 0.393716
vt 0.662656 0.393716
vt 0.675088 0.407419
vt 0.695505 0.407419
vt 0.696372 0.393716
vt 0.693329 0.407419
vt 0.706357 0.393716
vt 0.700740 0.407419
vt 0.748883 0.382258
vt 0.748883 0.393716
vt 0.466932 0.760821
vt 0.497733 0.765185
vt 0.498420 0.766572
vt 0.490365 0.784894
vt 0.482657 0.799241
vt 0.459877 0.765459
vt 0.459985 0.755468
vt 0.466932 0.755468
vt 0.458380 0.770325
vt 0.456104 0.772410
vt 0.446168 0.777498
vt 0.473264 0.812889
vt 0.463870 0.824148
vt 0.430425 0.837814
vt 0.424123 0.776616
vt 0.445336 0.838467
vt 0.454624 0.832839
vt 0.429370 0.835908
vt 0.413565 0.789933
vt 0.259358 0.122119
vt 0.255423 0.136705
vt 0.249477 0.136705
vt 0.249477 0.122119
vt 0.249477 0.119837
vt 0.260043 0.119738
vt 0.249477 0.137102
vt 0.255423 0.137102
vt 0.256242 0.139837
vt 0.252831 0.139837
vt 0.249477 0.139837
vt 0.265189 0.119738
vt 0.259306 0.139836
vt 0.702660 0.407419
vt 0.708645 0.393716
vt 0.442485 0.753323
vt 0.451332 0.753323
vt 0.451332 0.755565
vt 0.442485 0.758305
vt 0.664628 0.414142
vt 0.664628 0.407419
vt 0.411157 0.760362
vt 0.411380 0.765698
vt 0.404967 0.759677
vt 0.702972 0.407419
vt 0.693832 0.407419
vt 0.692671 0.414196
vt 0.701562 0.411914
vt 0.251763 0.146429
vt 0.249477 0.146429
vt 0.453966 0.756613
vt 0.452736 0.756613
vt 0.452736 0.753323
vt 0.453966 0.753323
vt 0.418651 0.753323
vt 0.420028 0.760172
vt 0.669347 0.407419
vt 0.670103 0.414196
vt 0.686517 0.414196
vt 0.685959 0.407419
vt 0.688597 0.414196
vt 0.689571 0.407419
vt 0.281041 0.139837
vt 0.279652 0.149776
vt 0.273549 0.149776
vt 0.273620 0.139837
vt 0.263025 0.149776
vt 0.263605 0.139837
vt 0.264870 0.139836
vt 0.254556 0.149776
vt 0.255613 0.139837
vt 0.440212 0.753323
vt 0.439788 0.757141
vt 0.442140 0.766612
vt 0.438265 0.760535
vt 0.436868 0.762408
vt 0.436361 0.783044
vt 0.434123 0.764034
vt 0.440458 0.776935
vt 0.438431 0.782921
vt 0.423291 0.760959
vt 0.426710 0.763256
vt 0.420371 0.753323
vt 0.420696 0.757106
vt 0.430604 0.764317
vt 0.435190 0.753323
vt 0.436854 0.753323
vt 0.435296 0.755343
vt 0.437605 0.753323
vt 0.436967 0.755727
vt 0.435403 0.757364
vt 0.430337 0.753323
vt 0.431522 0.753323
vt 0.431224 0.755343
vt 0.429553 0.755352
vt 0.429301 0.753323
vt 0.430925 0.757261
vt 0.433260 0.755755
vt 0.433164 0.757739
vt 0.433356 0.753323
vt 0.422946 0.753323
vt 0.422956 0.755625
vt 0.423943 0.757824
vt 0.427000 0.760057
vt 0.430334 0.761728
vt 0.433679 0.761421
vt 0.435810 0.760432
vt 0.436953 0.759239
vt 0.438361 0.756562
vt 0.439083 0.753323
vt 0.424988 0.769263
vt 0.414579 0.760739
vt 0.419275 0.761276
vt 0.685296 0.407419
vt 0.155068 0.075021
vt 0.150182 0.075183
vt 0.154166 0.079973
vt 0.152782 0.084172
vt 0.150585 0.084231
vt 0.143973 0.075506
vt 0.445305 0.768141
vt 0.443140 0.768422
vt 0.443353 0.767181
vt 0.443641 0.759342
vt 0.450514 0.764720
vt 0.453666 0.759959
vt 0.452425 0.762964
vt 0.641042 0.387369
vt 0.253277 0.106029
vt 0.253277 0.116029
vt 0.469053 0.760661
vt 0.466932 0.760367
vt 0.469053 0.755468
vt 0.261220 0.119738
vt 0.259170 0.119763
vt 0.259170 0.102916
vt 0.261220 0.102933
vt 0.641042 0.382258
vt 0.154907 0.832416
vt 0.169822 0.850176
vt 0.139768 0.832240
vt 0.139395 0.782704
vt 0.157210 0.785900
vt 0.180790 0.819171
vt 0.721455 0.131646
vt 0.670521 0.131646
vt 0.670521 0.122707
vt 0.718275 0.122707
vt 0.621502 0.131646
vt 0.614014 0.131646
vt 0.614014 0.122707
vt 0.621502 0.122707
vt 0.564124 0.126884
vt 0.544583 0.123601
vt 0.544583 0.116615
vt 0.564124 0.118264
vt 0.581365 0.128705
vt 0.581365 0.119847
vt 0.610687 0.122694
vt 0.670341 0.131646
vt 0.670341 0.122707
vt 0.624855 0.122707
vt 0.155211 0.935718
vt 0.169386 0.954723
vt 0.151815 0.956969
vt 0.136669 0.941711
vt 0.117065 0.887197
vt 0.118409 0.890433
vt 0.104897 0.909010
vt 0.103332 0.906830
vt 0.117962 0.876654
vt 0.117065 0.879914
vt 0.095731 0.859965
vt 0.096258 0.857232
vt 0.141403 0.918950
vt 0.121176 0.925705
vt 0.136341 0.785798
vt 0.137123 0.832240
vt 0.125457 0.817780
vt 0.126081 0.785798
vt 0.150356 0.832416
vt 0.118542 0.831904
vt 0.093091 0.859711
vt 0.093648 0.856511
vt 0.116555 0.830716
vt 0.123114 0.816804
vt 0.102940 0.910893
vt 0.100948 0.908306
vt 0.147715 0.957518
vt 0.132790 0.941977
vt 0.117865 0.926435
vt 0.123490 0.785798
vt 0.573669 0.115905
vt 0.557689 0.114627
vt 0.557689 0.093634
vt 0.573669 0.093675
vt 0.645566 0.119189
vt 0.642276 0.119189
vt 0.642276 0.094167
vt 0.645566 0.094167
vt 0.686393 0.119189
vt 0.672089 0.119189
vt 0.672089 0.094167
vt 0.686393 0.094167
vt 0.541709 0.112611
vt 0.541709 0.092609
vt 0.718275 0.119189
vt 0.718275 0.094167
vt 0.592310 0.117700
vt 0.589649 0.117429
vt 0.589649 0.094167
vt 0.592310 0.094167
vt 0.674204 0.382258
vt 0.699459 0.382258
vt 0.261344 0.102933
vt 0.254969 0.102933
vt 0.715825 0.382258
vt 0.719370 0.382258
vt 0.706912 0.382258
vt 0.249477 0.102933
vt 0.254658 0.119788
vt 0.254658 0.102941
vt 0.501456 0.767026
vt 0.502145 0.765077
vt 0.530907 0.761082
vt 0.530907 0.767144
vt 0.534445 0.772674
vt 0.509534 0.785449
vt 0.569645 0.838391
vt 0.554691 0.838391
vt 0.550777 0.780742
vt 0.575979 0.781187
vt 0.545377 0.832935
vt 0.536104 0.824511
vt 0.543340 0.778262
vt 0.526684 0.813598
vt 0.517264 0.799875
vt 0.571347 0.836543
vt 0.666055 0.382258
vt 0.584112 0.778466
vt 0.586923 0.789982
vt 0.590468 0.769201
vt 0.590379 0.766474
vt 0.676971 0.778241
vt 0.678013 0.780801
vt 0.583601 0.764406
vt 0.582494 0.761117
vt 0.609219 0.780655
vt 0.582494 0.755761
vt 0.590379 0.755761
vt 0.610128 0.755761
vt 0.610128 0.765627
vt 0.671141 0.772136
vt 0.678128 0.775550
vt 0.707201 0.777302
vt 0.694454 0.777164
vt 0.720061 0.783693
vt 0.694454 0.779389
vt 0.754459 0.785877
vt 0.729883 0.786276
vt 0.738573 0.790294
vt 0.745669 0.795030
vt 0.759968 0.807658
vt 0.611454 0.763027
vt 0.611454 0.755761
vt 0.645906 0.767046
vt 0.671271 0.770004
vt 0.707430 0.775170
vt 0.712337 0.776068
vt 0.645906 0.761404
vt 0.651073 0.755761
vt 0.692495 0.755761
vt 0.692495 0.768637
vt 0.651073 0.764485
vt 0.648782 0.761869
vt 0.648782 0.755761
vt 0.645906 0.755761
vt 0.648970 0.766206
vt 0.693278 0.755761
vt 0.693278 0.770046
vt 0.671313 0.768465
vt 0.693655 0.770725
vt 0.709802 0.771813
vt 0.709802 0.772353
vt 0.712337 0.768915
vt 0.711891 0.768638
vt 0.711939 0.755761
vt 0.712337 0.755761
vt 0.709802 0.755761
vt 0.753091 0.783522
vt 0.753091 0.755761
vt 0.678786 0.778434
vt 0.693129 0.779481
vt 0.693070 0.781598
vt 0.720131 0.786913
vt 0.729687 0.788767
vt 0.737871 0.792832
vt 0.744684 0.797556
vt 0.758433 0.809634
vt 0.763631 0.814474
vt 0.762420 0.816809
vt 0.730618 0.797009
vt 0.745150 0.805561
vt 0.753721 0.813491
vt 0.758069 0.820527
vt 0.704682 0.792479
vt 0.684195 0.788511
vt 0.642367 0.782903
vt 0.609954 0.778557
vt 0.646805 0.785340
vt 0.684390 0.790026
vt 0.704682 0.795156
vt 0.729918 0.800824
vt 0.743350 0.809041
vt 0.751643 0.816838
vt 0.755218 0.822648
vt 0.313610 0.112799
vt 0.313610 0.094221
vt 0.319721 0.094221
vt 0.319721 0.112799
vt 0.305410 0.112799
vt 0.305410 0.094221
vt 0.296768 0.112799
vt 0.296768 0.094221
vt 0.290806 0.112799
vt 0.290806 0.094221
vt 0.565714 0.388037
vt 0.565714 0.376319
vt 0.545232 0.376319
vt 0.545232 0.388985
vt 0.603378 0.387703
vt 0.603378 0.376319
vt 0.641042 0.376319
vt 0.583397 0.778313
vt 0.799132 0.816809
vt 0.797999 0.814474
vt 0.815063 0.786247
vt 0.814214 0.784408
vt 0.877928 0.786247
vt 0.891765 0.784408
vt 0.754459 0.777905
vt 0.773564 0.777905
vt 0.779384 0.770032
vt 0.776805 0.769306
vt 0.776805 0.755761
vt 0.779384 0.755761
vt 0.771850 0.776311
vt 0.753602 0.776311
vt 0.753602 0.755761
vt 0.771850 0.755761
vt 0.891765 0.755761
vt 0.888802 0.782418
vt 0.888802 0.755761
vt 0.808743 0.755761
vt 0.838101 0.755761
vt 0.838101 0.782418
vt 0.885022 0.776887
vt 0.850456 0.776887
vt 0.850456 0.755761
vt 0.885022 0.755811
vt 0.892963 0.755761
vt 0.892963 0.785850
vt 0.894716 0.787843
vt 0.877862 0.787843
vt 0.908551 0.785202
vt 0.910935 0.785850
vt 0.908551 0.755761
vt 0.749901 0.088288
vt 0.749901 0.094167
vt 0.720349 0.094167
vt 0.721024 0.088288
vt 0.720349 0.122707
vt 0.749901 0.122707
vt 0.723833 0.131646
vt 0.726211 0.131646
vt 0.719744 0.122707
vt 0.749901 0.131646
vt 0.157406 0.781599
vt 0.137803 0.779268
vt 0.727823 0.140098
vt 0.724989 0.140098
vt 0.730662 0.140098
vt 0.736410 0.140098
vt 0.802137 0.816809
vt 0.816322 0.789656
vt 0.876077 0.789547
vt 0.816930 0.791843
vt 0.805365 0.814516
vt 0.872791 0.814516
vt 0.875488 0.816809
vt 0.873352 0.791843
vt 0.878135 0.818476
vt 0.175157 0.753323
vt 0.749901 0.140098
vt 0.749901 0.147943
vt 0.737980 0.147943
vt 0.158974 0.080970
vt 0.138507 0.766321
vt 0.158191 0.762625
vt 0.420251 0.413231
vt 0.424022 0.407133
vt 0.406972 0.407133
vt 0.404556 0.413077
vt 0.387191 0.407145
vt 0.386944 0.412922
vt 0.365761 0.407133
vt 0.366179 0.412768
vt 0.414750 0.417029
vt 0.402487 0.417029
vt 0.386358 0.417029
vt 0.366549 0.417029
vt 0.354840 0.412654
vt 0.357417 0.417029
vt 0.366555 0.417107
vt 0.386137 0.417107
vt 0.402314 0.417107
vt 0.413049 0.417107
vt 0.357463 0.417107
vt 0.386137 0.419573
vt 0.402314 0.419573
vt 0.366555 0.419573
vt 0.413049 0.419573
vt 0.417642 0.111807
vt 0.372383 0.112799
vt 0.372383 0.094221
vt 0.417642 0.094221
vt 0.429500 0.111410
vt 0.429500 0.094221
vt 0.357578 0.112799
vt 0.357578 0.094221
vt 0.449038 0.110359
vt 0.440866 0.110715
vt 0.440866 0.094221
vt 0.449038 0.094221
vt 0.341528 0.112799
vt 0.329760 0.112799
vt 0.329760 0.094221
vt 0.341528 0.094221
vt 0.732079 0.950540
vt 0.727376 0.949148
vt 0.726457 0.941229
vt 0.729796 0.940888
vt 0.726281 0.930215
vt 0.729498 0.932262
vt 0.731401 0.918724
vt 0.734038 0.920984
vt 0.750731 0.874865
vt 0.753439 0.877223
vt 0.756591 0.860517
vt 0.759727 0.861205
vt 0.758652 0.843381
vt 0.762002 0.843767
vt 0.757956 0.832192
vt 0.761448 0.830747
vt 0.884708 0.832220
vt 0.882717 0.833393
vt 0.907663 0.857703
vt 0.905048 0.858416
vt 0.908222 0.860864
vt 0.905576 0.861116
vt 0.795695 0.892857
vt 0.798343 0.861160
vt 0.897959 0.907415
vt 0.900348 0.908873
vt 0.898352 0.911429
vt 0.896391 0.909569
vt 0.883395 0.926783
vt 0.880077 0.926062
vt 0.868439 0.942138
vt 0.864552 0.941876
vt 0.853482 0.957492
vt 0.849373 0.956949
vt 0.793133 0.923523
vt 0.792001 0.937069
vt 0.468126 0.107391
vt 0.459824 0.108937
vt 0.459824 0.092799
vt 0.468126 0.091253
vt 0.451658 0.110102
vt 0.451658 0.093964
vt 0.725818 0.954054
vt 0.723225 0.951687
vt 0.715268 0.959601
vt 0.716348 0.961577
vt 0.680536 0.967646
vt 0.681299 0.970436
vt 0.737328 0.993608
vt 0.737328 0.996487
vt 0.709151 0.988788
vt 0.709151 0.985827
vt 0.513378 0.379255
vt 0.541909 0.381160
vt 0.541909 0.371500
vt 0.513378 0.370812
vt 0.681299 0.976029
vt 0.487725 0.370516
vt 0.487725 0.378958
vt 0.762662 0.996059
vt 0.762662 0.998938
vt 0.238343 0.997412
vt 0.458723 0.370834
vt 0.458723 0.379729
vt 0.790824 0.992410
vt 0.791303 0.995326
vt 0.209762 0.993925
vt 0.188431 0.989595
vt 0.188527 0.985338
vt 0.437078 0.371435
vt 0.437078 0.380742
vt 0.812583 0.986431
vt 0.812680 0.990841
vt 0.164786 0.986041
vt 0.166777 0.981783
vt 0.413085 0.371846
vt 0.413085 0.381483
vt 0.836374 0.982749
vt 0.836374 0.987159
vt 0.395762 0.373713
vt 0.395762 0.387789
vt 0.404424 0.372780
vt 0.831765 0.954730
vt 0.788968 0.954953
vt 0.761165 0.943434
vt 0.761402 0.952142
vt 0.790726 0.953744
vt 0.820050 0.955346
vt 0.821307 0.946066
vt 0.658272 0.089221
vt 0.658272 0.086588
vt 0.685634 0.086588
vt 0.685634 0.089221
vt 0.644195 0.086609
vt 0.644195 0.089221
vt 0.648701 0.089221
vt 0.648701 0.086609
vt 0.687938 0.166007
vt 0.685915 0.158526
vt 0.696864 0.164975
vt 0.696864 0.178305
vt 0.691254 0.173715
vt 0.695087 0.179382
vt 0.697800 0.181705
vt 0.335283 0.419573
vt 0.358916 0.419573
vt 0.354840 0.412654
vt 0.335283 0.412654
vt 0.701244 0.175555
vt 0.701244 0.167725
vt 0.712694 0.167725
vt 0.712694 0.175555
vt 0.717074 0.164975
vt 0.717074 0.178305
vt 0.882987 0.765934
vt 0.882909 0.807335
vt 0.867112 0.798208
vt 0.863446 0.764342
vt 0.184073 0.753323
vt 0.179355 0.760601
vt 0.176416 0.760496
vt 0.180971 0.753323
vt 0.172338 0.760341
vt 0.176160 0.753323
vt 0.168081 0.759984
vt 0.171029 0.753323
vt 0.166272 0.756769
vt 0.164323 0.759778
vt 0.166682 0.753323
vt 0.157558 0.770166
vt 0.154880 0.768857
vt 0.160949 0.771879
vt 0.163841 0.773290
vt 0.165593 0.774095
vt 0.143856 0.778177
vt 0.145181 0.780203
vt 0.146968 0.782834
vt 0.148435 0.785012
vt 0.149154 0.786281
vt 0.133803 0.796289
vt 0.133213 0.794903
vt 0.132185 0.792559
vt 0.130895 0.789559
vt 0.129926 0.787316
vt 0.114757 0.795123
vt 0.115581 0.797724
vt 0.116618 0.800931
vt 0.117500 0.803330
vt 0.118051 0.805528
vt 0.108461 0.810239
vt 0.107903 0.808066
vt 0.107190 0.805541
vt 0.106240 0.802511
vt 0.105421 0.799935
vt 0.096726 0.802810
vt 0.096920 0.805663
vt 0.097114 0.808819
vt 0.097309 0.811925
vt 0.097503 0.814223
vt 0.086855 0.816770
vt 0.086855 0.814795
vt 0.086855 0.811559
vt 0.086855 0.807818
vt 0.086855 0.805170
vt 0.151062 0.753323
vt 0.151062 0.756406
vt 0.139653 0.763761
vt 0.128244 0.771116
vt 0.086855 0.776126
vt 0.093259 0.764517
vt 0.110751 0.767817
vt 0.092083 0.761939
vt 0.091598 0.762248
vt 0.091598 0.753323
vt 0.092083 0.753323
vt 0.093656 0.764251
vt 0.727557 0.181705
vt 0.727557 0.180430
vt 0.750920 0.180430
vt 0.750920 0.181705
vt 0.110933 0.767316
vt 0.128210 0.770380
vt 0.110594 0.764251
vt 0.127532 0.764251
vt 0.127532 0.753323
vt 0.110594 0.753323
vt 0.137737 0.760976
vt 0.139220 0.763168
vt 0.150696 0.755834
vt 0.150696 0.753323
vt 0.137737 0.753323
vt 0.093656 0.753323
vt 0.086855 0.753323
vt 0.890610 0.790780
vt 0.890610 0.765934
vt 0.261393 0.150554
vt 0.285177 0.150554
vt 0.285127 0.157834
vt 0.259354 0.155157
vt 0.258571 0.157834
vt 0.258571 0.155239
vt 0.346341 0.407133
vt 0.346341 0.412654
vt 0.914193 0.791767
vt 0.903159 0.768910
vt 0.903159 0.755761
vt 0.914193 0.755761
vt 0.894677 0.790827
vt 0.894677 0.768574
vt 0.926870 0.792445
vt 0.926870 0.755761
vt 0.932515 0.755761
vt 0.932515 0.786295
vt 0.322580 0.412654
vt 0.316923 0.419573
vt 0.892526 0.811989
vt 0.903515 0.815926
vt 0.914193 0.790780
vt 0.914193 0.818442
vt 0.714603 0.158526
vt 0.719378 0.166600
vt 0.937407 0.781213
vt 0.937407 0.755761
vt 0.063708 0.753323
vt 0.086855 0.753323
vt 0.086855 0.776126
vt 0.063708 0.772128
vt 0.312021 0.435487
vt 0.312021 0.425439
vt 0.255414 0.425439
vt 0.255414 0.435487
vt 0.007378 0.762399
vt 0.007378 0.759331
vt 0.749874 0.180246
vt 0.749874 0.165989
vt 0.750980 0.165989
vt 0.750980 0.180246
vt 0.744205 0.180246
vt 0.744205 0.165989
vt 0.007378 0.753323
vt 0.002728 0.754304
vt 0.002728 0.753323
vt 0.733096 0.165989
vt 0.740745 0.180246
vt 0.335283 0.425439
vt 0.335283 0.435487
vt 0.993896 0.771428
vt 0.993896 0.761696
vt 0.993896 0.755761
vt 0.998560 0.755761
vt 0.998560 0.756730
vt 0.249477 0.116029
vt 0.249477 0.119788
vt 0.249477 0.106029
vt 0.249477 0.102941
vt 0.249477 0.107978
vt 0.252387 0.107978
vt 0.251808 0.108879
vt 0.249477 0.108879
vt 0.466932 0.759062
vt 0.480641 0.755468
vt 0.480641 0.759062
vt 0.249477 0.114079
vt 0.252387 0.114079
vt 0.251808 0.113179
vt 0.249477 0.113179
vt 0.860799 0.818204
vt 0.802137 0.818204
vt 0.837227 0.845648
vt 0.772298 0.845648
vt 0.837227 0.861814
vt 0.772298 0.861814
vt 0.860799 0.859198
vt 0.775719 0.859198
vt 0.644195 0.086609
vt 0.860799 0.845496
vt 0.775719 0.854691
vt 0.837227 0.845668
vt 0.772298 0.845668
vt 0.344972 0.071818
vt 0.766243 0.979897
vt 0.757625 0.979693
vt 0.757324 0.976020
vt 0.766243 0.976351
vt 0.480740 0.049082
vt 0.479970 0.052347
vt 0.475996 0.051187
vt 0.476418 0.048437
vt 0.757948 0.973243
vt 0.766243 0.972935
vt 0.473628 0.051316
vt 0.473105 0.049719
vt 0.477460 0.062997
vt 0.473562 0.061018
vt 0.474857 0.055060
vt 0.478819 0.057233
vt 0.470257 0.059341
vt 0.472097 0.053995
vt 0.766243 0.968477
vt 0.766243 0.970170
vt 0.757324 0.970998
vt 0.757625 0.969141
vt 0.468049 0.058220
vt 0.470377 0.052786
vt 0.238156 0.959747
vt 0.238156 0.956517
vt 0.250975 0.956685
vt 0.250731 0.959957
vt 0.238156 0.954200
vt 0.250470 0.954798
vt 0.257674 0.957350
vt 0.258965 0.960557
vt 0.255672 0.955726
vt 0.238156 0.953524
vt 0.250731 0.954209
vt 0.250975 0.953949
vt 0.238156 0.953149
vt 0.258965 0.956158
vt 0.257674 0.955584
vt 0.266398 0.962515
vt 0.264466 0.961455
vt 0.262135 0.957902
vt 0.264466 0.959074
vt 0.766243 0.983080
vt 0.766243 0.986217
vt 0.757324 0.986053
vt 0.757625 0.982875
vt 0.766243 0.988467
vt 0.757948 0.987886
vt 0.484453 0.050967
vt 0.488122 0.054379
vt 0.487296 0.056923
vt 0.483683 0.054232
vt 0.490188 0.058391
vt 0.489104 0.059171
vt 0.491360 0.070053
vt 0.490585 0.069659
vt 0.491041 0.063276
vt 0.491943 0.063895
vt 0.488376 0.068538
vt 0.489180 0.062667
vt 0.766243 0.989487
vt 0.757324 0.988711
vt 0.481173 0.064882
vt 0.482531 0.059118
vt 0.486561 0.061002
vt 0.485071 0.066861
vt 0.238156 0.963023
vt 0.250731 0.963234
vt 0.250975 0.967015
vt 0.238156 0.966675
vt 0.258965 0.963834
vt 0.257674 0.967323
vt 0.250470 0.969875
vt 0.238156 0.970191
vt 0.255672 0.969384
vt 0.266398 0.965792
vt 0.264466 0.969232
vt 0.262135 0.968232
vt 0.264466 0.964732
vt 0.258965 0.972149
vt 0.257674 0.970661
vt 0.238156 0.974782
vt 0.238156 0.973038
vt 0.250975 0.972186
vt 0.250731 0.974098
vt 0.814206 0.982296
vt 0.838583 0.981120
vt 0.838583 0.984256
vt 0.814206 0.985433
vt 0.838583 0.986506
vt 0.814206 0.987683
vt 0.838583 0.987527
vt 0.814206 0.988704
vt 0.838583 0.987163
vt 0.814206 0.988339
vt 0.161936 0.963393
vt 0.161936 0.967044
vt 0.161936 0.970561
vt 0.161936 0.973408
vt 0.161936 0.975152
vt 0.473992 0.095352
vt 0.477890 0.097331
vt 0.481195 0.099009
vt 0.483403 0.100130
vt 0.484179 0.100523
vt 0.460092 0.088296
vt 0.467274 0.057826
vt 0.460867 0.088690
vt 0.463076 0.089811
vt 0.466381 0.091489
vt 0.470279 0.093468
vt 0.790334 0.979737
vt 0.790334 0.976191
vt 0.790334 0.972775
vt 0.790334 0.970010
vt 0.790334 0.968316
vt 0.161936 0.960116
vt 0.161936 0.958182
vt 0.161936 0.956992
vt 0.161936 0.956452
vt 0.161936 0.956645
vt 0.790334 0.982919
vt 0.484329 0.372314
vt 0.484329 0.393481
vt 0.410518 0.392085
vt 0.410466 0.366141
vt 0.410466 0.373758
vt 0.410518 0.399703
vt 0.484329 0.401099
vt 0.484329 0.379932
vt 0.466811 0.125823
vt 0.463098 0.123938
vt 0.512686 0.071401
vt 0.514572 0.066199
vt 0.522775 0.076748
vt 0.517475 0.062768
vt 0.520514 0.060592
vt 0.523992 0.059455
vt 0.527517 0.060785
vt 0.530551 0.064380
vt 0.532632 0.069692
vt 0.512918 0.083804
vt 0.512106 0.077583
vt 0.839719 0.979215
vt 0.839719 0.970500
vt 0.882987 0.969947
vt 0.882987 0.976975
vt 0.111477 0.964705
vt 0.111477 0.962292
vt 0.111482 0.960361
vt 0.111494 0.959539
vt 0.838583 0.964624
vt 0.882987 0.962919
vt 0.361710 0.390059
vt 0.361668 0.369533
vt 0.111494 0.970126
vt 0.111482 0.967431
vt 0.361668 0.375676
vt 0.361710 0.396202
vt 0.111513 0.959223
vt 0.111536 0.959461
vt 0.515579 0.094410
vt 0.525436 0.087355
vt 0.535294 0.080299
vt 0.111536 0.973853
vt 0.111513 0.972382
vt 0.410466 0.366393
vt 0.435356 0.361814
vt 0.484329 0.351147
vt 0.459731 0.351772
vt 0.459199 0.121959
vt 0.455894 0.120281
vt 0.453686 0.119161
vt 0.452911 0.118767
vt 0.476222 0.130600
vt 0.476997 0.130994
vt 0.474014 0.129479
vt 0.470709 0.127802
vt 0.094872 0.969504
vt 0.094860 0.967115
vt 0.345617 0.389751
vt 0.345561 0.371155
vt 0.897270 0.969689
vt 0.897272 0.975715
vt 0.094856 0.964751
vt 0.094895 0.959871
vt 0.094917 0.960146
vt 0.897268 0.963664
vt 0.094875 0.960082
vt 0.345556 0.376429
vt 0.345612 0.395024
vt 0.094862 0.960746
vt 0.094857 0.962682
vt 0.094912 0.972951
vt 0.094890 0.971553
vt 0.814206 0.967693
vt 0.838583 0.966517
vt 0.435356 0.354196
vt 0.459731 0.359389
vt 0.484329 0.358765
vt 0.814206 0.979114
vt 0.838583 0.977937
vt 0.838583 0.968210
vt 0.814206 0.969387
vt 0.838583 0.970975
vt 0.814206 0.972152
vt 0.838583 0.974391
vt 0.814206 0.975568
vt 0.484329 0.354515
vt 0.459731 0.355140
vt 0.435356 0.357564
vt 0.790334 0.988306
vt 0.790334 0.989327
vt 0.790334 0.986056
vt 0.052349 0.965459
vt 0.052349 0.964228
vt 0.052349 0.969117
vt 0.052349 0.968102
vt 0.052349 0.963003
vt 0.052349 0.962097
vt 0.052349 0.966817
vt 0.341138 0.376821
vt 0.331409 0.394245
vt 0.080249 0.972349
vt 0.052349 0.961686
vt 0.052349 0.961726
vt 0.080256 0.960730
vt 0.534700 0.124612
vt 0.539689 0.123774
vt 0.539319 0.126357
vt 0.535493 0.131186
vt 0.533853 0.131817
vt 0.532231 0.131430
vt 0.530874 0.130084
vt 0.529990 0.127984
vt 0.539411 0.121240
vt 0.536946 0.130147
vt 0.538355 0.128594
vt 0.052349 0.969708
vt 0.909811 0.965743
vt 0.909816 0.971289
vt 0.901190 0.975250
vt 0.901185 0.969567
vt 0.331419 0.389381
vt 0.341148 0.371837
vt 0.901181 0.963884
vt 0.909807 0.960197
vt 0.957220 0.964959
vt 0.957220 0.960794
vt 0.957220 0.969124
vt 0.580060 0.382247
vt 0.579991 0.383091
vt 0.579547 0.383435
vt 0.579547 0.382397
vt 0.579547 0.384804
vt 0.579547 0.384280
vt 0.580060 0.375049
vt 0.579991 0.375113
vt 0.579547 0.373330
vt 0.579547 0.373034
vt 0.579547 0.374944
vt 0.579547 0.374001
vt 0.579991 0.374750
vt 0.580060 0.374825
vt 0.579547 0.372914
vt 0.579547 0.373037
vt 0.580060 0.382792
vt 0.579991 0.382728
vt 0.579547 0.384511
vt 0.579547 0.384807
vt 0.579547 0.382897
vt 0.579547 0.383840
vt 0.580060 0.383016
vt 0.579547 0.384927
vt 0.580060 0.375594
vt 0.579547 0.374406
vt 0.579547 0.375444
vt 0.579547 0.373561
vt 0.580060 0.381886
vt 0.579547 0.381825
vt 0.469343 0.092205
vt 0.468492 0.091135
vt 0.469888 0.090822
vt 0.574035 0.373037
vt 0.572412 0.371358
vt 0.574035 0.373561
vt 0.574035 0.372914
vt 0.574035 0.374406
vt 0.574035 0.375444
vt 0.574035 0.384807
vt 0.574035 0.384511
vt 0.574035 0.383840
vt 0.574035 0.382897
vt 0.574035 0.381825
vt 0.574035 0.384927
vt 0.574035 0.384804
vt 0.574035 0.384280
vt 0.574035 0.383435
vt 0.574035 0.382397
vt 0.574035 0.373034
vt 0.574035 0.373330
vt 0.574035 0.374001
vt 0.574035 0.374944
vt 0.579547 0.376016
vt 0.574035 0.376016
vt 0.321614 0.970087
vt 0.321579 0.976529
vt 0.321576 0.968600
vt 0.468945 0.106918
vt 0.469214 0.093777
vt 0.469759 0.103137
vt 0.678981 0.969845
vt 0.679317 0.968001
vt 0.679027 0.975158
vt 0.677425 0.972727
vt 0.677425 0.971252
vt 0.572116 0.372795
vt 0.572110 0.383797
vt 0.321502 0.976366
vt 0.570112 0.368967
vt 0.580060 0.382702
vt 0.580060 0.382498
vt 0.580060 0.382212
vt 0.580060 0.382562
vt 0.580060 0.382819
vt 0.580060 0.382979
vt 0.580060 0.375139
vt 0.580060 0.375343
vt 0.580060 0.375630
vt 0.580060 0.375955
vt 0.475142 0.093159
vt 0.475048 0.092696
vt 0.475074 0.091921
vt 0.580060 0.375279
vt 0.580060 0.375022
vt 0.580060 0.374862
vt 0.584039 0.375596
vt 0.584039 0.375280
vt 0.584039 0.375025
vt 0.584039 0.374868
vt 0.584039 0.374833
vt 0.584039 0.375956
vt 0.584039 0.375630
vt 0.584039 0.375341
vt 0.584039 0.375134
vt 0.584039 0.375041
vt 0.584039 0.382246
vt 0.584039 0.382561
vt 0.584039 0.382816
vt 0.584039 0.382973
vt 0.584039 0.383008
vt 0.584039 0.381885
vt 0.584039 0.382212
vt 0.584039 0.382500
vt 0.584039 0.382707
vt 0.584039 0.382800
vt 0.587275 0.381026
vt 0.587275 0.381342
vt 0.587275 0.381599
vt 0.587275 0.381758
vt 0.587275 0.381795
vt 0.587275 0.380886
vt 0.587275 0.381212
vt 0.587275 0.381499
vt 0.587275 0.381704
vt 0.587275 0.376046
vt 0.587275 0.376138
vt 0.587275 0.376342
vt 0.587275 0.376629
vt 0.587275 0.376955
vt 0.587275 0.376815
vt 0.587275 0.376499
vt 0.587275 0.376242
vt 0.587275 0.376083
vt 0.476344 0.105253
vt 0.476889 0.103870
vt 0.477921 0.105189
vt 0.323400 0.975857
vt 0.323400 0.973936
vt 0.323400 0.974995
vt 0.477017 0.102298
vt 0.323400 0.970386
vt 0.323400 0.971348
vt 0.470067 0.104658
vt 0.470765 0.105898
vt 0.323400 0.972442
vt 0.677425 0.970206
vt 1.000000 0.129069
vt 1.000000 0.243908
vt 1.000000 0.038575
vt 0.677425 0.969353
vt 0.677425 0.973808
vt 0.472870 0.093822
vt 0.473224 0.093875
vt 0.473523 0.094109
vt 0.541909 0.368059
vt 0.842874 0.969849
vt 0.844928 0.972325
vt 0.256567 0.845505
vt 0.256567 0.844648
vt 0.259666 0.844631
vt 0.259590 0.845505
vt 0.256567 0.843181
vt 0.259509 0.843327
vt 0.261752 0.844396
vt 0.262154 0.846525
vt 0.261128 0.843555
vt 0.256567 0.841333
vt 0.259590 0.841622
vt 0.259666 0.842359
vt 0.256567 0.842048
vt 0.262154 0.842445
vt 0.261752 0.842953
vt 0.264468 0.848523
vt 0.263866 0.847599
vt 0.263140 0.844752
vt 0.263866 0.845102
vt 0.256567 0.860823
vt 0.259590 0.860823
vt 0.259666 0.861710
vt 0.256567 0.861694
vt 0.262153 0.859802
vt 0.261752 0.861956
vt 0.259509 0.862983
vt 0.256567 0.863122
vt 0.261128 0.862767
vt 0.264468 0.857806
vt 0.263866 0.861252
vt 0.263140 0.861601
vt 0.263866 0.858730
vt 0.262153 0.863850
vt 0.261752 0.863354
vt 0.256567 0.864905
vt 0.256567 0.864212
vt 0.259666 0.863917
vt 0.259590 0.864631
vt 0.243566 0.860823
vt 0.243566 0.861694
vt 0.243566 0.863122
vt 0.243566 0.864212
vt 0.243566 0.864905
vt 0.480002 0.354741
vt 0.421705 0.354741
vt 0.421369 0.354288
vt 0.480002 0.354288
vt 0.420415 0.352997
vt 0.480002 0.352997
vt 0.418987 0.351066
vt 0.480002 0.351066
vt 0.417303 0.348788
vt 0.480002 0.348788
vt 0.769846 0.663648
vt 0.827384 0.663648
vt 0.827384 0.648395
vt 0.769846 0.648395
vt 0.338730 0.055509
vt 0.337870 0.055509
vt 0.337870 0.048168
vt 0.338730 0.048168
vt 0.346063 0.059598
vt 0.342598 0.059598
vt 0.342598 0.055509
vt 0.346063 0.055509
vt 0.362659 0.059598
vt 0.362381 0.059598
vt 0.362381 0.055509
vt 0.362659 0.055509
vt 0.415567 0.346353
vt 0.480002 0.346353
vt 0.339905 0.059598
vt 0.339072 0.059598
vt 0.339072 0.055509
vt 0.339905 0.055509
vt 0.361590 0.059598
vt 0.358959 0.059598
vt 0.358959 0.055509
vt 0.361590 0.055509
vt 0.355467 0.059598
vt 0.355467 0.055509
vt 0.359494 0.055509
vt 0.355582 0.055509
vt 0.355582 0.048168
vt 0.359494 0.048168
vt 0.338779 0.059598
vt 0.338779 0.055509
vt 0.243566 0.866095
vt 0.256579 0.866095
vt 0.362768 0.055509
vt 0.362768 0.048168
vt 0.345941 0.055509
vt 0.342073 0.055509
vt 0.342073 0.048168
vt 0.345941 0.048168
vt 0.363865 0.055509
vt 0.363583 0.055509
vt 0.363583 0.048168
vt 0.363865 0.048168
vt 0.412451 0.341982
vt 0.480002 0.341982
vt 0.337573 0.055509
vt 0.337573 0.048168
vt 0.408750 0.336805
vt 0.480002 0.339249
vt 0.362381 0.048168
vt 0.361590 0.048168
vt 0.361590 0.043578
vt 0.362381 0.043578
vt 0.358959 0.048168
vt 0.355468 0.048168
vt 0.355468 0.043578
vt 0.358959 0.043578
vt 0.342598 0.048168
vt 0.339905 0.048168
vt 0.339905 0.043578
vt 0.342598 0.043578
vt 0.346063 0.048168
vt 0.346063 0.043578
vt 0.339072 0.048168
vt 0.339072 0.043578
vt 0.338779 0.048168
vt 0.338779 0.043578
vt 0.362659 0.048168
vt 0.362659 0.043578
vt 0.480002 0.339249
vt 0.408750 0.336805
vt 0.243566 0.841333
vt 0.256580 0.840142
vt 0.243566 0.840142
vt 0.243566 0.845505
vt 0.243566 0.842048
vt 0.243566 0.843181
vt 0.243566 0.844648
vt 0.740793 0.645348
vt 0.738116 0.647995
vt 0.737540 0.647479
vt 0.740575 0.644193
vt 0.744800 0.644529
vt 0.744710 0.643347
vt 0.749526 0.644241
vt 0.749505 0.643055
vt 0.737176 0.651400
vt 0.738116 0.647995
vt 0.736277 0.651281
vt 0.738116 0.664076
vt 0.737176 0.660644
vt 0.736277 0.660757
vt 0.737541 0.664603
vt 0.740793 0.666663
vt 0.740586 0.667821
vt 0.749526 0.667713
vt 0.744800 0.667440
vt 0.744714 0.668622
vt 0.749506 0.668898
vt 0.737176 0.651400
vt 0.737176 0.660645
vt 0.738116 0.664076
vt 0.769846 0.644241
vt 0.769846 0.643055
vt 0.769846 0.667713
vt 0.769846 0.668898
vt 0.744800 0.645113
vt 0.740793 0.645891
vt 0.738116 0.663665
vt 0.740793 0.666120
vt 0.738116 0.648403
vt 0.737176 0.651635
vt 0.346302 0.043578
vt 0.355227 0.043578
vt 0.744800 0.666857
vt 0.749526 0.667116
vt 0.749526 0.644840
vt 0.737176 0.660408
vt 0.340458 0.043578
vt 0.339666 0.043578
vt 0.339799 0.036979
vt 0.340581 0.036979
vt 0.346355 0.036979
vt 0.355173 0.036979
vt 0.361038 0.043578
vt 0.358541 0.043578
vt 0.358447 0.036979
vt 0.360915 0.036979
vt 0.343013 0.043578
vt 0.343106 0.036979
vt 0.361656 0.036979
vt 0.362052 0.040434
vt 0.361788 0.043578
vt 0.339389 0.043578
vt 0.339389 0.040434
vt 0.480018 0.327465
vt 0.496905 0.327857
vt 0.495735 0.324239
vt 0.479631 0.323847
vt 0.499949 0.337268
vt 0.486456 0.336877
vt 0.499246 0.335093
vt 0.482396 0.332966
vt 0.498684 0.333357
vt 0.492837 0.338857
vt 0.500590 0.339249
vt 0.492837 0.338857
vt 0.766797 0.663600
vt 0.766797 0.648356
vt 0.770211 0.647085
vt 0.770211 0.664872
vt 0.495735 0.322821
vt 0.483091 0.320229
vt 0.350720 0.017493
vt 0.357944 0.017493
vt 0.359768 0.019745
vt 0.486582 0.320229
vt 0.343496 0.017493
vt 0.343538 0.013379
vt 0.345169 0.013379
vt 0.344243 0.017493
vt 0.347609 0.013379
vt 0.347090 0.017493
vt 0.350487 0.013379
vt 0.350449 0.017493
vt 0.350992 0.017493
vt 0.350953 0.013379
vt 0.353831 0.013379
vt 0.354351 0.017493
vt 0.356272 0.013379
vt 0.357198 0.017493
vt 0.357902 0.013379
vt 0.491972 0.320229
vt 0.763351 0.663600
vt 0.763351 0.648356
vt 0.737550 0.659204
vt 0.738626 0.659204
vt 0.738626 0.659145
vt 0.737550 0.659145
vt 0.737550 0.653535
vt 0.738626 0.653535
vt 0.738626 0.653249
vt 0.737550 0.653249
vt 0.737550 0.653920
vt 0.738626 0.653920
vt 0.737550 0.653073
vt 0.738626 0.653073
vt 0.737550 0.658969
vt 0.738626 0.658969
vt 0.737550 0.654389
vt 0.738626 0.654389
vt 0.737550 0.653014
vt 0.738626 0.653014
vt 0.737550 0.658683
vt 0.738626 0.658683
vt 0.737550 0.654924
vt 0.738626 0.654924
vt 0.737550 0.658298
vt 0.738626 0.658298
vt 0.737550 0.655505
vt 0.738626 0.655505
vt 0.737550 0.657829
vt 0.738626 0.657829
vt 0.737550 0.656109
vt 0.738626 0.656109
vt 0.737550 0.657294
vt 0.738626 0.657294
vt 0.737550 0.656713
vt 0.738626 0.656713
vt 0.354002 0.027406
vt 0.353942 0.026486
vt 0.354544 0.026262
vt 0.354617 0.027406
vt 0.348235 0.030027
vt 0.348626 0.030741
vt 0.348192 0.031553
vt 0.347724 0.030664
vt 0.347944 0.025601
vt 0.347764 0.026486
vt 0.347162 0.026262
vt 0.347376 0.025162
vt 0.353763 0.025601
vt 0.354330 0.025162
vt 0.349104 0.031328
vt 0.348762 0.032282
vt 0.347704 0.027406
vt 0.347090 0.027406
vt 0.353472 0.024786
vt 0.353982 0.024148
vt 0.349648 0.031764
vt 0.349413 0.032824
vt 0.353080 0.024071
vt 0.353514 0.023260
vt 0.350239 0.032032
vt 0.350119 0.033158
vt 0.352603 0.023484
vt 0.352944 0.022530
vt 0.350853 0.032123
vt 0.350853 0.033271
vt 0.352058 0.023049
vt 0.352293 0.021988
vt 0.351468 0.032032
vt 0.351587 0.033158
vt 0.351468 0.022780
vt 0.351587 0.021655
vt 0.352058 0.031764
vt 0.352293 0.032824
vt 0.350853 0.022690
vt 0.350853 0.021542
vt 0.352603 0.031328
vt 0.352944 0.032282
vt 0.350239 0.022780
vt 0.350119 0.021655
vt 0.353080 0.030741
vt 0.353514 0.031553
vt 0.349648 0.023049
vt 0.349413 0.021988
vt 0.353472 0.030027
vt 0.353982 0.030664
vt 0.349104 0.023484
vt 0.348762 0.022530
vt 0.353763 0.029211
vt 0.354330 0.029650
vt 0.347764 0.028326
vt 0.347162 0.028550
vt 0.348626 0.024071
vt 0.348192 0.023260
vt 0.353942 0.028326
vt 0.354544 0.028550
vt 0.347944 0.029211
vt 0.347376 0.029650
vt 0.348235 0.024786
vt 0.347724 0.024148
vt 0.353942 0.022565
vt 0.354486 0.023602
vt 0.350001 0.034121
vt 0.349181 0.033732
vt 0.353280 0.021713
vt 0.350853 0.034253
vt 0.352525 0.021081
vt 0.351705 0.034121
vt 0.351705 0.020691
vt 0.352525 0.033732
vt 0.350853 0.020559
vt 0.353280 0.033099
vt 0.350001 0.020691
vt 0.353942 0.032248
vt 0.349181 0.021081
vt 0.354486 0.031210
vt 0.348426 0.021713
vt 0.354889 0.030026
vt 0.346569 0.028742
vt 0.346485 0.027406
vt 0.347764 0.022565
vt 0.355138 0.028742
vt 0.346817 0.030026
vt 0.347221 0.023602
vt 0.355222 0.027406
vt 0.347221 0.031210
vt 0.346817 0.024786
vt 0.355138 0.026071
vt 0.347764 0.032248
vt 0.346569 0.026071
vt 0.354889 0.024786
vt 0.348426 0.033099
vt 0.350853 0.027406
vt 0.356557 0.036060
vt 0.354782 0.037022
vt 0.348850 0.017199
vt 0.350853 0.016999
vt 0.358113 0.034766
vt 0.346924 0.017791
vt 0.359390 0.033188
vt 0.345149 0.018753
vt 0.360339 0.031389
vt 0.340784 0.029437
vt 0.340586 0.027406
vt 0.343593 0.020047
vt 0.360923 0.029437
vt 0.341368 0.031389
vt 0.342317 0.021624
vt 0.361120 0.027406
vt 0.342317 0.033188
vt 0.341368 0.023423
vt 0.360923 0.025376
vt 0.343593 0.034766
vt 0.340784 0.025376
vt 0.360339 0.023423
vt 0.345149 0.036060
vt 0.359390 0.021624
vt 0.346924 0.037022
vt 0.358113 0.020047
vt 0.348850 0.037614
vt 0.356557 0.018753
vt 0.350853 0.037814
vt 0.354782 0.017791
vt 0.352856 0.037614
vt 0.352856 0.017199
vt 0.741915 0.648494
vt 0.741915 0.663573
vt 0.740712 0.660356
vt 0.740712 0.651687
vt 0.744496 0.646012
vt 0.744496 0.665999
vt 0.747197 0.645244
vt 0.747197 0.666727
vt 0.750852 0.644984
vt 0.750852 0.666973
vt 0.339661 0.034223
vt 0.361780 0.034223
vt 0.361906 0.036979
vt 0.339535 0.036979
vt 0.340155 0.025490
vt 0.361286 0.025490
vt 0.341672 0.019745
vt 0.769829 0.645593
vt 0.767482 0.645108
vt 0.767482 0.644241
vt 0.769829 0.644241
vt 0.763475 0.644840
vt 0.757178 0.644840
vt 0.757178 0.644241
vt 0.763475 0.644241
vt 0.770662 0.647339
vt 0.759437 0.665353
vt 0.759437 0.646913
vt 0.757077 0.646913
vt 0.757077 0.665353
vt 0.755076 0.646913
vt 0.755076 0.665353
vt 0.753739 0.646913
vt 0.753739 0.665353
vt 0.753270 0.646913
vt 0.753270 0.665353
vt 0.761797 0.646913
vt 0.761797 0.665353
vt 0.763798 0.646913
vt 0.763798 0.665353
vt 0.765135 0.646913
vt 0.765135 0.665353
vt 0.765604 0.646913
vt 0.765604 0.665353
vt 0.496320 0.326409
vt 0.496796 0.329433
vt 0.494530 0.329433
vt 0.494227 0.327506
vt 0.488156 0.322134
vt 0.486129 0.323846
vt 0.487731 0.325872
vt 0.489023 0.324780
vt 0.486868 0.327506
vt 0.486565 0.329433
vt 0.490547 0.329433
vt 0.488156 0.336732
vt 0.486129 0.335019
vt 0.487731 0.332994
vt 0.489023 0.334085
vt 0.496320 0.332456
vt 0.494966 0.335019
vt 0.493364 0.332994
vt 0.494227 0.331360
vt 0.490547 0.321532
vt 0.492939 0.322134
vt 0.492072 0.324780
vt 0.490547 0.324397
vt 0.492939 0.336732
vt 0.490547 0.337334
vt 0.490547 0.334469
vt 0.492072 0.334085
vt 0.484774 0.332456
vt 0.484299 0.329433
vt 0.486868 0.331360
vt 0.494966 0.323846
vt 0.493364 0.325872
vt 0.484774 0.326409
vt 0.486868 0.331360
vt 0.494227 0.331360
vt 0.757178 0.667116
vt 0.757178 0.667713
vt 0.362052 0.043578
vt 0.647987 0.021428
vt 0.650591 0.021428
vt 0.651119 0.028257
vt 0.647459 0.028257
vt 0.393514 0.329206
vt 0.406359 0.333461
vt 0.388036 0.333461
vt 0.407678 0.324951
vt 0.406359 0.333461
vt 0.838068 0.666232
vt 0.838068 0.645722
vt 0.841228 0.645262
vt 0.841228 0.666692
vt 0.818036 0.660973
vt 0.818036 0.650981
vt 0.833589 0.650981
vt 0.833589 0.660973
vt 0.795970 0.660973
vt 0.795970 0.650981
vt 0.835018 0.647533
vt 0.835018 0.664421
vt 0.770662 0.664615
vt 0.782093 0.649835
vt 0.782093 0.662119
vt 0.763475 0.667116
vt 0.763475 0.667713
vt 0.767482 0.667713
vt 0.767482 0.666849
vt 0.769829 0.666363
vt 0.769829 0.667713
vt 0.401970 0.324951
vt 0.646930 0.035086
vt 0.643184 0.035086
vt 0.643712 0.028257
vt 0.640008 0.035086
vt 0.640536 0.028257
vt 0.637885 0.035086
vt 0.638414 0.028257
vt 0.637140 0.035086
vt 0.637668 0.028257
vt 0.660910 0.028257
vt 0.661438 0.035086
vt 0.660693 0.035086
vt 0.660164 0.028257
vt 0.658571 0.035086
vt 0.658042 0.028257
vt 0.655394 0.035086
vt 0.654866 0.028257
vt 0.651648 0.035086
vt 0.388036 0.333461
vt 0.654338 0.021428
vt 0.657514 0.021428
vt 0.659636 0.021428
vt 0.660381 0.021428
vt 0.638942 0.021428
vt 0.638197 0.021428
vt 0.641064 0.021428
vt 0.644240 0.021428
vt 0.500590 0.339249
vt 0.480010 0.333461
vt 0.480010 0.333461
vt 0.469901 0.326850
vt 0.416322 0.325294
vt 0.429901 0.325911
vt 0.456132 0.326288
vt 0.467593 0.319565
vt 0.479175 0.321114
vt 0.453533 0.318087
vt 0.431176 0.318087
vt 0.415418 0.319248
vt 0.413970 0.322769
vt 0.410879 0.324423
vt 0.469901 0.326850
vt 0.661438 0.040451
vt 0.637140 0.040451
vt 0.637140 0.035086
vt 0.754317 0.648878
vt 0.752516 0.649611
vt 0.750247 0.652410
vt 0.754317 0.655978
vt 0.749451 0.655711
vt 0.749451 0.656245
vt 0.750247 0.659547
vt 0.752516 0.662345
vt 0.754317 0.663079
vt 0.850730 0.665972
vt 0.846861 0.666692
vt 0.846861 0.645262
vt 0.850730 0.645982
vt 0.854009 0.663922
vt 0.854009 0.648032
vt 0.856201 0.660854
vt 0.856201 0.651100
vt 0.856970 0.654719
vt 0.856970 0.657235
vt 0.656872 0.049155
vt 0.641674 0.049155
vt 0.641674 0.048037
vt 0.656872 0.048037
vt 0.656872 0.051460
vt 0.641674 0.051460
vt 0.656872 0.052710
vt 0.641674 0.052711
vt 0.656399 0.053851
vt 0.642132 0.053854
vt 0.655663 0.054802
vt 0.642841 0.054806
vt 0.654743 0.055416
vt 0.643732 0.055416
vt 0.654369 0.055566
vt 0.644111 0.055566
vt 0.659605 0.062293
vt 0.660276 0.059183
vt 0.661095 0.059683
vt 0.660378 0.063339
vt 0.658547 0.064922
vt 0.659244 0.065982
vt 0.656450 0.067250
vt 0.657188 0.066668
vt 0.657775 0.067916
vt 0.656916 0.068595
vt 0.641289 0.066668
vt 0.642039 0.067250
vt 0.641571 0.068595
vt 0.640698 0.067916
vt 0.639968 0.064924
vt 0.639268 0.065982
vt 0.638299 0.059183
vt 0.638949 0.062295
vt 0.638176 0.063339
vt 0.637482 0.059683
vt 0.660276 0.055845
vt 0.661095 0.055775
vt 0.638299 0.055845
vt 0.637482 0.055775
vt 0.638299 0.049822
vt 0.637482 0.049162
vt 0.660276 0.049822
vt 0.661095 0.049162
vt 0.660276 0.046211
vt 0.661095 0.040861
vt 0.638299 0.046211
vt 0.637482 0.040861
vt 0.639247 0.046692
vt 0.659326 0.046692
vt 0.639247 0.048936
vt 0.659326 0.048936
vt 0.659326 0.052979
vt 0.639247 0.052979
vt 0.639247 0.055202
vt 0.659326 0.055201
vt 0.655891 0.060458
vt 0.642601 0.060458
vt 0.640778 0.058986
vt 0.639845 0.057258
vt 0.641975 0.060117
vt 0.657741 0.058982
vt 0.656507 0.060117
vt 0.658709 0.057255
vt 0.661438 0.048760
vt 0.661438 0.055775
vt 0.661438 0.059683
vt 0.660700 0.063339
vt 0.659533 0.066439
vt 0.658021 0.068510
vt 0.657138 0.069237
vt 0.641348 0.069237
vt 0.640450 0.068510
vt 0.638978 0.066439
vt 0.637854 0.063339
vt 0.637140 0.059683
vt 0.637140 0.055775
vt 0.637140 0.048760
vt 0.864483 0.644961
vt 0.860614 0.644241
vt 0.860614 0.667713
vt 0.864483 0.666993
vt 0.859464 0.645443
vt 0.859463 0.666494
vt 0.859462 0.666494
vt 0.867762 0.664943
vt 0.867762 0.647011
vt 0.869953 0.661875
vt 0.869953 0.650079
vt 0.870723 0.658255
vt 0.870723 0.653699
vt 0.758031 0.663038
vt 0.758031 0.648919
vt 0.753522 0.661435
vt 0.753522 0.650522
vt 0.750509 0.659037
vt 0.750509 0.652920
vt 0.749451 0.656207
vt 0.749451 0.655750
vt 0.654498 0.095713
vt 0.654498 0.116099
vt 0.619205 0.116099
vt 0.619205 0.095713
vt 0.663571 0.116099
vt 0.663571 0.095713
vt 0.086633 0.882095
vt 0.095349 0.882095
vt 0.095349 0.839871
vt 0.086633 0.848506
vt 0.117456 0.882095
vt 0.117456 0.839871
s 1
f 90/1/1 1582/2/2 1583/3/3 1576/4/4
f 1574/5/5 1575/1/6 1573/6/7 1581/7/5
f 1572/8/8 1573/6/7 1575/1/6 91/4/9
f 1572/8/8 91/4/9 1571/9/10
f 86/8/11 85/9/12 1584/10/12 1587/11/13
f 87/6/14 86/8/11 1587/11/13 1588/12/15
f 99/7/16 87/6/14 1588/12/15 1589/13/17
f 1591/14/18 1590/15/19 1569/16/20 1568/17/21
f 1569/16/20 1590/15/19 1585/10/22 1570/9/22
f 1592/18/23 1591/14/18 1568/17/21 1567/19/24
f 1593/20/25 1592/18/23 1567/19/24 1566/21/26
f 1595/22/27 1594/23/28 1557/24/29 1556/25/30
f 1596/26/31 1559/27/32 1557/24/29 1594/23/28
f 1597/28/33 1560/29/34 1559/27/32 1596/26/31
f 1598/30/35 1561/31/36 1560/29/34 1597/28/33
f 1599/32/37 1562/33/38 1561/31/36 1598/30/35
f 1600/34/39 1563/35/40 1562/33/38 1599/32/37
f 1601/36/41 1564/37/42 1563/35/40 1600/34/39
f 1602/38/43 1565/39/44 1564/37/42 1601/36/41
f 1565/39/44 1602/38/43 1593/20/25 1566/21/26
f 1608/40/45 1607/41/46 84/16/47 1571/9/10
f 94/17/48 84/16/47 1607/41/46 1606/42/49
f 82/19/50 94/17/48 1606/42/49 1605/43/51
f 82/19/50 1605/43/51 1604/44/52 83/21/53
f 1577/45/54 1608/40/45 1571/9/10 91/4/9
f 76/29/55 161/46/56 75/27/57
f 76/29/55 77/31/58 1615/47/59 1616/48/60
f 77/31/58 78/33/61 1614/49/62 1615/47/59
f 78/33/61 79/35/63 1613/50/64 1614/49/62
f 1611/51/65 1613/50/64 79/35/63 1610/52/66
f 79/35/63 80/37/67 1621/53/68 1610/52/66
f 80/37/67 81/39/69 1603/54/70 1621/53/68
f 1578/55/71 1608/40/45 1577/45/54
f 1603/54/70 81/39/69 83/21/53 1604/44/52
f 118/56/72 1625/57/73 1624/58/74 117/59/75
f 1622/60/76 1612/61/76 130/62/77 1627/63/78
f 129/64/79 1626/65/80 1627/63/78 130/62/77
f 117/59/75 1624/58/74 1626/65/80 129/64/79
f 119/66/81 1631/67/82 1625/57/73 118/56/72
f 115/68/83 1609/69/84 1628/70/85
f 115/68/83 1628/70/85 1630/71/86
f 116/72/87 115/68/83 1630/71/86
f 116/72/87 1630/71/86 1631/67/82 119/66/81
f 1618/73/88 1637/74/89 1638/75/90 1619/76/91
f 124/48/92 1635/77/93 1636/78/94 1617/79/95
f 122/49/96 1633/80/97 1634/81/98 123/47/99
f 1619/76/91 1638/75/90 1639/82/100 1620/83/100
f 1617/79/95 1636/78/94 1637/74/89 1618/73/88
f 123/47/99 1634/81/98 1635/77/93 124/48/92
f 121/50/101 1632/84/102 1633/80/97 122/49/96
f 121/50/101 120/51/103 1623/85/104 1632/84/102
f 1645/86/105 1647/87/105 1656/88/106 1648/89/107
f 1648/89/107 1656/88/106 1655/90/108
f 1655/90/108 1654/91/109 1648/89/107
f 1652/92/110 1650/93/110 1648/89/107 1654/91/109
f 152/90/111 1658/94/112 1657/95/113 151/91/114
f 1659/96/115 155/95/116 156/94/117
f 24/88/118 153/96/118 1658/94/112 152/90/111
f 151/91/114 1657/95/113 1506/97/119 1653/92/119
f 23/98/120 1505/97/121 155/95/116 1659/96/115
f 1651/93/122 1740/99/123 149/89/124
f 149/89/124 158/100/125 73/25/126 1646/86/127
f 1640/101/128 1660/102/129 1661/100/130 1643/103/128
f 1595/22/27 1556/25/30 1661/100/130 1660/102/129
f 1665/104/131 161/46/56 126/73/132 1523/105/133
f 1558/24/134 1662/106/135 1646/86/127 73/25/126
f 1662/106/135 1558/24/134 1664/104/136
f 75/27/57 161/46/56 1665/104/131 74/24/137
f 125/79/138 161/46/56 76/29/55 1616/48/60
f 1522/105/139 1518/107/139 1663/106/139 160/104/139
f 1516/107/140 148/86/140 162/106/140
f 126/73/132 161/46/56 125/79/138
f 1521/105/141 1519/108/141 1517/107/141
f 1515/109/140 150/87/140 148/86/140 1516/107/140
f 1520/108/140 1524/110/140 27/109/140 163/107/140
f 1668/111/142 29/110/142 28/108/142 164/105/142
f 128/83/143 1523/105/133 127/76/144
f 127/76/144 1523/105/133 126/73/132
f 133/112/145 1667/113/146 1666/114/147 132/115/148
f 1671/116/149 1670/117/150 138/118/151 1629/119/149
f 1670/117/150 1669/120/152 137/121/153 138/118/151
f 137/121/153 1669/120/152 1667/113/146 133/112/145
f 170/122/154 143/78/154 142/77/154 169/123/154
f 169/123/154 140/80/154 139/84/154
f 140/80/154 169/123/154 141/81/154
f 141/81/154 169/123/154 142/77/154
f 144/74/154 143/78/154 170/122/154
f 145/75/154 144/74/154 170/122/154 146/82/154
f 171/111/155 1523/105/133 128/83/143
f 1547/124/156 1677/125/156 1678/126/157 1548/127/157
f 1545/128/158 1675/129/158 1676/130/159 1546/131/159
f 1548/127/157 1678/126/157 1679/132/160 1549/133/160
f 1546/131/159 1676/130/159 1677/125/156 1547/124/156
f 1543/134/161 1673/135/161 1674/136/162 1544/137/162
f 1685/138/163 1779/139/164 1542/140/164 231/141/163
f 1693/142/165 1686/143/165 1689/144/165 46/145/165
f 1687/146/166 1695/147/167 1694/148/167 1690/149/166
f 1695/147/167 1697/150/168 1696/151/168 1694/148/167
f 1697/150/168 1699/152/169 1698/153/169 1696/151/168
f 1699/152/169 1700/154/170 1703/155/170 1698/153/169
f 205/156/171 1734/157/172 1707/158/173 1706/159/171
f 1716/160/174 1713/161/174 1710/162/174 51/163/174
f 1715/164/165 1709/165/165 1711/166/165 50/167/165
f 1702/168/175 186/169/176 194/170/177 1718/171/178
f 1718/171/178 194/170/177 1721/172/179 1719/173/180
f 49/174/181 1717/163/181 1712/162/182 1722/175/183
f 1722/175/183 1712/162/182 196/172/184
f 48/176/185 1725/177/186 1688/178/187 47/179/187
f 1724/174/188 1723/175/189 1725/177/186 48/176/185
f 180/178/190 199/177/191 182/180/192
f 199/177/191 198/175/193 182/180/192
f 184/181/194 182/180/192 200/182/195
f 200/182/195 198/175/193 1721/172/179
f 182/180/192 198/175/193 200/182/195
f 1721/172/179 194/170/177 200/182/195
f 184/181/194 200/182/195 194/170/177 186/169/176
f 1727/183/196 1714/184/196 52/164/196 1726/185/196
f 191/166/197 192/165/197 193/184/197 1728/183/197
f 1720/173/198 196/172/184 1712/162/182 201/186/199
f 53/187/200 1729/188/200 1720/173/198 201/186/199
f 1708/189/201 1701/168/202 195/171/203
f 202/190/204 203/191/205 195/171/203 197/173/206
f 197/173/206 54/188/207 202/190/204
f 54/188/207 55/192/208 202/190/204
f 407/193/209 203/191/205 202/190/204 55/192/208
f 203/191/205 1735/194/210 1708/189/201 195/171/203
f 188/154/211 205/156/171 1706/159/171 1704/155/211
f 1741/195/212 1769/196/213 1644/197/214
f 220/198/215 20/199/216 1760/200/217 1759/201/215
f 1757/202/215 1756/203/215 220/198/215 1759/201/215
f 1764/204/218 217/205/219 1765/206/220
f 1758/207/221 217/205/219 1764/204/218 1761/208/221
f 216/202/222 1762/209/222 221/210/223 21/203/222
f 1767/210/224 1763/209/225 1507/97/225 1514/98/224
f 1509/211/226 1649/212/227 1504/213/228
f 147/214/229 25/215/229 154/216/229
f 1544/137/162 1674/136/162 1675/129/158 1545/128/158
f 1739/217/154 1768/101/154 1742/99/154
f 210/218/230 206/219/231 1509/211/226 1743/220/232
f 1748/221/233 1737/222/234 1745/223/235
f 1736/224/236 1737/222/234 1748/221/233 1749/225/237
f 1683/226/238 1685/138/163 231/141/163 1681/227/238
f 1542/140/164 1779/139/164 1673/135/161 1543/134/161
f 1777/228/239 1775/229/240 1682/230/240 1541/231/241
f 1777/228/239 1541/231/241 66/232/242 1771/233/243
f 1777/228/239 1771/233/243 4/234/244 1780/235/244
f 1771/233/243 66/232/242 1770/236/154
f 1770/236/154 66/232/242 208/237/154
f 209/238/154 208/237/154 66/232/242 233/239/154
f 233/239/154 67/240/154 209/238/154
f 69/241/154 1738/242/154 209/238/154 68/243/154
f 68/243/154 209/238/154 67/240/154 225/244/154
f 70/245/154 1738/242/154 69/241/154
f 70/245/154 1550/246/154 1739/217/154 1738/242/154
f 1739/217/154 1550/246/154 1768/101/154
f 1790/247/245 1787/248/245 1786/249/245 5/250/245
f 1789/250/246 1774/251/246 1773/252/247 1791/247/247
f 1792/253/248 6/249/248 1788/248/248 1794/254/248
f 236/248/249 237/247/249 228/252/249 238/254/249
f 1772/252/250 1751/255/251 1793/254/252
f 1798/256/253 1797/257/254 7/253/254 1793/254/252
f 1772/252/250 227/258/255 1750/259/256 1751/255/251
f 1736/224/236 1749/225/237 1750/260/256 227/261/255
f 1796/262/257 1795/263/257 1781/264/257 1783/265/257
f 219/266/258 1766/267/259 1765/206/220
f 217/205/219 219/266/258 1765/206/220
f 242/268/260 211/269/261 223/270/262
f 211/211/261 1508/213/263 222/208/263 223/204/262
f 243/195/264 1649/212/227 206/219/231
f 1509/211/226 206/219/231 1649/212/227
f 149/89/124 1740/99/123 157/103/265 158/100/125
f 1752/271/266 1754/272/266 1784/273/266 1782/274/266
f 1793/254/252 1751/255/251 1798/256/253
f 240/275/267 8/276/267 1799/257/267 1753/256/267
f 244/277/154 247/278/154 246/279/154 215/280/154
f 18/281/268 1511/282/269 1760/200/217 20/199/216
f 1512/283/270 1766/267/259 219/266/258 1510/284/270
f 218/284/271 1811/285/271 1805/286/271 1513/283/271
f 1804/286/272 1810/285/272 1809/287/272 1803/288/272
f 1802/289/273 1808/290/273 254/291/274 1801/292/275
f 1806/293/276 1800/294/277 1746/295/278
f 1785/296/279 1755/297/279 1800/294/277 1806/293/276
f 1812/298/154 9/262/154 241/265/154 1813/299/154
f 253/300/154 1814/301/154 1813/299/154 241/265/154
f 1814/301/154 253/300/154 1815/302/154
f 256/303/154 1816/304/154 1807/305/154 255/306/154
f 1511/282/269 1819/307/154 1818/308/154 256/303/154
f 1511/282/269 18/281/268 10/309/154 1820/310/154
f 1820/310/154 1819/307/154 1511/282/269
f 1816/304/154 256/303/154 1817/311/154
f 1818/308/154 1817/311/154 256/303/154
f 1807/305/154 1816/304/154 1815/302/154 253/300/154
f 14/312/280 13/313/281 271/314/282
f 1828/315/283 269/316/284 13/313/281
f 271/314/282 13/313/281 269/316/284
f 1826/317/285 271/314/282 269/316/284
f 19/318/286 15/319/287 272/320/288
f 1823/321/289 19/318/286 272/320/288
f 1822/322/290 19/318/286 1823/321/289
f 1824/323/291 1823/321/289 272/320/288
f 1824/323/291 272/320/288 273/324/292 1825/325/293
f 1825/325/293 273/324/292 271/314/282 1826/317/285
f 15/319/287 274/326/294 273/324/292 272/320/288
f 271/314/282 273/324/292 274/326/294 14/312/280
f 17/327/295 282/328/296 264/310/297 1821/309/298
f 264/310/297 282/328/296 281/329/299 263/307/300
f 263/307/300 281/329/299 280/330/301 262/308/302
f 262/308/302 280/330/301 279/331/303 261/311/304
f 261/311/304 279/331/303 278/332/305 260/304/306
f 260/304/306 278/332/305 277/333/307 259/302/308
f 259/302/308 277/333/307 276/334/309 258/301/310
f 258/301/310 276/334/309 275/335/311 257/299/312
f 12/336/313 11/298/314 257/299/312 275/335/311
f 1827/316/315 270/315/316 12/336/313 275/335/311
f 275/335/311 276/334/309 268/317/317 1827/316/315
f 276/334/309 277/333/307 268/317/317
f 267/325/318 268/317/317 277/333/307 278/332/305
f 266/323/319 267/325/318 278/332/305 279/331/303
f 265/321/320 266/323/319 279/331/303 280/330/301
f 280/330/301 281/329/299 265/321/320
f 282/328/296 265/321/320 281/329/299
f 16/322/321 265/321/320 282/328/296 17/327/295
f 1744/337/154 211/269/261 224/338/154 252/339/154
f 242/268/260 224/338/154 211/269/261
f 210/218/230 1743/220/232 1829/340/322
f 1737/222/234 210/218/230 1829/340/322
f 1737/222/234 1829/340/322 1745/223/235
f 1806/293/276 1746/295/278 1801/292/275 254/291/274
f 284/341/174 283/342/174 249/343/174
f 249/343/174 283/342/174 250/344/174
f 251/345/174 250/344/174 283/342/174
f 283/342/174 212/346/174 251/345/174
f 213/347/154 1747/348/323 248/349/154
f 248/349/154 245/350/154 213/347/154
f 213/347/154 245/350/154 247/278/154 207/351/154
f 214/352/154 239/353/154 247/278/154 244/277/154
f 239/353/154 207/351/154 247/278/154
f 1644/197/214 1769/196/213 1641/354/324
f 2260/355/197 2257/356/197 2263/356/197 2267/355/197
f 1553/357/325 1551/358/325 1830/235/325 45/359/325
f 3/360/326 1776/361/326 1831/362/326 1684/363/326
f 1833/364/327 1642/354/327 1680/132/327
f 71/133/327 1680/132/327 1642/354/327 22/196/327
f 1835/365/328 135/366/329 132/115/148 1666/114/147
f 1837/367/330 1840/368/330 1839/369/331 1835/365/328
f 135/366/329 1835/365/328 134/370/332
f 131/85/333 134/370/332 1835/365/328 1839/369/331
f 1841/371/334 1838/372/334 1843/373/334 1845/374/334
f 165/375/335 26/376/336 1848/377/337 1847/378/338
f 168/379/339 1672/380/340 1851/381/340 1850/382/341
f 167/383/342 168/379/339 1850/382/341 1849/384/343
f 1848/377/337 26/376/336 1853/385/344
f 1836/386/345 1856/387/345 1844/373/345 290/372/345
f 165/375/335 1847/378/338 1854/388/346
f 26/376/336 167/383/342 1849/384/343 1853/385/344
f 289/386/347 165/375/335 1854/388/346 1855/387/347
f 299/389/348 1852/390/349 1869/391/350 1868/392/351
f 295/393/352 301/394/353 1863/395/354 1862/396/355
f 302/397/154 296/398/356 1860/399/357 1861/400/154
f 301/394/353 298/401/358 1867/402/359 1863/395/354
f 298/401/358 299/389/348 1868/392/351 1867/402/359
f 1846/403/154 293/404/154 1866/405/154 1857/406/154
f 296/398/356 295/393/352 1862/396/355 1860/399/357
f 300/407/154 302/397/154 1861/400/154 1864/408/154
f 1866/405/154 293/404/154 1865/408/154
f 1871/409/360 1870/410/361 312/400/362 306/399/363
f 310/408/364 1873/411/365 1872/412/366 309/405/367
f 312/400/362 1870/410/361 1873/411/365 310/408/364
f 311/395/368 1875/413/369 1874/414/370 307/396/371
f 307/396/371 1874/414/370 1871/409/360 306/399/363
f 305/391/372 1877/415/373 1876/416/374 303/392/375
f 303/392/375 1876/416/374 1878/417/376 304/402/377
f 304/402/377 1878/417/376 1875/413/369 311/395/368
f 1858/406/378 309/405/367 1872/412/366 1879/418/378
f 320/419/379 321/420/379 1887/421/379 1889/422/379
f 315/423/380 316/424/381 1882/425/382 1881/426/380
f 313/427/383 314/428/384 1884/429/384 1883/430/383
f 321/420/379 319/431/385 1888/432/386 1887/421/379
f 1880/433/387 313/427/383 1883/430/383 1890/434/387
f 317/435/388 318/436/389 1886/437/390 1885/438/391
f 314/428/384 315/423/380 1881/426/380 1884/429/384
f 318/436/389 320/419/379 1889/422/379 1886/437/390
f 316/424/381 317/435/388 1885/438/391 1882/425/382
f 185/153/392 1705/155/393 1901/439/393 1900/440/394
f 1903/441/395 1554/442/395 1691/144/395
f 179/149/396 181/148/397 1905/443/398 1904/444/396
f 181/148/397 183/151/399 1906/445/400 1905/443/398
f 183/151/399 185/153/392 1900/440/394 1906/445/400
f 204/159/401 1902/439/402 187/155/403
f 1907/446/395 1692/145/395 1691/144/395 1554/442/395
f 1555/442/404 1778/447/404 1552/448/404
f 1778/447/404 1555/442/404 1832/362/404 230/361/404
f 178/449/405 286/450/406 340/451/406 337/452/407
f 178/449/405 337/452/407 339/453/174 232/454/174
f 175/455/174 174/456/174 335/457/174 336/458/174
f 174/456/174 226/459/174 335/457/174
f 173/460/174 338/461/174 335/457/174 226/459/174
f 173/460/174 234/462/174 338/461/174
f 172/463/174 339/453/174 338/461/174 234/462/174
f 232/454/174 339/453/174 172/463/174
f 176/464/174 175/455/174 336/458/174
f 189/158/408 1908/465/409 1902/439/402 204/159/401
f 336/458/174 341/466/174 177/467/174 176/464/174
f 1917/468/410 1911/469/411 1913/470/412 1918/471/412
f 1911/469/411 1917/468/410 1915/472/413 1910/473/413
f 1909/473/414 1916/472/415 1735/194/210 203/191/205
f 1834/474/174 177/467/174 341/466/174
f 343/469/174 344/473/174 1912/475/174 345/476/174
f 343/469/174 345/476/174 57/477/174 1921/478/174
f 1914/470/174 343/469/174 1921/478/174 1923/479/174
f 1923/479/174 1927/480/174 1914/470/174
f 1924/481/174 1929/482/174 1927/480/174 1923/479/174
f 1929/482/174 1924/481/174 1933/483/174 1931/484/174
f 1924/481/174 1925/485/174 1934/486/174 1933/483/174
f 1934/486/174 1925/485/174 1935/487/174
f 1936/488/174 1935/487/174 1925/485/174
f 1937/489/174 1936/488/174 1925/485/174
f 1941/490/416 1922/478/416 1920/477/416 1940/491/416
f 1944/492/417 1943/493/418 350/479/419
f 351/481/420 350/479/419 1943/493/418 1945/494/421
f 1961/495/422 351/481/420 1945/494/421
f 1944/492/417 349/478/423 1942/490/424
f 350/479/419 349/478/423 1944/492/417
f 65/492/425 362/490/426 1956/496/427
f 370/497/174 1954/498/174 1952/499/174 1951/500/174
f 1950/501/174 60/502/174 370/497/174 1951/500/174
f 58/491/426 1955/503/426 1956/496/427
f 362/490/426 58/491/426 1956/496/427
f 65/492/425 1956/496/427 1957/504/428
f 59/503/429 1949/502/429 367/501/430 371/496/431
f 368/500/432 372/504/433 371/496/431 367/501/430
f 1953/499/434 61/498/434 1963/505/434 1538/506/434
f 368/500/432 373/507/435 372/504/433
f 369/499/436 373/507/435 368/500/432
f 363/493/437 65/492/425 1957/504/428 1958/507/437
f 364/494/438 363/493/437 1958/507/437 1959/508/439
f 369/499/436 1537/506/440 373/507/435
f 1537/506/440 1536/509/441 378/510/442 374/508/443
f 1540/511/444 378/510/442 1536/509/441 1960/512/445
f 373/507/435 1537/506/440 374/508/443
f 1540/511/444 1960/512/445 1964/513/446 1539/514/446
f 379/509/447 381/515/448 63/513/449 375/512/450
f 379/509/447 380/506/451 376/505/451 381/515/448
f 1959/508/439 1962/510/452 364/494/438
f 377/495/453 1962/510/452 62/511/454
f 364/494/438 1962/510/452 377/495/453
f 1926/485/455 351/481/420 1961/495/422 1946/516/455
f 377/495/453 62/511/454 1947/516/456
f 1948/517/456 1947/516/456 62/511/454 64/514/456
f 1919/471/457 342/470/457 1928/480/457 1965/518/457
f 1930/482/458 1967/519/458 1966/518/458 353/480/458
f 1932/484/459 1969/520/459 1968/519/459 354/482/459
f 356/483/460 1971/521/461 1970/520/462 355/484/462
f 357/486/463 1972/522/464 1971/521/461 356/483/460
f 358/487/465 1973/523/466 1972/522/464 357/486/463
f 359/488/467 1974/524/468 1973/523/466 358/487/465
f 360/489/469 1975/525/470 1974/524/468 359/488/467
f 1938/526/471 1731/527/471 1975/525/470 360/489/469
f 387/523/174 1977/528/174 386/522/174
f 1976/529/174 1977/528/174 387/523/174 388/524/174
f 1978/530/174 1976/529/174 388/524/174 389/525/174
f 1979/531/174 1978/530/174 389/525/174 390/527/174
f 1980/532/174 385/521/174 386/522/174 1977/528/174
f 384/520/174 1981/533/174 383/519/174
f 384/520/174 385/521/174 1980/532/174 1981/533/174
f 383/519/174 1981/533/174 382/518/174
f 382/518/174 1981/533/174 346/471/174
f 1981/533/174 1982/534/174 346/471/174
f 1983/535/174 348/468/174 346/471/174 1982/534/174
f 347/472/174 348/468/174 190/194/174
f 1983/535/174 190/194/174 348/468/174
f 398/535/472 397/534/473 1990/536/474 1991/474/475
f 397/534/473 396/533/476 1989/537/477 1990/536/474
f 396/533/476 395/532/478 1988/538/479 1989/537/477
f 395/532/478 394/528/480 1987/539/481 1988/538/479
f 394/528/480 393/529/482 1986/540/483 1987/539/481
f 393/529/482 392/530/484 1985/541/485 1986/540/483
f 392/530/484 391/531/486 1984/542/487 1985/541/485
f 109/543/488 400/544/488 399/545/489 108/546/489
f 110/547/490 401/548/490 400/544/488 109/543/488
f 111/549/491 402/550/491 401/548/490 110/547/490
f 112/551/492 403/552/493 402/550/491 111/549/491
f 113/553/494 404/554/495 403/555/493 112/556/492
f 159/557/496 405/558/496 404/554/495 113/553/494
f 288/364/497 405/558/496 159/557/496
f 159/557/496 72/354/496 288/364/497
f 406/559/498 405/558/496 288/364/497
f 189/158/408 406/559/498 288/364/497 1908/465/409
f 1707/560/173 1734/194/172 398/535/472 1991/474/475
f 203/191/205 407/193/209 56/475/499 1909/473/414
f 1732/561/500 1730/527/500 1939/526/500 1996/562/500
f 1992/563/501 1733/561/501 1997/562/501 1998/564/501
f 1994/565/502 1993/563/503 1999/564/503 2000/566/504
f 2002/567/174 2004/568/174 1937/489/174 1925/485/174
f 361/526/174 1937/489/174 2004/568/174
f 411/562/174 361/526/174 2004/568/174
f 412/564/174 411/562/174 2004/568/174 2005/569/174
f 416/569/505 2010/570/506 2011/571/507 2006/572/507
f 416/569/505 415/568/508 2009/573/509 2010/570/506
f 415/568/508 2003/567/510 2007/574/510 2009/573/509
f 366/517/511 2012/575/511 2008/574/512 365/516/513
f 365/516/513 2008/574/512 414/567/514 352/485/514
f 419/573/174 418/574/174 422/575/174 423/576/174
f 419/573/174 423/576/174 421/571/174 420/570/174
f 2013/577/174 2001/566/174 2015/578/174 2014/579/174
f 417/572/174 429/580/174 412/564/174 2005/569/174
f 2019/581/174 2017/582/174 412/564/174 429/580/174
f 412/564/174 2017/582/174 2015/578/174 2001/566/174
f 2022/583/515 2016/578/515 2018/582/515 2020/584/515
f 428/581/516 2024/585/516 2021/584/516 427/582/516
f 2025/586/517 425/579/517 426/578/517 2023/583/517
f 431/583/174 430/584/174 432/585/174 433/586/174
f 413/566/518 424/577/518 2029/587/518 2026/588/518
f 2000/566/504 2028/588/519 1994/565/502
f 2030/589/520 1891/590/521 1995/565/522 2027/588/523
f 2030/589/520 2027/588/523 2032/591/524 2034/592/524
f 434/588/174 435/587/174 2033/593/174 2031/591/174
f 438/594/525 442/595/526 2035/596/527 437/597/525
f 2036/598/528 2035/596/527 442/595/526 2039/599/528
f 1842/371/529 294/374/529 1859/374/530 2045/600/531
f 2041/601/532 2045/600/531 1859/374/530 2044/602/533
f 2044/602/533 2037/598/534 2041/601/532
f 441/599/535 44/603/535 2040/601/535 440/598/535
f 322/433/536 444/602/537 308/374/538
f 436/434/539 439/596/540 2038/598/540 444/602/537
f 322/433/536 332/434/541 436/434/539 444/602/537
f 1632/84/102 1623/85/104 291/369/542 2046/604/543
f 292/368/544 2047/605/545 2046/604/543 291/369/542
f 445/600/546 1893/606/547 2047/607/545 292/371/544
f 1894/608/548 1893/606/547 445/600/546 2042/601/548
f 1895/608/549 443/601/549 1896/609/549
f 2050/610/174 408/561/174 409/563/174 2048/611/174
f 410/565/174 2052/612/174 2048/611/174 409/563/174
f 450/610/550 2049/611/550 2065/613/550 2063/614/550
f 2051/610/551 2062/614/551 2061/615/551 2056/616/551
f 2055/616/552 2060/615/552 2058/617/552 2053/612/552
f 449/611/553 451/612/553 2059/617/553 2064/613/553
f 453/617/174 454/615/174 455/614/174 456/613/174
f 1995/565/522 1891/590/521 2054/612/554
f 323/618/555 2057/616/556 2054/612/554 1891/590/521
f 169/123/154 139/84/154 30/619/154
f 2043/603/549 334/620/549 1896/609/549
f 443/601/549 2043/603/549 1896/609/549
f 2068/621/557 2067/622/557 1897/609/557 1899/620/557
f 333/623/154 1898/623/154 2069/623/558 448/623/559
f 448/623/559 2069/623/558 2071/623/560 447/623/560
f 447/605/560 2071/624/560 2070/625/561 446/604/561
f 446/604/561 2070/625/561 30/619/154 139/84/154
f 31/626/562 1525/627/563 459/628/564 462/629/565
f 460/630/566 463/631/567 462/629/565 459/628/564
f 461/632/568 464/633/569 463/631/567 460/630/566
f 1526/634/570 31/626/562 462/629/565 2072/635/571
f 463/631/567 2073/636/572 2072/635/571 462/629/565
f 464/633/569 2074/637/573 2073/636/572 463/631/567
f 2074/637/573 464/633/569 2078/638/574 615/639/575
f 467/637/576 2082/640/577 2081/641/578 466/636/579
f 466/636/579 2081/641/578 2080/642/580 465/635/581
f 2079/643/582 32/634/582 465/635/581 2080/642/580
f 2093/644/583 2082/640/577 467/637/576 2091/639/583
f 468/642/584 469/641/585 2089/645/585 2088/646/584
f 469/641/585 470/640/586 2090/647/586 2089/645/585
f 33/643/587 468/642/584 2088/646/584 2087/648/587
f 103/649/588 104/650/589 2101/651/589 2100/652/588
f 102/653/590 103/649/588 2100/652/588 2096/654/591
f 104/650/589 105/655/592 2104/656/592 2101/651/589
f 1586/657/593 101/658/594 2095/659/595 2097/660/593
f 106/661/596 107/662/597 2103/663/597 2102/664/596
f 105/655/592 106/661/596 2102/664/596 2104/656/592
f 101/658/594 102/653/590 2096/654/591 2095/659/595
f 107/662/597 108/546/489 399/545/489 2103/663/597
f 2112/665/598 2098/666/598 476/667/599 2111/668/600
f 476/667/599 477/669/601 2110/670/602 2111/668/600
f 477/669/601 478/671/603 2109/672/604 2110/670/602
f 478/671/603 479/673/605 2108/674/606 2109/672/604
f 479/673/605 480/675/607 2107/676/608 2108/674/606
f 480/675/607 481/677/609 2106/678/610 2107/676/608
f 481/677/609 482/679/611 2105/680/612 2106/678/610
f 482/679/611 1984/542/487 391/531/486 2105/680/612
f 1979/531/174 390/527/174 483/680/174
f 324/681/613 2114/682/614 2057/616/556 323/618/555
f 324/681/613 325/683/615 2115/684/616 2114/682/614
f 325/683/615 326/685/617 493/686/618 2115/684/616
f 533/687/174 531/688/174 2116/686/174 2117/689/174
f 327/690/619 497/689/620 493/686/618 326/685/617
f 328/691/621 2118/692/622 497/689/620 327/690/619
f 330/693/623 2119/694/624 2118/692/622 328/691/621
f 331/695/625 2120/696/626 2119/694/624 330/693/623
f 329/697/627 501/698/628 2120/696/626 331/695/625
f 534/699/174 533/687/174 498/692/174 499/694/174
f 487/672/174 534/699/174 530/700/174 488/670/174
f 100/701/629 88/702/630 2123/703/631 2124/704/632
f 88/702/630 95/705/633 2122/706/634 2123/703/631
f 95/705/633 98/657/635 2099/660/635 2122/706/634
f 475/666/636 2113/665/636 2125/707/637 502/708/638
f 496/709/639 502/708/638 2125/707/637 2126/710/640
f 504/711/641 496/709/639 2126/710/640 2127/712/642
f 2130/713/643 2132/714/644 2131/715/645 507/716/646
f 97/717/647 96/718/648 509/719/649 510/720/650
f 503/710/651 2129/716/651 2128/721/651 505/712/651
f 495/707/651 508/713/652 2129/716/651 503/710/651
f 495/707/651 490/665/653 508/713/652
f 97/717/647 510/720/650 513/722/654 2134/723/655
f 2132/714/644 2130/713/643 2135/724/656 2133/725/657
f 1576/4/4 1583/3/3 511/726/658 92/45/659
f 2134/723/655 513/722/654 516/727/660 2137/728/661
f 2133/725/657 2135/724/656 2138/729/662 2136/730/663
f 92/45/659 511/726/658 514/731/664 93/55/665
f 93/55/665 514/731/664 518/732/666 2140/733/667
f 2137/728/661 516/727/660 520/734/668 2139/735/669
f 2136/730/663 2138/729/662 2142/736/670 2141/737/671
f 2140/733/667 518/732/666 522/738/672 1892/739/673
f 2139/735/669 520/734/668 524/740/674 2143/741/675
f 2141/737/671 2142/736/670 523/742/676 2144/743/676
f 1877/415/373 305/391/372 1892/739/673 522/738/672
f 1888/744/386 319/745/385 2145/746/677
f 1852/390/349 517/733/678 521/739/679 1869/391/350
f 114/40/680 297/390/680 166/116/680 136/119/680
f 1578/729/71 517/736/678 1852/747/349 1608/748/45
f 489/668/174 528/749/174 525/750/681 490/665/653
f 319/745/385 2143/741/675 2145/746/677
f 519/736/682 515/729/683 526/751/684 527/752/685
f 515/729/683 512/724/686 525/750/681 526/751/684
f 490/665/653 525/750/681 512/724/686 508/713/652
f 526/751/684 530/700/174 529/753/174 527/752/685
f 529/753/174 500/696/174 2121/698/687 527/752/685
f 487/672/174 486/674/174 533/687/174 534/699/174
f 528/749/174 530/700/174 526/751/684 525/750/681
f 534/699/174 499/694/174 530/700/174
f 530/700/174 499/694/174 500/696/174 529/753/174
f 488/670/174 530/700/174 528/749/174 489/668/174
f 2117/689/174 498/692/174 533/687/174
f 486/674/174 485/676/174 531/688/174 533/687/174
f 2146/754/557 2152/755/557 2149/756/557 2147/757/557
f 2157/758/165 2304/759/165 2154/760/165 2160/761/165
f 2176/762/557 541/763/557 1530/764/557
f 1528/765/557 2177/766/557 2176/762/557 1530/764/557
f 2177/766/557 1528/765/557 2178/767/557
f 2179/768/557 2178/767/557 1528/765/557
f 2174/769/688 2086/770/689 2076/771/689 609/772/690
f 2187/773/557 2189/774/557 2191/775/557 2193/776/557
f 2190/774/691 2188/773/691 551/765/691 552/764/691
f 2192/775/692 548/774/692 1531/764/692 2183/777/692
f 2194/776/693 549/775/693 2184/777/693 2185/778/693
f 40/773/694 550/776/694 2186/778/694 1529/765/694
f 2163/623/174 471/623/174 2164/623/174
f 472/623/174 2165/623/174 2164/623/174 471/623/174
f 473/623/174 2166/623/174 2165/623/174 472/623/174
f 2166/623/174 473/623/174 2167/623/174
f 474/779/174 2168/780/174 2167/781/174 473/782/174
f 34/783/695 535/784/696 566/785/697 584/786/698
f 567/787/699 585/788/700 584/786/698 566/785/697
f 568/789/701 586/790/702 585/788/700 567/787/699
f 561/791/703 586/790/702 568/789/701
f 561/791/703 568/789/701 560/792/704
f 586/790/702 561/791/703 1527/793/705
f 560/792/704 568/789/701 565/794/706 2200/795/707
f 565/794/706 568/789/701 567/787/699 564/796/708
f 564/796/708 567/787/699 566/785/697 563/797/709
f 535/784/696 536/798/710 563/797/709 566/785/697
f 2199/799/711 2200/795/707 565/794/706 571/800/712
f 565/794/706 564/796/708 570/801/713 571/800/712
f 564/796/708 563/797/709 569/802/714 570/801/713
f 537/803/715 569/802/714 563/797/709 536/798/710
f 538/804/716 572/805/717 569/802/714 537/803/715
f 570/801/713 569/802/714 572/805/717 573/806/718
f 571/800/712 570/801/713 573/806/718 574/807/719
f 2198/808/720 2199/799/711 571/800/712 574/807/719
f 2197/809/721 2198/808/720 574/807/719 577/810/722
f 574/807/719 573/806/718 576/811/723 577/810/722
f 573/806/718 572/805/717 575/812/724 576/811/723
f 539/813/725 575/812/724 572/805/717 538/804/716
f 2169/814/726 581/815/727 575/812/724 539/813/725
f 576/811/723 575/812/724 581/815/727 582/816/728
f 577/810/722 576/811/723 582/816/728 583/817/729
f 2196/818/730 2197/809/721 577/810/722 583/817/729
f 2195/819/731 2196/818/730 583/817/729 580/820/732
f 580/820/732 583/817/729 582/816/728 579/821/733
f 579/821/733 582/816/728 581/815/727 578/822/734
f 2169/814/726 2170/823/735 578/822/734 581/815/727
f 2170/823/735 2171/824/736 543/825/737 578/822/734
f 544/826/738 579/821/733 578/822/734 543/825/737
f 545/827/739 580/820/732 579/821/733 544/826/738
f 2180/828/740 2195/819/731 580/820/732 545/827/739
f 2203/829/741 35/793/741 2202/791/742 2204/830/743
f 2204/830/743 2202/791/742 2201/792/744
f 2201/792/744 559/795/745 2204/830/743
f 558/799/746 2206/831/747 2204/830/743 559/795/745
f 557/808/748 2207/832/749 2206/831/747 558/799/746
f 599/833/750 589/834/751 555/819/752 546/828/753
f 556/809/754 562/818/755 2227/835/756
f 562/818/755 555/819/752 589/834/751 2227/835/756
f 2225/836/757 2209/837/758 2210/838/759 2226/839/759
f 2225/836/757 2221/840/760 2208/834/761 2209/837/758
f 2181/841/557 2233/842/557 2232/843/557 2182/844/557
f 599/833/750 590/837/762 589/834/751
f 2224/845/763 592/835/764 2208/834/761 2221/840/760
f 2219/846/765 588/832/766 592/835/764 2224/845/763
f 556/809/754 2227/835/756 2207/832/749 557/808/748
f 2220/846/767 602/845/767 2229/847/767 2213/848/767
f 2211/849/768 2212/848/768 600/847/768 606/850/768
f 2214/848/769 2230/851/770 2228/852/771 601/846/769
f 588/832/766 2219/846/765 604/852/772 39/831/773
f 2218/853/774 2228/852/771 2230/851/770
f 2205/830/775 39/831/773 604/852/772 2217/853/775
f 2215/854/776 36/829/776 587/830/776 2216/853/776
f 595/855/777 37/854/777 594/853/777 603/851/777
f 38/849/777 595/855/777 603/851/777 593/848/777
f 2231/856/154 2223/840/154 597/836/154 598/839/154
f 606/850/768 600/847/768 2222/840/768 605/856/768
f 596/840/767 2229/847/767 602/845/767
f 2179/768/557 1528/765/557 554/778/557 2181/841/557
f 591/838/778 590/837/762 599/833/750 547/857/778
f 2085/858/174 2168/780/174 474/779/174 2083/859/174
f 470/640/586 2094/644/197 2084/770/197 2090/647/586
f 2077/860/779 2075/861/779 612/862/779 2092/863/779
f 614/864/779 613/865/779 2092/863/779 612/862/779
f 461/632/568 458/866/780 2078/638/574 464/633/569
f 457/867/781 2078/638/574 458/866/780
f 2235/868/174 2066/869/174 43/870/174 617/871/174
f 2066/869/174 2235/868/174 610/872/174 611/873/174
f 2240/874/782 2242/875/782 618/876/783 2236/877/784
f 2235/868/174 617/871/174 621/875/174 2241/874/174
f 2174/769/688 609/772/690 620/878/785 2237/879/785
f 542/880/174 2168/780/174 2085/858/174
f 540/881/174 542/880/174 2085/858/174 2173/882/174
f 2172/883/174 540/881/174 2173/882/174
f 2181/841/557 554/778/557 2233/842/557
f 2175/884/557 553/777/557 1530/764/557 541/763/557
f 553/777/557 1/885/557 2233/842/557
f 553/777/557 2233/842/557 554/778/557
f 2239/886/786 2236/877/784 618/876/783 2243/887/786
f 631/888/154 41/889/154 2234/890/154 42/891/154
f 2248/892/787 2238/893/788 1535/894/789 2247/895/789
f 42/891/154 2246/896/154 2244/897/154
f 2250/898/557 2253/899/557 2254/900/557 627/901/557
f 2245/902/790 1533/903/790 2252/899/790 2249/898/790
f 622/904/154 2244/897/154 626/905/154 2251/906/154
f 1534/907/557 1532/903/557 625/902/557 623/908/557
f 2238/893/788 2255/909/791 608/769/792 619/879/792
f 2248/892/787 607/910/793 2255/909/791 2238/893/788
f 553/777/557 2175/884/557 1/885/557
f 2244/897/154 622/904/154 631/888/154 42/891/154
f 624/911/174 616/886/174 628/912/174
f 632/913/174 630/914/174 629/915/174 628/912/174
f 2/887/174 632/913/174 628/912/174 616/886/174
f 2258/916/165 2256/356/165 633/447/165 634/917/165
f 2259/355/165 2261/918/165 636/919/165 635/448/165
f 2256/356/165 2259/355/165 635/448/165 633/447/165
f 2277/920/794 2274/921/794 2281/922/794 646/923/794
f 229/924/154 235/235/154 2265/925/154 2262/926/154
f 287/918/174 285/355/174 2266/355/174 2269/918/174
f 2273/927/795 2270/928/795 2264/356/795 638/916/795
f 2276/921/796 644/920/796 640/918/796 2268/355/796
f 2271/928/797 2275/921/797 643/355/797 641/356/797
f 2278/929/165 2280/930/165 2283/923/165 2282/922/165
f 639/921/798 2272/928/798 2279/929/798 648/922/798
f 637/928/799 642/927/799 645/930/799 647/929/799
f 452/616/174 2148/931/174 2156/932/174 2050/610/174
f 650/757/800 2150/756/800 2290/756/800 649/757/800
f 2291/932/801 2151/931/801 2297/933/801 2293/934/801
f 2287/935/197 2284/936/197 2307/936/197 2308/935/197
f 2286/936/802 2289/935/802 2300/937/802 2158/938/802
f 2305/759/197 2303/759/197 658/758/197 2302/939/197
f 661/940/803 2298/933/804 654/931/805
f 2298/933/804 661/940/803 2301/937/806 2288/935/806
f 2306/759/557 657/939/557 2152/755/557 2146/754/557
f 2153/760/807 2155/757/807 2292/756/807 2162/761/807
f 2161/941/808 2294/934/808 2285/936/808 2159/938/808
f 2299/933/557 651/935/557 663/935/557 665/942/557
f 652/936/165 2295/934/165 664/943/165 659/936/165
f 655/934/809 656/933/809 2310/942/809 2309/943/809
f 2050/610/174 2156/932/174 408/561/174
f 2156/932/174 532/941/174 408/561/174
f 408/561/174 532/941/174 390/527/174
f 484/678/174 483/680/174 390/527/174 532/941/174
f 485/676/174 484/678/174 532/941/174 660/938/174
f 452/616/174 491/682/174 492/940/174 2148/931/174
f 494/684/174 662/937/174 492/940/174 491/682/174
f 494/684/174 2116/686/174 662/937/174
f 531/688/174 485/676/174 660/938/174
f 660/944/174 662/944/174 531/944/174
f 531/688/174 662/937/174 2116/686/174
f 653/932/810 2296/934/810 666/941/810
f 687/945/811 690/946/812 693/947/813 692/948/814
f 690/949/812 691/950/815 694/951/816 693/952/813
f 692/948/814 693/947/813 705/953/817 702/954/818
f 693/952/813 694/951/816 695/955/819 705/956/817
f 688/957/820 696/958/821 699/959/822 698/960/823
f 696/958/821 697/961/824 700/962/825 699/959/822
f 698/960/823 699/959/822 694/951/816 691/950/815
f 699/959/822 700/962/825 695/955/819 694/951/816
f 689/963/826 701/964/827 704/965/828 703/966/829
f 701/964/827 702/954/818 705/953/817 704/965/828
f 703/967/829 704/968/828 700/962/825 697/961/824
f 704/968/828 705/956/817 695/955/819 700/962/825
f 706/969/830 709/970/831 712/971/832 711/972/833
f 709/970/831 710/973/834 713/974/835 712/971/832
f 711/972/833 712/971/832 724/975/836 721/976/837
f 712/971/832 713/974/835 714/977/838 724/975/836
f 707/978/839 715/979/840 718/980/841 717/981/842
f 715/979/840 716/982/843 719/983/844 718/980/841
f 717/981/842 718/980/841 713/974/835 710/973/834
f 718/980/841 719/983/844 714/977/838 713/974/835
f 708/984/845 720/985/846 723/986/847 722/987/848
f 720/985/846 721/976/837 724/975/836 723/986/847
f 722/987/848 723/986/847 719/983/844 716/982/843
f 723/986/847 724/975/836 714/977/838 719/983/844
f 725/988/849 728/989/850 731/990/851 730/991/852
f 728/989/850 729/992/853 732/993/854 731/990/851
f 730/994/852 731/995/851 743/996/855 740/997/856
f 731/995/851 732/998/854 733/999/857 743/996/855
f 726/1000/858 734/1001/859 737/1002/860 736/1003/861
f 734/1001/859 735/1004/862 738/1005/863 737/1002/860
f 736/1006/861 737/1007/860 732/993/854 729/992/853
f 737/1002/860 738/1005/863 733/999/857 732/998/854
f 727/1008/864 739/1009/865 742/1010/866 741/1011/867
f 739/1009/865 740/997/856 743/996/855 742/1010/866
f 741/1011/867 742/1010/866 738/1005/863 735/1004/862
f 742/1010/866 743/996/855 733/999/857 738/1005/863
f 744/1012/868 747/1013/869 750/1014/870 749/1015/871
f 747/1013/869 748/1016/872 751/1017/873 750/1014/870
f 749/1015/871 750/1014/870 762/1018/874 759/1019/875
f 750/1014/870 751/1017/873 752/1020/876 762/1018/874
f 745/1021/877 753/1022/878 756/1023/879 755/1024/880
f 753/1022/878 754/1025/881 757/1026/882 756/1023/879
f 755/1024/880 756/1023/879 751/1017/873 748/1016/872
f 756/1023/879 757/1026/882 752/1020/876 751/1017/873
f 746/1027/883 758/1028/884 761/1029/885 760/1030/886
f 758/1028/884 759/1019/875 762/1018/874 761/1029/885
f 760/1030/886 761/1029/885 757/1026/882 754/1025/881
f 761/1029/885 762/1018/874 752/1020/876 757/1026/882
f 792/1031/887 2311/1032/888 2312/1033/889 793/1034/890
f 793/1034/890 2312/1033/889 2313/1035/891 795/1036/892
f 795/1036/892 2313/1035/891 2314/1037/893 797/1038/894
f 797/1038/894 2314/1037/893 2315/1039/895 799/1040/896
f 682/1041/897 744/1012/868 749/1015/871 684/1042/898
f 684/1042/898 749/1015/871 759/1019/875 685/1043/899
f 685/1043/899 759/1019/875 758/1028/884 686/1044/900
f 686/1044/900 758/1028/884 746/1027/883 683/1045/901
f 764/1046/902 727/1008/864 741/1011/867 765/1047/903
f 765/1047/903 741/1011/867 735/1004/862 766/1048/904
f 766/1048/904 735/1004/862 734/1001/859 767/1049/905
f 767/1049/905 734/1001/859 726/1000/858 768/1050/906
f 687/945/811 725/988/849 730/991/852 690/946/812
f 690/949/812 730/994/852 740/997/856 691/950/815
f 691/950/815 740/997/856 739/1009/865 698/960/823
f 698/960/823 739/1009/865 727/1008/864 688/957/820
f 744/1012/868 706/969/830 711/972/833 747/1013/869
f 747/1013/869 711/972/833 721/976/837 748/1016/872
f 748/1016/872 721/976/837 720/985/846 755/1024/880
f 755/1024/880 720/985/846 708/984/845 745/1021/877
f 769/1051/907 689/1052/826 703/967/829 770/1053/908
f 770/1053/908 703/967/829 697/961/824 771/1054/909
f 771/1054/909 697/961/824 696/958/821 772/1055/910
f 772/1055/910 696/958/821 688/957/820 773/1056/911
f 802/1057/912 687/945/811 692/948/814 803/1058/913
f 803/1058/913 692/948/814 702/954/818 805/1059/914
f 805/1059/914 702/954/818 701/964/827 807/1060/915
f 807/1060/915 701/964/827 689/963/826 809/1061/916
f 706/969/830 673/1062/917 676/1063/918 709/970/831
f 709/970/831 676/1063/918 675/1064/919 710/973/834
f 710/973/834 675/1064/919 674/1065/920 717/981/842
f 717/981/842 674/1065/920 672/1066/921 707/978/839
f 791/1067/922 725/988/849 687/945/811 802/1057/912
f 769/1068/907 707/1069/839 672/1070/921 2324/1071/923
f 744/1012/868 682/1041/897 673/1062/917 706/969/830
f 775/1072/924 683/1073/901 746/1074/883 768/1075/906
f 764/1046/902 745/1076/877 708/1077/845 773/1056/911
f 680/1078/557 681/1079/557 763/1080/557
f 681/1079/557 678/1081/557 763/1080/557
f 678/1081/557 2317/1082/557 763/1080/557
f 2317/1082/557 2316/1083/557 763/1080/557
f 2316/1083/557 2318/1084/557 763/1080/557
f 2318/1084/557 2319/1085/557 763/1080/557
f 2319/1085/557 2320/1086/557 763/1080/557
f 763/1080/557 677/1087/557 679/1088/557
f 679/1088/557 680/1078/557 763/1080/557
f 2322/1089/925 776/1090/925 789/1091/926 2326/1092/927
f 673/1062/917 682/1041/897 778/1093/928 782/1094/929
f 675/1064/919 676/1063/918 783/1095/930 784/1096/931
f 776/1090/925 2325/1097/925 2323/1098/932 789/1091/926
f 2324/1071/923 672/1070/921 786/1099/933 787/1100/934
f 684/1042/898 685/1043/899 779/1101/935 777/1102/936
f 676/1063/918 673/1062/917 782/1094/929 783/1095/930
f 683/1073/901 775/1072/924 790/1103/937 781/1104/938
f 672/1066/921 674/1065/920 785/1105/939 786/1106/933
f 2321/1107/557 677/1087/557 763/1080/557 2327/1108/557
f 774/1109/557 2327/1108/557 763/1080/557 2320/1086/557
f 682/1041/897 684/1042/898 777/1102/936 778/1093/928
f 686/1044/900 683/1045/901 781/1110/938 780/1111/940
f 727/1008/864 764/1046/902 773/1056/911 688/957/820
f 2315/1112/895 775/1072/924 799/1113/896
f 689/1114/826 769/1068/907 809/1115/916
f 722/1116/848 772/1055/910 773/1056/911 708/1077/845
f 716/1117/843 771/1054/909 772/1055/910 722/1116/848
f 715/1118/840 770/1053/908 771/1054/909 716/1117/843
f 707/1119/839 769/1051/907 770/1053/908 715/1118/840
f 760/1120/886 767/1049/905 768/1050/906 746/1121/883
f 754/1122/881 766/1048/904 767/1049/905 760/1120/886
f 753/1123/878 765/1047/903 766/1048/904 754/1122/881
f 745/1076/877 764/1046/902 765/1047/903 753/1123/878
f 777/1102/936 779/1101/935 813/1124/941 811/1125/942
f 787/1100/934 786/1099/933 820/1126/943 2328/1127/944
f 2326/1092/927 789/1091/926 822/1128/945 2329/1129/946
f 778/1093/928 777/1102/936 811/1125/942 812/1130/947
f 786/1106/933 785/1105/939 819/1131/948 820/1132/943
f 789/1091/926 2323/1098/932 821/1133/949 822/1128/945
f 785/1105/939 784/1096/931 818/1134/950 819/1131/948
f 781/1104/938 790/1103/937 823/1135/951 815/1136/952
f 784/1096/931 783/1095/930 817/1137/953 818/1134/950
f 783/1095/930 782/1094/929 816/1138/954 817/1137/953
f 780/1111/940 781/1110/938 815/1139/952 814/1140/955
f 685/1043/899 686/1044/900 780/1111/940 779/1101/935
f 674/1065/920 675/1064/919 784/1096/931 785/1105/939
f 810/1141/956 2324/1097/923 668/1142/957
f 769/1068/907 2324/1071/923 810/1143/956 809/1115/916
f 800/1144/958 768/1075/906 726/1145/858
f 775/1072/924 768/1075/906 800/1144/958 799/1113/896
f 2311/1032/888 792/1031/887 801/1146/959 667/1147/960
f 792/1031/887 791/1067/922 802/1057/912 801/1146/959
f 671/1148/961 808/1149/962 810/1141/956 668/1142/957
f 808/1149/962 807/1060/915 809/1061/916 810/1141/956
f 670/1150/963 806/1151/964 808/1149/962 671/1148/961
f 806/1151/964 805/1059/914 807/1060/915 808/1149/962
f 669/1152/965 804/1153/966 806/1151/964 670/1150/963
f 804/1153/966 803/1058/913 805/1059/914 806/1151/964
f 667/1147/960 801/1146/959 804/1153/966 669/1152/965
f 801/1146/959 802/1057/912 803/1058/913 804/1153/966
f 736/1154/861 798/1155/967 800/1144/958 726/1145/858
f 798/1155/967 797/1156/894 799/1113/896 800/1144/958
f 729/992/853 796/1157/968 798/1158/967 736/1006/861
f 796/1157/968 795/1036/892 797/1038/894 798/1158/967
f 728/989/850 794/1159/969 796/1157/968 729/992/853
f 794/1159/969 793/1034/890 795/1036/892 796/1157/968
f 725/988/849 791/1067/922 794/1159/969 728/989/850
f 791/1067/922 792/1031/887 793/1034/890 794/1159/969
f 816/1138/954 812/1130/947 2334/1160/970 2339/1161/971
f 813/1124/941 814/1140/955 2336/1162/972 2335/1163/973
f 818/1134/950 817/1137/953 2340/1164/974 2341/1165/975
f 811/1125/942 813/1124/941 2335/1163/973 2333/1166/976
f 817/1137/953 816/1138/954 2339/1161/971 2340/1164/974
f 812/1130/947 811/1125/942 2333/1166/976 2334/1160/970
f 815/1136/952 823/1135/951 2350/1167/977 2331/1168/978
f 815/1139/952 2331/1169/978 814/1140/955
f 2342/1170/979 2343/1171/980 2346/1172/981 819/1131/948
f 782/1094/929 778/1093/928 812/1130/947 816/1138/954
f 779/1101/935 780/1111/940 814/1140/955 813/1124/941
f 833/1173/557 831/1174/557 830/1175/557
f 824/1176/557 788/1177/557 833/1173/557
f 788/1177/557 825/1178/557 833/1173/557
f 825/1178/557 826/1179/557 833/1173/557
f 826/1179/557 2337/1180/557 833/1173/557
f 833/1173/557 2344/1181/557 831/1174/557
f 828/1182/557 824/1176/557 833/1173/557
f 830/1175/557 829/1183/557 833/1173/557
f 829/1183/557 828/1182/557 833/1173/557
f 819/1131/948 818/1134/950 2341/1165/975 2342/1170/979
f 820/1132/943 819/1131/948 2346/1172/981
f 814/1140/955 2331/1169/978 2338/1184/982 2336/1162/972
f 2330/1185/983 2332/1186/983 2351/1187/983 2352/1188/983
f 2329/1129/946 822/1128/945 836/1188/984 835/1187/985
f 2328/1127/944 820/1126/943 2346/1189/981 2348/1190/986
f 822/1128/945 821/1133/949 2349/1191/987 836/1188/984
f 2330/1185/983 2352/1188/983 837/1191/983 2347/1192/983
f 2345/1193/988 834/1185/988 838/1192/989 832/1194/989
f 839/1186/988 834/1185/988 2345/1193/988 827/1195/988
f 2406/1196/990 898/1197/991 2356/1198/992 2357/1199/993
f 2354/1200/994 2355/1201/995 898/1197/991
f 2355/1201/995 2356/1198/992 898/1197/991
f 2411/1202/996 847/1203/997 2361/1204/998 2362/1205/999
f 848/1206/1000 2360/1207/1001 847/1203/997
f 2360/1207/1001 2361/1204/998 847/1203/997
f 859/1208/1002 2420/1209/1003 2368/1210/1004 2369/1211/1005
f 2401/1212/1006 853/1213/1007 2366/1214/1008 2367/1215/1009
f 2364/1216/1010 2365/1217/1011 853/1213/1007
f 2365/1217/1011 2366/1214/1008 853/1213/1007
f 898/1197/991 2410/1218/1012 2353/1219/1013 2354/1200/994
f 2416/1220/1014 859/1208/1002 2371/1221/1015 2372/1222/1016
f 2369/1211/1005 2370/1223/1017 859/1208/1002
f 2370/1223/1017 2371/1221/1015 859/1208/1002
f 853/1213/1007 2405/1224/1018 2363/1225/1019 2364/1216/1010
f 2383/1226/1020 2398/1227/1021 875/1228/1022
f 2395/1229/1023 886/1230/1024 2394/1231/1025
f 857/1210/1026 2396/1232/1026 890/1229/1027 860/1211/1027
f 860/1211/1027 890/1229/1027 2393/1231/1028 861/1223/1028
f 861/1223/1028 2393/1231/1028 2392/1233/1029 862/1221/1029
f 862/1221/1029 2392/1233/1029 884/1234/1030 858/1222/1030
f 877/1235/1031 852/1215/1031 856/1214/1032 2386/1236/1032
f 2386/1236/1032 856/1214/1032 855/1217/1033 2387/1237/1033
f 2387/1237/1033 855/1217/1033 854/1216/1034 2389/1238/1034
f 2389/1238/1034 854/1216/1034 851/1225/1035 2390/1239/1035
f 840/1219/1036 2378/1240/1036 2377/1241/1037 842/1200/1037
f 842/1200/1037 2377/1241/1037 2375/1242/1038 843/1201/1038
f 843/1201/1038 2375/1242/1038 2374/1243/1039 844/1198/1039
f 844/1198/1039 2374/1243/1039 863/1244/1040 841/1199/1040
f 870/1245/1041 846/1205/1041 850/1204/1042 874/1246/1042
f 874/1246/1042 850/1204/1042 849/1207/1043 2382/1247/1043
f 2382/1247/1043 849/1207/1043 2359/1206/1044 876/1248/1044
f 876/1248/1044 2359/1206/1044 2358/1249/1045 2384/1250/1045
f 840/1219/1036 852/1215/1031 877/1235/1031 2378/1240/1036
f 2358/1249/1045 841/1199/1040 863/1244/1040 2384/1250/1045
f 857/1210/1026 846/1205/1041 870/1245/1041 2396/1232/1026
f 851/1225/1035 858/1222/1030 884/1234/1030 2390/1239/1035
f 89/5/1046 99/7/16 865/1251/1047 880/1252/1048
f 99/7/16 1589/13/17 866/1253/1049 865/1251/1047
f 2397/1254/1050 2398/1227/1021 871/1255/1051 2373/1256/1052
f 504/711/641 2127/712/642 873/1257/1053 872/1258/1054
f 873/1257/1053 886/1259/1024 885/1260/1055 2379/1261/1056
f 878/1239/1057 2391/1234/1058 2400/1262/1059 2399/1263/1060
f 89/5/1046 880/1252/1048 879/1264/1061
f 887/1262/1062 886/1230/1024 506/1265/1063
f 2401/1212/1006 2402/1266/1064 853/1213/1007
f 2402/1266/1064 2403/1267/1065 853/1213/1007
f 2403/1267/1065 2404/1268/1066 853/1213/1007
f 2404/1268/1066 2405/1224/1018 853/1213/1007
f 2406/1196/990 2407/1269/1067 898/1197/991
f 2407/1269/1067 2408/1270/1068 898/1197/991
f 2408/1270/1068 2409/1271/1069 898/1197/991
f 2409/1271/1069 2410/1218/1012 898/1197/991
f 2411/1202/996 2412/1272/1070 847/1203/997
f 2412/1272/1070 2413/1273/1071 847/1203/997
f 2413/1273/1071 2414/1274/1072 847/1203/997
f 2414/1274/1072 2415/1275/1073 847/1203/997
f 2416/1276/1014 2417/1277/1074 859/1278/1002
f 2417/1279/1074 2418/1280/1075 859/1208/1002
f 2418/1280/1075 2419/1281/1076 859/1208/1002
f 2419/1281/1076 2420/1209/1003 859/1208/1002
f 907/1220/1077 945/1282/1078 947/1283/1079 909/1279/1080
f 909/1279/1080 947/1283/1079 948/1284/1081 910/1280/1082
f 910/1280/1082 948/1284/1081 949/1285/1083 911/1281/1084
f 911/1281/1084 949/1285/1083 946/1286/1085 908/1209/1086
f 941/1287/1087 903/1275/1088 906/1274/1089 944/1288/1090
f 944/1288/1090 906/1274/1089 905/1273/1091 943/1289/1092
f 943/1289/1092 905/1273/1091 904/1272/1093 942/1290/1094
f 942/1290/1094 904/1272/1093 902/1202/1095 940/1291/1096
f 896/1196/1097 935/1292/1098 937/1293/1099 899/1269/1100
f 899/1269/1100 937/1293/1099 938/1294/1101 900/1270/1102
f 900/1270/1102 938/1294/1101 939/1295/1103 901/1271/1104
f 901/1271/1104 939/1295/1103 936/1296/1105 897/1218/1106
f 931/1297/1107 892/1224/1108 895/1268/1109 934/1298/1110
f 934/1298/1110 895/1268/1109 894/1267/1111 933/1299/1112
f 933/1299/1112 894/1267/1111 893/1266/1113 932/1300/1114
f 932/1300/1114 893/1266/1113 891/1212/1115 930/1301/1116
f 935/1292/1098 2421/1302/1117 2422/1303/1118 937/1293/1099
f 937/1293/1099 2422/1303/1118 2423/1304/1119 938/1294/1101
f 938/1294/1101 2423/1304/1119 1579/1305/1120 939/1295/1103
f 939/1295/1103 1579/1305/1120 1580/1306/1121 936/1296/1105
f 2425/1307/1122 931/1297/1107 934/1298/1110 2424/1308/1123
f 2424/1308/1123 934/1298/1110 933/1299/1112 2426/1309/1124
f 2426/1309/1124 933/1299/1112 932/1300/1114 2427/1310/1125
f 2427/1310/1125 932/1300/1114 930/1301/1116 1580/1306/1121
f 940/1291/1096 2428/1311/1126 2429/1312/1127 942/1290/1094
f 942/1290/1094 2429/1312/1127 2430/1313/1128 943/1289/1092
f 943/1289/1092 2430/1313/1128 2431/1314/1129 944/1288/1090
f 944/1288/1090 2431/1314/1129 2432/1315/1130 941/1287/1087
f 945/1282/1078 2433/1316/1131 2434/1317/1132 947/1283/1079
f 947/1283/1079 2434/1317/1132 2435/1318/1133 948/1284/1081
f 948/1284/1081 2435/1318/1133 2436/1319/1134 949/1285/1083
f 949/1285/1083 2436/1319/1134 2428/1311/1126 946/1286/1085
f 891/1212/1115 897/1218/1106 936/1296/1105 930/1301/1116
f 907/1220/1077 892/1224/1108 931/1297/1107 945/1282/1078
f 896/1196/1097 903/1275/1088 941/1287/1087 935/1292/1098
f 902/1202/1095 908/1209/1086 946/1286/1085 940/1291/1096
f 1580/1306/1121 930/1301/1116 936/1296/1105
f 913/1306/165 917/1302/165 912/1307/165
f 2425/1307/1122 2433/1316/1131 945/1282/1078 931/1297/1107
f 2432/1315/1130 2421/1302/1117 935/1292/1098 941/1287/1087
f 2428/1311/1126 940/1291/1096 946/1286/1085
f 2388/1320/1135 883/1321/1136 2399/1322/1060
f 879/1264/1061 880/1252/1048 882/1323/1137
f 880/1252/1048 2385/1324/1138 881/1325/1139
f 880/1252/1048 881/1325/1139 882/1323/1137
f 883/1321/1136 878/1326/1057 2399/1322/1060
f 2376/1327/1140 869/1328/1141 865/1251/1047
f 865/1251/1047 866/1253/1049 2376/1327/1140
f 2397/1254/1050 2373/1256/1052 867/1329/1142
f 2397/1254/1050 867/1329/1142 868/1330/1143
f 869/1328/1141 864/1331/1144 865/1251/1047
f 873/1257/1053 2379/1261/1056 2380/1332/1145
f 873/1333/1053 2380/1334/1145 2381/1335/1146
f 871/1255/1051 2398/1227/1021 2383/1226/1020
f 872/1258/1054 873/1257/1053 2381/1336/1146
f 2400/1262/1059 2391/1234/1058 888/1233/1147
f 2400/1262/1059 888/1233/1147 889/1231/1148
f 885/1260/1055 886/1259/1024 2395/1337/1023
f 886/1230/1024 887/1262/1062 2394/1231/1025
f 916/1310/165 913/1306/165 914/1308/165
f 913/1306/165 918/1305/165 920/1303/165
f 918/1305/165 919/1304/1149 920/1303/165
f 920/1303/165 917/1302/165 913/1306/165
f 921/1315/165 923/1314/165 924/1313/165
f 924/1313/165 925/1312/1150 922/1311/165
f 922/1338/165 927/1339/165 928/1340/165
f 928/1318/165 929/1317/165 926/1316/165
f 2416/1220/1014 2372/1222/1016 2363/1225/1019 2405/1224/1018
f 912/1307/165 914/1308/165 913/1306/165
f 914/1308/165 915/1309/165 916/1310/165
f 921/1315/165 924/1313/165 922/1311/165
f 926/1316/165 922/1311/165 928/1318/165
f 921/1315/165 922/1311/165 926/1316/165
f 926/1316/165 912/1307/165 917/1302/165 921/1315/165
f 2411/1202/996 2362/1205/999 2368/1210/1004 2420/1209/1003
f 847/1203/997 2415/1275/1073 845/1249/1151 848/1206/1000
f 2406/1196/990 2357/1199/993 845/1249/1151 2415/1275/1073
f 2401/1212/1006 2367/1215/1009 2353/1219/1013 2410/1218/1012
f 864/1331/1144 2385/1324/1138 880/1252/1048 865/1251/1047
f 2124/704/632 2398/1227/1021 2397/1254/1050 100/701/629
f 506/721/1063 886/1259/1024 873/1257/1053 2127/712/642
f 509/719/649 96/718/648 2399/1263/1060 2400/1262/1059
f 2131/719/645 887/1262/1062 506/1265/1063 507/1341/646
f 1582/2/2 90/1/1 89/5/1046 879/1264/1061
f 2121/698/687 2437/1342/1152 527/752/685
f 527/752/685 2437/1342/1152 519/736/682
f 2145/746/677 2143/741/675 524/740/674
f 329/697/627 951/1343/1153 950/1342/1153 501/698/628
f 952/1344/1154 955/1345/1155 958/1346/1156 957/1347/1157
f 955/1345/1155 956/1348/1158 959/1349/1159 958/1346/1156
f 957/1347/1157 958/1346/1156 970/1350/1160 967/1351/1161
f 958/1346/1156 959/1349/1159 960/1352/1162 970/1350/1160
f 953/1353/1163 961/1354/1164 964/1355/1165 963/1356/1166
f 961/1354/1164 962/1357/1167 965/1358/1168 964/1355/1165
f 963/1356/1166 964/1355/1165 959/1349/1159 956/1348/1158
f 964/1355/1165 965/1358/1168 960/1352/1162 959/1349/1159
f 954/1359/1169 966/1360/1170 969/1361/1171 968/1362/1172
f 966/1360/1170 967/1351/1161 970/1350/1160 969/1361/1171
f 968/1362/1172 969/1361/1171 965/1358/1168 962/1357/1167
f 969/1361/1171 970/1350/1160 960/1352/1162 965/1358/1168
f 971/1363/1173 974/1364/1174 977/1365/1175 976/1366/1176
f 974/1364/1174 975/1367/1177 978/1368/1178 977/1365/1175
f 976/1366/1176 977/1365/1175 989/1369/1179 986/1370/1180
f 977/1365/1175 978/1368/1178 979/1371/1181 989/1369/1179
f 972/1372/1182 980/1373/1183 983/1374/1184 982/1375/1185
f 980/1373/1183 981/1376/1186 984/1377/1187 983/1374/1184
f 982/1375/1185 983/1374/1184 978/1368/1178 975/1367/1177
f 983/1374/1184 984/1377/1187 979/1371/1181 978/1368/1178
f 973/1378/1188 985/1379/1189 988/1380/1190 987/1381/1191
f 985/1379/1189 986/1370/1180 989/1369/1179 988/1380/1190
f 987/1381/1191 988/1380/1190 984/1377/1187 981/1376/1186
f 988/1380/1190 989/1369/1179 979/1371/1181 984/1377/1187
f 1020/1382/1192 971/1363/1173 976/1366/1176 1021/1383/1193
f 1021/1383/1193 976/1366/1176 986/1370/1180 1022/1384/1194
f 1022/1384/1194 986/1370/1180 985/1379/1189 1023/1385/1195
f 1023/1385/1195 985/1379/1189 973/1378/1188 1024/1386/1196
f 971/1363/1173 952/1344/1154 957/1347/1157 974/1364/1174
f 974/1364/1174 957/1347/1157 967/1351/1161 975/1367/1177
f 975/1367/1177 967/1351/1161 966/1360/1170 982/1375/1185
f 982/1375/1185 966/1360/1170 954/1359/1169 972/1372/1182
f 1025/1387/1197 2442/1388/1198 2441/1389/1199 1026/1390/1200
f 1026/1390/1200 2441/1389/1199 2440/1391/1201 1027/1392/1202
f 1027/1392/1202 2440/1391/1201 2439/1393/1203 1028/1394/1204
f 1028/1394/1204 2439/1393/1203 2438/1395/1205 1029/1396/1206
f 1020/1397/1192 2443/1398/1207 2442/1399/1198 1025/1400/1197
f 2453/1401/1208 2452/1402/1209 2450/1403/1209 2448/1404/1208
f 954/1405/1169 968/1406/1172 2498/1407/1210 2499/1408/1211
f 973/1409/1188 987/1410/1191 2503/1411/1212 2504/1412/1213
f 1029/1396/1206 2438/1395/1205 2463/1413/800 2505/1414/800
f 962/1415/1167 961/1416/1164 2496/1417/1209 2497/1418/1214
f 981/1419/1186 980/1420/1183 2501/1421/1215 2502/1422/1216
f 972/1423/1182 954/1405/1169 2499/1408/1211 2500/1424/1217
f 2457/1425/1218 2456/1426/1219 2467/1427/1219 2468/1428/1218
f 961/1416/1164 953/1429/1163 2495/1430/1220 2496/1417/1209
f 968/1406/1172 962/1415/1167 2497/1418/1214 2498/1407/1210
f 1024/1386/1196 973/1378/1188 2504/1378/1213 2516/1386/197
f 980/1420/1183 972/1423/1182 2500/1424/1217 2501/1421/1215
f 987/1410/1191 981/1419/1186 2502/1422/1216 2503/1411/1212
f 2488/1431/197 2460/1432/1213 2471/1432/1213 2490/1431/197
f 2458/1433/1221 2457/1425/1218 2468/1428/1218 2469/1434/1221
f 2455/1435/1222 2454/1436/1223 2449/1437/1223 2464/1438/1222
f 2456/1426/1219 2455/1435/1222 2464/1438/1222 2467/1427/1219
f 2460/1439/1213 2459/1440/1212 2470/1441/1212 2471/1442/1213
f 2454/1436/1223 2453/1401/1208 2448/1404/1208 2449/1437/1223
f 2505/1414/800 2463/1413/800 2475/1443/800 2514/1444/800
f 2452/1402/1209 2451/1445/1220 2465/1446/1220 2450/1403/1209
f 2459/1440/1212 2458/1433/1221 2469/1434/1221 2470/1441/1212
f 2514/1444/800 2475/1443/800 2486/1447/800 1035/1448/800
f 2512/1449/1212 2511/1450/1224 2483/1451/1224 2484/1452/1212
f 2510/1453/1215 2509/1454/1217 2481/1455/1217 2482/1456/1215
f 2493/1457/1210 2492/1458/1214 2476/1459/1214 2477/1460/1210
f 2507/1461/1211 2493/1457/1210 2477/1460/1210 2479/1462/1211
f 2518/1386/197 2513/1378/1213 2485/1378/1225 1034/1386/197
f 2511/1450/1224 2510/1453/1215 2482/1456/1215 2483/1451/1224
f 2492/1458/1214 2494/1463/1209 2478/1464/1209 2476/1459/1214
f 2494/1463/1209 2508/1465/1220 2480/1466/1226 2478/1464/1209
f 2509/1454/1217 2507/1461/1211 2479/1462/1211 2481/1455/1217
f 2513/1467/1213 2512/1449/1212 2484/1452/1212 2485/1468/1225
f 2474/1443/197 2518/1444/197 1034/1469/197 2487/1470/197
f 2508/1353/1220 2514/1471/800 1035/1471/800 2480/1353/1226
f 2451/1472/1220 2461/1473/800 2472/1473/800 2465/1472/1220
f 2466/1413/197 2516/1414/197 2518/1444/197 2474/1443/197
f 2447/1395/1227 1024/1396/1196 2516/1414/197 2466/1413/197
f 953/1353/1163 1029/1471/1206 2505/1471/800 2495/1353/1220
f 971/1363/1173 1020/1382/1192 1025/1474/1197 952/1344/1154
f 963/1356/1166 1028/1475/1204 1029/1471/1206 953/1353/1163
f 956/1348/1158 1027/1476/1202 1028/1475/1204 963/1356/1166
f 955/1345/1155 1026/1477/1200 1027/1476/1202 956/1348/1158
f 952/1344/1154 1025/1474/1197 1026/1477/1200 955/1345/1155
f 2446/1393/1228 1023/1394/1195 1024/1396/1196 2447/1395/1227
f 2445/1391/1229 1022/1392/1194 1023/1394/1195 2446/1393/1228
f 2444/1389/1230 1021/1390/1193 1022/1392/1194 2445/1391/1229
f 2443/1388/1207 1020/1387/1192 1021/1390/1193 2444/1389/1230
f 1003/1478/174 1004/1479/174 1037/1480/174 1036/1481/174
f 1002/1482/174 1003/1478/174 1036/1481/174 1038/1483/174
f 992/1482/154 990/1484/154 1039/1485/154 1040/1483/154
f 993/1478/154 992/1482/154 1040/1483/154 1041/1481/154
f 991/1486/154 994/1487/154 1042/1480/154 1043/1488/154
f 994/1487/154 993/1478/154 1041/1481/154 1042/1480/154
f 997/1489/154 995/1490/154 1044/1491/154 1045/1492/154
f 998/1493/154 997/1489/154 1045/1492/154 1046/1494/154
f 996/1495/154 999/1496/154 1047/1497/154 1048/1498/154
f 999/1496/154 998/1493/154 1046/1494/154 1047/1497/154
f 995/1490/154 991/1486/154 1043/1488/154 1044/1491/154
f 990/1353/154 2506/1471/154 2462/1473/154 1039/1472/154
f 1004/1479/174 1001/1499/174 1050/1488/174 1037/1480/174
f 1000/1484/174 1002/1482/174 1038/1483/174 1051/1485/174
f 1005/1500/174 1007/1501/174 1053/1492/174 1052/1491/174
f 1007/1501/174 1008/1493/174 1054/1494/174 1053/1492/174
f 1009/1496/174 1006/1495/174 1056/1498/174 1055/1497/174
f 1008/1493/174 1009/1496/174 1055/1497/174 1054/1494/174
f 1001/1499/174 1005/1500/174 1052/1491/174 1050/1488/174
f 2515/1502/174 1000/1484/174 1051/1485/174 2473/1503/174
f 2517/1386/154 996/1378/154 1048/1432/154 2489/1431/154
f 1006/1495/174 2519/1504/174 2491/1505/174 1056/1498/174
f 1031/1502/557 1033/1502/557 1057/1503/557 1049/1503/557
f 1059/1504/557 1058/1504/557 1030/1505/557 1032/1505/557
f 1013/1478/1231 1012/1482/1232 2522/1506/1232 2520/1507/1231
f 1018/1493/1233 1017/1501/1234 2526/1508/1235 2527/1509/1233
f 1011/1499/1236 1014/1479/1237 2521/1510/1238 2523/1511/1239
f 1015/1455/1240 1011/1462/1236 2523/1512/1239 2525/1513/1241
f 1016/1495/1242 1019/1496/1243 2528/1514/1243 2529/1515/1244
f 1012/1482/1232 1010/1484/1245 2524/1516/1246 2522/1506/1232
f 1014/1479/1237 1013/1478/1231 2520/1507/1231 2521/1510/1238
f 1019/1496/1243 1018/1493/1233 2527/1509/1233 2528/1514/1243
f 1017/1501/1234 1015/1500/1240 2525/1517/1241 2526/1508/1235
f 1063/1518/1247 1062/1519/1248 2532/1520/1249 2530/1521/1250
f 1065/1513/1251 1061/1512/1252 2533/1522/1253 2535/1523/1254
f 1068/1524/1255 1067/1525/1256 2536/1526/1257 2537/1527/1258
f 1061/1512/1252 1064/1528/1259 2531/1529/1260 2533/1522/1253
f 1079/1530/1261 1092/1531/1262 1069/1532/1263
f 1062/1519/1248 1060/1533/1264 1091/1534/1265
f 1064/1528/1259 1063/1518/1247 2530/1521/1250 2531/1529/1260
f 1069/1532/1263 1068/1524/1255 2537/1527/1258 1079/1530/1261
f 1067/1525/1256 1065/1513/1251 2535/1523/1254 2536/1526/1257
f 2552/1535/1266 2556/1536/1267 2557/1537/1268 2553/1538/1269
f 1091/1539/1265 2545/1540/1270 1070/1541/1271
f 2546/1542/1272 2547/1535/1273 2542/1536/1274 2550/1543/1275
f 2551/1542/1276 2555/1543/1277 2556/1536/1267 2552/1535/1266
f 2714/1544/197 1066/1545/1278 1092/1539/1262 2713/1540/1279
f 2547/1535/1273 2548/1538/1280 2543/1537/1281 2542/1536/1274
f 2546/1542/1272 2550/1543/1275 1070/1541/1271 2545/1540/1270
f 2544/1546/800 2545/1540/1270 1091/1539/1265 1060/1545/1264
f 2562/1547/1282 2563/1548/1282 2549/1549/1283 2554/1550/1283
f 2553/1538/1269 2557/1537/1268 2560/1551/1284 1099/1552/1285
f 2564/1553/165 2561/1554/165 1095/1555/1286
f 2548/1538/1280 1098/1552/1287 2558/1551/1288 2543/1537/1281
f 2560/1551/1284 2580/1556/1289 1099/1552/1285
f 2558/1557/1288 2568/1558/1290 2569/1559/1291 2566/1560/1292
f 2566/1560/1292 2569/1559/1291 2571/1561/1293 2570/1562/1294
f 2570/1562/1294 2571/1561/1293 2573/1563/1295 2572/1564/1296
f 2575/1565/1297 2576/1566/1298 2577/1567/1299 2574/1568/1300
f 2574/1568/1300 2577/1567/1299 2578/1569/1301 2565/1570/1302
f 2565/1570/1302 2578/1569/1301 2579/1571/1303 2560/1554/1284
f 1098/1552/1287 2567/1556/1304 2558/1551/1288
f 2579/1572/1303 2580/1556/1289 2560/1551/1284
f 2573/1563/1295 2576/1566/1298 2575/1565/1297 2572/1564/1296
f 2558/1551/1288 2567/1556/1304 2568/1572/1290
f 2562/1547/1282 1111/1573/174 1107/1574/174 2563/1548/1282
f 2551/1542/1276 2713/1540/1279 1076/1541/1305 2555/1543/1277
f 2713/1540/1279 1092/1539/1262 1076/1541/1305
f 2597/1575/197 2629/1576/197 2628/1577/1306 2596/1578/1306
f 2584/1579/1307 2616/1580/1307 2615/1581/1308 2583/1582/1308
f 2611/1582/1309 2643/1581/1309 2642/1580/1310 2610/1579/1310
f 2598/1578/1311 2630/1577/1311 2629/1576/197 2597/1575/197
f 2585/1583/1312 2617/1584/1312 2616/1580/1307 2584/1579/1307
f 2612/1585/1313 2644/1586/1313 2643/1581/1309 2611/1582/1309
f 2599/1587/1314 2631/1588/1314 2630/1577/1311 2598/1578/1311
f 2586/1589/1315 2618/1590/1315 2617/1584/1312 2585/1583/1312
f 2582/1591/800 2614/1592/800 2644/1586/1313 2612/1585/1313
f 2600/1593/1316 2632/1594/1316 2631/1588/1314 2599/1587/1314
f 2587/1595/1317 2619/1596/1317 2618/1590/1315 2586/1589/1315
f 2601/1597/1318 2633/1598/1318 2632/1594/1316 2600/1593/1316
f 2588/1599/1319 2620/1600/1319 2619/1596/1317 2587/1595/1317
f 2602/1601/1320 2634/1602/1320 2633/1598/1318 2601/1597/1318
f 2589/1603/154 2621/1604/154 2620/1600/1319 2588/1599/1319
f 2603/1605/1321 2635/1606/1321 2634/1602/1320 2602/1601/1320
f 2590/1607/1322 2622/1608/1322 2621/1604/154 2589/1603/154
f 2604/1607/1323 2636/1608/1323 2635/1606/1321 2603/1605/1321
f 2591/1605/1324 2623/1606/1324 2622/1608/1322 2590/1607/1322
f 2605/1603/174 2637/1604/174 2636/1608/1323 2604/1607/1323
f 2592/1601/1325 2624/1602/1325 2623/1606/1324 2591/1605/1324
f 2606/1599/1326 2638/1600/1326 2637/1604/174 2605/1603/174
f 2593/1597/1327 2625/1598/1327 2624/1602/1325 2592/1601/1325
f 2607/1595/1328 2639/1596/1328 2638/1600/1326 2606/1599/1326
f 2594/1593/1329 2626/1594/1329 2625/1598/1327 2593/1597/1327
f 2608/1589/1330 2640/1590/1330 2639/1596/1328 2607/1595/1328
f 2595/1587/1331 2627/1588/1331 2626/1594/1329 2594/1593/1329
f 2581/1585/1332 2613/1586/1332 2614/1592/800 2582/1591/800
f 2609/1583/1333 2641/1584/1333 2640/1590/1330 2608/1589/1330
f 2596/1578/1306 2628/1577/1306 2627/1588/1331 2595/1587/1331
f 2583/1582/1308 2615/1581/1308 2613/1586/1332 2581/1585/1332
f 2610/1579/1310 2642/1580/1310 2641/1584/1333 2609/1583/1333
f 1164/1609/165 1165/1610/165 2662/1611/165 2661/1612/165
f 1151/1613/165 1152/1614/165 2649/1615/165 2648/1616/165
f 1178/1617/165 1179/1618/165 2676/1619/165 2675/1620/165
f 1165/1610/165 1166/1621/165 2663/1622/165 2662/1611/165
f 1152/1614/165 1153/1623/165 2650/1624/165 2649/1615/165
f 1179/1618/165 1148/1625/165 2646/1626/165 2676/1619/165
f 1166/1621/165 1167/1627/165 2664/1628/165 2663/1622/165
f 1153/1623/165 1154/1629/165 2651/1630/165 2650/1624/165
f 1167/1627/165 1168/1631/165 2665/1632/165 2664/1628/165
f 1154/1629/165 1155/1633/165 2652/1634/165 2651/1630/165
f 1168/1631/165 1169/1635/165 2666/1636/165 2665/1632/165
f 1155/1633/165 1156/1637/165 2653/1638/165 2652/1634/165
f 1169/1635/165 1170/1639/165 2667/1640/165 2666/1636/165
f 1156/1637/165 1157/1641/165 2654/1642/165 2653/1638/165
f 1170/1639/165 1171/1643/165 2668/1644/165 2667/1640/165
f 1157/1641/165 1158/1645/165 2655/1646/165 2654/1642/165
f 1171/1643/165 1172/1647/165 2669/1648/165 2668/1644/165
f 1158/1645/165 1159/1649/165 2656/1650/165 2655/1646/165
f 1172/1647/165 1173/1651/165 2670/1652/165 2669/1648/165
f 1159/1649/165 1160/1653/165 2657/1654/165 2656/1650/165
f 1173/1651/165 1174/1655/165 2671/1656/165 2670/1652/165
f 1160/1653/165 1161/1657/165 2658/1658/165 2657/1654/165
f 1174/1655/165 1175/1659/165 2672/1660/165 2671/1656/165
f 1161/1657/165 1162/1661/165 2659/1662/165 2658/1658/165
f 1148/1625/165 1149/1663/165 2645/1664/165 2646/1626/165
f 1175/1659/165 1176/1665/165 2673/1666/165 2672/1660/165
f 1162/1661/165 1163/1667/165 2660/1668/165 2659/1662/165
f 1149/1663/165 1150/1669/165 2647/1670/165 2645/1664/165
f 1176/1665/165 1177/1671/165 2674/1672/165 2673/1666/165
f 1163/1667/165 1164/1609/165 2661/1612/165 2660/1668/165
f 1150/1669/165 1151/1613/165 2648/1616/165 2647/1670/165
f 1177/1671/165 1178/1617/165 2675/1620/165 2674/1672/165
f 1199/1628/1334 1200/1632/1335 2697/1673/1336 2696/1674/1337
f 1186/1630/1338 1187/1634/1339 2684/1675/1340 2683/1676/1341
f 1200/1632/1335 1201/1636/1342 2698/1677/1343 2697/1673/1336
f 1187/1634/1339 1188/1638/1344 2685/1678/1344 2684/1675/1340
f 1201/1636/1342 1202/1640/1345 2699/1679/1346 2698/1677/1343
f 1188/1638/1344 1189/1642/1347 2686/1680/1348 2685/1678/1344
f 1202/1640/1345 1203/1644/1349 2700/1681/1350 2699/1679/1346
f 1189/1642/1347 1190/1646/1351 2687/1682/1352 2686/1680/1348
f 1203/1644/1349 1204/1648/1353 2701/1683/1353 2700/1681/1350
f 1190/1646/1351 1191/1650/1354 2688/1684/1355 2687/1682/1352
f 1204/1648/1353 1205/1652/1356 2702/1685/1357 2701/1683/1353
f 1191/1650/1354 1192/1654/1358 2689/1686/1359 2688/1684/1355
f 1205/1652/1356 1206/1656/1360 2703/1687/1361 2702/1685/1357
f 1192/1654/1358 1193/1658/1362 2690/1688/1363 2689/1686/1359
f 1206/1656/1360 1207/1660/1364 2704/1689/1365 2703/1687/1361
f 1193/1658/1362 1194/1662/1366 2691/1690/1367 2690/1688/1363
f 1180/1626/1368 1181/1664/1369 2677/1691/1370 2678/1692/1368
f 1207/1660/1364 1208/1666/1371 2705/1693/1372 2704/1689/1365
f 1194/1662/1366 1195/1668/1373 2692/1694/1374 2691/1690/1367
f 1181/1664/1369 1182/1670/1375 2679/1695/1376 2677/1691/1370
f 1208/1666/1371 1209/1672/1377 2706/1696/1378 2705/1693/1372
f 1195/1668/1373 1196/1612/1379 2693/1697/1379 2692/1694/1374
f 1182/1670/1375 1183/1616/1380 2680/1698/1381 2679/1695/1376
f 1209/1672/1377 1210/1620/1382 2707/1699/1383 2706/1696/1378
f 1196/1612/1379 1197/1611/1384 2694/1700/1385 2693/1697/1379
f 1183/1616/1380 1184/1615/1386 2681/1701/1387 2680/1698/1381
f 1210/1620/1382 1211/1619/1388 2708/1702/1389 2707/1699/1383
f 1197/1611/1384 1198/1622/1390 2695/1703/1391 2694/1700/1385
f 1184/1615/1386 1185/1624/1392 2682/1704/1393 2681/1701/1387
f 1211/1619/1388 1180/1626/1368 2678/1692/1368 2708/1702/1389
f 1198/1622/1390 1199/1628/1334 2696/1674/1337 2695/1703/1391
f 1185/1624/1392 1186/1630/1338 2683/1676/1341 2682/1704/1393
f 1244/1705/165 1131/1667/165 1130/1661/165
f 1133/1610/165 1132/1609/165 1244/1705/165
f 1118/1669/165 1117/1663/165 1244/1705/165
f 1117/1663/165 1116/1625/165 1244/1705/165
f 1244/1705/165 1132/1609/165 1131/1667/165
f 1120/1614/165 1119/1613/165 1244/1705/165
f 1119/1613/165 1118/1669/165 1244/1705/165
f 1122/1629/165 1121/1623/165 1244/1705/165
f 1121/1623/165 1120/1614/165 1244/1705/165
f 1124/1637/165 1123/1633/165 1244/1705/165
f 1123/1633/165 1122/1629/165 1244/1705/165
f 1126/1645/165 1125/1641/165 1244/1705/165
f 1125/1641/165 1124/1637/165 1244/1705/165
f 1128/1653/165 1127/1649/165 1244/1705/165
f 1127/1649/165 1126/1645/165 1244/1705/165
f 1130/1661/165 1129/1657/165 1244/1705/165
f 1129/1657/165 1128/1653/165 1244/1705/165
f 1244/1705/165 1116/1625/165 1147/1618/165
f 1147/1618/165 1146/1617/165 1244/1705/165
f 1146/1617/165 1145/1671/165 1244/1705/165
f 1145/1671/165 1144/1665/165 1244/1705/165
f 1144/1665/165 1143/1659/165 1244/1705/165
f 1143/1659/165 1142/1655/165 1244/1705/165
f 1142/1655/165 1141/1651/165 1244/1705/165
f 1141/1651/165 1140/1647/165 1244/1705/165
f 1140/1647/165 1139/1643/165 1244/1705/165
f 1139/1643/165 1138/1639/165 1244/1705/165
f 1138/1639/165 1137/1635/165 1244/1705/165
f 1137/1635/165 1136/1631/165 1244/1705/165
f 1136/1631/165 1135/1627/165 1244/1705/165
f 1135/1627/165 1134/1621/165 1244/1705/165
f 1134/1621/165 1133/1610/165 1244/1705/165
f 1222/1682/1394 1223/1684/1395 1256/1706/1396 1255/1707/1397
f 1236/1683/1398 1237/1685/1399 1270/1708/1400 1269/1709/1398
f 1223/1684/1395 1224/1686/1401 1257/1710/1402 1256/1706/1396
f 1237/1685/1399 1238/1687/1403 1271/1711/1404 1270/1708/1400
f 1224/1686/1401 1225/1688/1405 1258/1712/1406 1257/1710/1402
f 1238/1687/1403 1239/1689/1407 1272/1713/1408 1271/1711/1404
f 1225/1688/1405 1226/1690/1409 1259/1714/1410 1258/1712/1406
f 1212/1692/1411 1213/1691/1412 1246/1715/1413 1245/1716/1414
f 1239/1689/1407 1240/1693/1415 1273/1717/1416 1272/1713/1408
f 1226/1690/1409 1227/1694/1417 1260/1718/1418 1259/1714/1410
f 1213/1691/1412 1214/1695/1419 1247/1719/1420 1246/1715/1413
f 1240/1693/1415 1241/1696/1421 1274/1720/1422 1273/1717/1416
f 1227/1694/1417 1228/1697/1423 1261/1721/1424 1260/1718/1418
f 1214/1695/1419 1215/1698/1425 1248/1722/1426 1247/1719/1420
f 1241/1696/1421 1242/1699/1427 1275/1723/1428 1274/1720/1422
f 1228/1697/1423 1229/1700/1429 1262/1724/1430 1261/1721/1424
f 1215/1698/1425 1216/1701/1431 1249/1725/1432 1248/1722/1426
f 1242/1699/1427 1243/1702/1433 1276/1726/1434 1275/1723/1428
f 1229/1700/1429 1230/1703/1435 1263/1727/1436 1262/1724/1430
f 1216/1701/1431 1217/1704/1437 1250/1728/1438 1249/1725/1432
f 1243/1702/1433 1212/1692/1411 1245/1716/1414 1276/1726/1434
f 1230/1703/1435 1231/1674/1439 1264/1729/1440 1263/1727/1436
f 1217/1704/1437 1218/1676/1441 1251/1730/1442 1250/1728/1438
f 1231/1674/1439 1232/1673/1443 1265/1731/1444 1264/1729/1440
f 1218/1676/1441 1219/1675/1445 1252/1732/1446 1251/1730/1442
f 1232/1673/1443 1233/1677/1447 1266/1733/1448 1265/1731/1444
f 1219/1675/1445 1220/1678/1449 1253/1734/1449 1252/1732/1446
f 1233/1677/1447 1234/1679/1450 1267/1735/1451 1266/1733/1448
f 1220/1678/1449 1221/1680/1452 1254/1736/1453 1253/1734/1449
f 1234/1679/1450 1235/1681/1454 1268/1737/1455 1267/1735/1451
f 1221/1680/1452 1222/1682/1394 1255/1707/1397 1254/1736/1453
f 1235/1681/1454 1236/1683/1398 1269/1709/1398 1268/1737/1455
f 1074/1738/174 1077/1739/174 1075/1740/174 1071/1741/174
f 1073/1742/174 1078/1743/174 1077/1739/174 1074/1738/174
f 1072/1744/174 2538/1745/174 1078/1743/174 1073/1742/174
f 2534/1746/1456 2539/1747/1457 2538/1745/174 1072/1744/174
f 1087/1748/1458 1093/1749/1458 2539/1750/1457 2534/1751/1456
f 1080/1752/1458 1094/1753/1458 1093/1749/1458 1087/1748/1458
f 1081/1754/1286 1095/1555/1286 1094/1753/1458 1080/1752/1458
f 1085/1755/1459 1084/1756/1460 2711/1757/1461 2712/1758/1462
f 1083/1759/1463 1082/1760/1464 2709/1761/1464 2710/1762/1465
f 1086/1549/1466 1085/1755/1459 2712/1758/1462 2717/1763/1467
f 1084/1756/1460 1083/1759/1463 2710/1762/1465 2711/1757/1461
f 1010/1484/1245 2709/1761/1464 1082/1760/1464 2524/1516/1246
f 2532/1520/1249 1091/1534/1265 1070/1751/1271
f 2532/1520/1249 1062/1519/1248 1091/1534/1265
f 1282/1764/1468 1283/1765/1469 1285/1766/1470 1284/1767/1471
f 1284/1767/1471 1285/1766/1470 1287/1768/1472 1286/1769/1473
f 1286/1769/1473 1287/1768/1472 1289/1770/1474 1288/1771/1475
f 1288/1771/1475 1289/1770/1474 1291/1772/1476 1290/1773/1477
f 1290/1773/1477 1291/1772/1476 1293/1770/1478 1292/1771/1479
f 1292/1771/1479 1293/1770/1478 1295/1768/1480 1294/1769/1481
f 1294/1769/1481 1295/1768/1480 1297/1766/1482 1296/1767/1483
f 1296/1767/1483 1297/1766/1482 1299/1765/1484 1298/1764/1485
f 1298/1764/1485 1299/1765/1484 1301/1774/1486 1300/1775/1487
f 1300/1775/1487 1301/1774/1486 1303/1776/1488 1302/1777/1489
f 1302/1777/1489 1303/1776/1488 1305/1778/1490 1304/1779/1491
f 1304/1779/1491 1305/1778/1490 1307/1780/1492 1306/1781/1493
f 1306/1781/1493 1307/1780/1492 1309/1778/1494 1308/1779/1495
f 1308/1779/1495 1309/1778/1494 1311/1776/1496 1310/1777/1497
f 1293/1782/1478 1291/1783/1476 1318/1784/1498 1319/1785/1499
f 1310/1777/1497 1311/1776/1496 1313/1774/1500 1312/1775/1501
f 1312/1775/1501 1313/1774/1500 1283/1765/1469 1282/1764/1468
f 1300/1786/1487 1302/1787/1489 1340/1788/1502 1339/1789/1503
f 1341/1790/1504 1342/1791/1505 1347/1792/197
f 1303/1787/1488 1301/1786/1486 1323/1789/1506 1324/1788/1507
f 1313/1793/1500 1311/1794/1496 1328/1795/1508 1329/1796/1509
f 1289/1797/1474 1287/1798/1472 1316/1799/1510 1317/1800/1511
f 1299/1801/1484 1297/1802/1482 1321/1803/1512 1322/1804/1513
f 1285/1805/1470 1283/1806/1469 1314/1807/1514 1315/1808/1515
f 1309/1809/1494 1307/1810/1492 1326/1791/1516 1327/1811/1517
f 1295/1812/1480 1293/1782/1478 1319/1785/1499 1320/1813/1518
f 1305/1814/1490 1303/1787/1488 1324/1788/1507 1325/1790/1519
f 1283/1806/1469 1313/1793/1500 1329/1796/1509 1314/1807/1514
f 1291/1783/1476 1289/1797/1474 1317/1800/1511 1318/1784/1498
f 1301/1786/1486 1299/1801/1484 1322/1804/1513 1323/1789/1506
f 1311/1794/1496 1309/1809/1494 1327/1811/1517 1328/1795/1508
f 1287/1798/1472 1285/1805/1470 1315/1808/1515 1316/1799/1510
f 1297/1802/1482 1295/1812/1480 1320/1813/1518 1321/1803/1512
f 1307/1810/1492 1305/1814/1490 1325/1790/1519 1326/1791/1516
f 1347/1792/197 1342/1791/1505 1343/1815/1520
f 1310/1794/1497 1312/1793/1501 1345/1796/1521 1344/1795/1522
f 1286/1798/1473 1288/1797/1475 1333/1816/1523 1332/1799/1524
f 1296/1802/1483 1298/1801/1485 1338/1804/1525 1337/1803/1526
f 1282/1806/1468 1284/1805/1471 1331/1808/1527 1330/1807/1528
f 1306/1810/1493 1308/1809/1495 1343/1815/1520 1342/1791/1505
f 1292/1782/1479 1294/1812/1481 1336/1813/1529 1335/1785/1530
f 1302/1787/1489 1304/1814/1491 1341/1790/1504 1340/1788/1502
f 1312/1793/1501 1282/1806/1468 1330/1807/1528 1345/1796/1521
f 1288/1797/1475 1290/1783/1477 1334/1784/1531 1333/1816/1523
f 1298/1801/1485 1300/1786/1487 1339/1789/1503 1338/1804/1525
f 1308/1809/1495 1310/1794/1497 1344/1795/1522 1343/1815/1520
f 1284/1805/1471 1286/1798/1473 1332/1799/1524 1331/1808/1527
f 1294/1812/1481 1296/1802/1483 1337/1803/1526 1336/1813/1529
f 1304/1814/1491 1306/1810/1493 1342/1791/1505 1341/1790/1504
f 1290/1783/1477 1292/1782/1479 1335/1785/1530 1334/1784/1531
f 1316/1799/1510 1315/1808/1515 1346/1792/800
f 1319/1785/1499 1318/1784/1498 1346/1792/800
f 1347/1792/197 1334/1784/1531 1335/1785/1530
f 1335/1785/1530 1336/1813/1529 1347/1792/197
f 1336/1813/1529 1337/1803/1526 1347/1792/197
f 1337/1803/1526 1338/1804/1525 1347/1792/197
f 1338/1804/1525 1339/1789/1503 1347/1792/197
f 1339/1789/1503 1340/1788/1502 1347/1792/197
f 1340/1788/1502 1341/1790/1504 1347/1792/197
f 1343/1815/1520 1344/1795/1522 1347/1792/197
f 1344/1795/1522 1345/1796/1521 1347/1792/197
f 1345/1796/1521 1330/1807/1528 1347/1792/197
f 1330/1807/1528 1331/1808/1527 1347/1792/197
f 1331/1808/1527 1332/1799/1524 1347/1792/197
f 1332/1799/1524 1333/1816/1523 1347/1792/197
f 1333/1816/1523 1334/1784/1531 1347/1792/197
f 1314/1807/1514 1329/1796/1509 1346/1792/800
f 1329/1796/1509 1328/1795/1508 1346/1792/800
f 1328/1795/1508 1327/1811/1517 1346/1792/800
f 1327/1811/1517 1326/1791/1516 1346/1792/800
f 1346/1792/800 1318/1784/1498 1317/1800/1511
f 1315/1808/1515 1314/1807/1514 1346/1792/800
f 1317/1800/1511 1316/1799/1510 1346/1792/800
f 1346/1792/800 1326/1791/1516 1325/1790/1519
f 1325/1790/1519 1324/1788/1507 1346/1792/800
f 1324/1788/1507 1323/1789/1506 1346/1792/800
f 1323/1789/1506 1322/1804/1513 1346/1792/800
f 1322/1804/1513 1321/1803/1512 1346/1792/800
f 1321/1803/1512 1320/1813/1518 1346/1792/800
f 1320/1813/1518 1319/1785/1499 1346/1792/800
f 1016/1495/1242 2529/1515/1244 1348/1817/1532 2719/1818/1532
f 1076/1750/1305 1092/1531/1262 1079/1530/1261
f 1066/1819/1278 1069/1532/1263 1092/1531/1262
f 2732/1820/1533 2749/1821/1534 1400/1822/1535 1359/1823/1536
f 1396/1824/1537 2540/1825/1538 2743/1826/1539
f 2723/1827/1540 1395/1824/1541 2721/1828/1542
f 2724/1829/1543 2726/1830/1543 1355/1831/1544 1354/1832/1544
f 1366/1833/1545 1367/1834/1546 2730/1835/1547 1365/1836/1548
f 1369/1837/1549 1368/1838/1550 1367/1834/1546 1366/1833/1545
f 2728/1836/1551 1364/1835/1551 2729/1839/1552 2725/1840/1552
f 1374/1841/1553 1352/1763/1554 1371/1842/1555 1370/1843/1556
f 1370/1843/1556 1371/1842/1555 1368/1838/1550 1369/1837/1549
f 2725/1840/1552 2729/1839/1552 2726/1830/1543 2724/1829/1543
f 2727/1827/1557 2540/1825/1538 1396/1824/1537
f 1348/1817/1532 1349/1844/1558 2718/1845/1559 2719/1818/1532
f 2716/1846/1461 2718/1845/1559 1349/1844/1558 1088/1847/1460
f 1088/1847/1460 1089/1848/1560 2715/1849/1561 2716/1846/1461
f 2720/1841/1562 2715/1849/1561 1089/1848/1560 1090/1550/1563
f 1090/1550/1563 1086/1549/1466 2717/1763/1467 2720/1841/1562
f 2739/1850/1564 1395/1824/1541 2723/1827/1540
f 1359/1823/1536 2733/1851/1565 2734/1852/1566 1358/1853/1567
f 1358/1853/1567 2734/1852/1566 2736/1854/1568 1353/1855/1569
f 1353/1855/1569 2736/1854/1568 2738/1856/1570 1351/1857/1571
f 1351/1857/1571 2738/1856/1570 2740/1858/1572 1395/1859/1541
f 1396/1860/1537 2743/1861/1539 2744/1862/1573 1397/1863/1574
f 1397/1863/1574 2744/1862/1573 2746/1864/1575 1398/1865/1576
f 1398/1865/1576 2746/1864/1575 2748/1866/1577 1399/1867/1578
f 1399/1867/1578 2748/1866/1577 2750/1868/1579 1400/1822/1535
f 1359/1823/1536 1400/1822/1535 2750/1868/1579 2733/1851/1565
f 2742/1850/1580 2727/1827/1557 1396/1824/1537
f 1395/1824/1541 2740/1869/1572 2721/1828/1542
f 2747/1870/1581 1399/1867/1578 1400/1822/1535 2749/1821/1534
f 2745/1871/1582 1398/1865/1576 1399/1867/1578 2747/1870/1581
f 2741/1872/1583 1397/1863/1574 1398/1865/1576 2745/1871/1582
f 2742/1873/1580 1396/1860/1537 1397/1863/1574 2741/1872/1583
f 2737/1874/1584 1351/1857/1571 1395/1859/1541 2739/1875/1564
f 2735/1876/1585 1353/1855/1569 1351/1857/1571 2737/1874/1584
f 2731/1877/1586 1358/1853/1567 1353/1855/1569 2735/1876/1585
f 2732/1820/1533 1359/1823/1536 1358/1853/1567 2731/1877/1586
f 2480/1878/1226 1035/1448/800 1277/1546/1587
f 1277/1546/1587 1035/1448/800 1278/1540/800
f 1279/1542/800 1278/1540/800 1035/1448/800
f 1280/1535/1588 1279/1542/800 1401/1879/1589
f 2485/1545/1225 1350/1546/1590 1034/1469/197
f 1350/1546/1590 1281/1540/197 1034/1469/197
f 1281/1540/197 1372/1542/197 1034/1469/197
f 1034/1469/197 1372/1542/197 1402/1880/1591
f 1372/1542/197 1373/1535/1592 1402/1880/1591
f 1279/1542/800 1035/1448/800 1401/1879/1589
f 1035/1448/800 2486/1447/800 2540/1825/1538 1401/1879/1589
f 1034/1469/197 1402/1880/1591 2721/1828/1542 2487/1470/197
f 1280/1535/1588 1401/1879/1589 1406/1881/1593
f 2540/1825/1538 2727/1827/1557 1403/1882/1594
f 2540/1825/1538 1403/1882/1594 1404/1883/1595
f 1401/1879/1589 2540/1825/1538 1404/1883/1595 1405/1884/1596
f 1401/1879/1589 1405/1884/1596 1406/1881/1593
f 1280/1535/1588 1406/1881/1593 1371/1885/1555 1352/1886/1554
f 1371/1885/1555 1406/1881/1593 1405/1884/1596 1368/1887/1550
f 1368/1887/1550 1405/1884/1596 1404/1883/1595 1367/1888/1546
f 1367/1888/1546 1404/1883/1595 1403/1882/1594 2730/1889/1547
f 1363/1890/1597 2730/1889/1547 1403/1882/1594
f 1360/1891/1598 1363/1890/1597 1403/1882/1594
f 2727/1827/1557 1360/1891/1598 1403/1882/1594
f 2723/1827/1540 2721/1828/1542 1407/1882/1599
f 1402/1880/1591 1373/1535/1592 1410/1892/1600
f 1402/1880/1591 1410/1892/1600 1409/1884/1601
f 2721/1828/1542 1402/1880/1591 1409/1884/1601 1408/1883/1602
f 2721/1828/1542 1408/1883/1602 1407/1882/1599
f 1373/1535/1592 1374/1886/1553 1370/1885/1556 1410/1892/1600
f 1370/1885/1556 1369/1887/1549 1409/1884/1601 1410/1892/1600
f 1369/1887/1549 1366/1888/1545 1408/1883/1602 1409/1884/1601
f 1366/1888/1545 1365/1889/1548 1407/1882/1599 1408/1883/1602
f 1365/1889/1548 1362/1890/1603 1407/1882/1599
f 1362/1890/1603 1361/1891/1604 1407/1882/1599
f 1361/1891/1604 2723/1827/1540 1407/1882/1599
f 2541/1861/1605 1426/1893/1606 1427/1894/1607 2722/1895/1605
f 2559/1557/165 2564/1553/165 1081/1754/1286
f 1081/1754/1286 2564/1553/165 1095/1555/1286
f 1096/1896/154 1101/1897/154 1102/1898/154 1411/1899/154
f 1102/1898/154 1100/1900/154 1411/1899/154
f 1100/1900/154 1103/1901/154 1411/1899/154
f 1103/1901/154 1104/1902/154 1411/1899/154
f 1411/1899/154 1104/1902/154 1105/1903/154 1097/1904/154
f 1384/1905/174 1381/1906/174 1375/1907/174 1377/1908/174
f 1383/1909/174 1384/1905/174 1377/1908/174 1378/1910/174
f 1382/1911/174 1379/1912/174 1376/1913/174 1380/1914/174
f 1383/1909/174 1378/1910/174 1379/1912/174 1382/1911/174
f 1355/1831/1544 1375/1907/174 1381/1906/174 1354/1832/1544
f 2782/1915/1608 2781/1916/1608 2785/1917/1608 2783/1918/1608
f 2781/1916/1608 2782/1915/1608 2779/1919/1609 2780/1920/1609
f 2779/1919/1609 2769/1921/1610 2778/1922/1611 2780/1920/1609
f 2769/1921/1610 2770/1923/1612 2777/1924/1612 2778/1922/1611
f 2770/1923/1612 2771/1925/1612 2776/1926/1612 2777/1924/1612
f 2771/1925/1612 2772/1927/1612 2775/1928/1612 2776/1926/1612
f 2772/1927/1612 2773/1929/1612 2774/1930/1612 2775/1928/1612
f 1483/1931/1613 1476/1932/1614 2751/1933/1615 2752/1934/1616
f 1484/1935/1617 1483/1931/1613 2752/1934/1616 2753/1936/1618
f 1485/1937/1619 1477/1938/1620 2754/1939/1621 2755/1940/1622
f 1477/1938/1620 1484/1935/1617 2753/1936/1618 2754/1939/1621
f 1486/1941/1623 1478/1942/1624 2756/1943/1625 2757/1944/1626
f 1487/1945/1627 1486/1941/1623 2757/1944/1626 2758/1946/1628
f 1488/1947/1629 1479/1948/1630 2759/1949/1631 2760/1950/1632
f 1479/1948/1630 1487/1945/1627 2758/1946/1628 2759/1949/1631
f 1478/1942/1624 1485/1937/1619 2755/1940/1622 2756/1943/1625
f 1476/1932/1614 1480/1951/1633 2761/1952/1634 2751/1933/1615
f 1489/1953/1635 1488/1947/1629 2760/1950/1632 2762/1954/1636
f 1490/1955/1637 1489/1953/1635 2762/1954/1636 2763/1956/1638
f 1480/1951/1633 1481/1957/1639 2764/1958/1640 2761/1952/1634
f 1481/1957/1639 2787/1959/1641 2765/1960/1642 2764/1958/1640
f 1491/1961/1643 1490/1955/1637 2763/1956/1638 2767/1962/1644
f 1482/1959/1645 2790/1961/1646 2768/1962/1647 2766/1960/1647
f 2784/1918/1648 2786/1917/1648 2788/1963/1649 2789/1964/1649
f 1442/1917/1650 1439/1916/1651 1472/1965/1652 1475/1963/1653
f 1441/1915/1654 1443/1918/1655 1474/1964/1656 1473/1966/1657
f 1438/1919/1658 1441/1915/1654 1473/1966/1657 1470/1967/1659
f 1439/1916/1651 1440/1920/1660 1471/1968/1661 1472/1965/1652
f 1440/1920/1660 1434/1922/1662 1468/1969/1663 1471/1968/1661
f 1428/1921/1664 1438/1919/1658 1470/1967/1659 1461/1970/1665
f 1433/1930/1666 1429/1929/1667 1463/1971/1668 1466/1972/1669
f 1437/1924/1670 1436/1926/1671 1467/1973/1672 1469/1974/1673
f 1434/1922/1662 1437/1924/1670 1469/1974/1673 1468/1969/1663
f 1436/1926/1671 1435/1928/1674 1465/1975/1675 1467/1973/1672
f 1435/1928/1674 1433/1930/1666 1466/1972/1669 1465/1975/1675
f 1432/1927/1676 1431/1925/1677 1462/1976/1678 1464/1977/1679
f 1429/1929/1667 1432/1927/1676 1464/1977/1679 1463/1971/1668
f 1431/1925/1677 1430/1923/1680 1460/1978/1681 1462/1976/1678
f 1430/1923/1680 1428/1921/1664 1461/1970/1665 1460/1978/1681
f 2789/1964/1649 2788/1963/1649 2790/1961/1646 1482/1959/1645
f 1475/1963/1653 1472/1965/1652 1490/1955/1637 1491/1961/1643
f 1473/1966/1657 1474/1964/1656 2787/1959/1641 1481/1957/1639
f 1470/1967/1659 1473/1966/1657 1481/1957/1639 1480/1951/1633
f 1472/1965/1652 1471/1968/1661 1489/1953/1635 1490/1955/1637
f 1471/1968/1661 1468/1969/1663 1488/1947/1629 1489/1953/1635
f 1461/1970/1665 1470/1967/1659 1480/1951/1633 1476/1932/1614
f 1466/1972/1669 1463/1971/1668 1485/1937/1619 1478/1942/1624
f 1469/1974/1673 1467/1973/1672 1487/1945/1627 1479/1948/1630
f 1468/1969/1663 1469/1974/1673 1479/1948/1630 1488/1947/1629
f 1467/1973/1672 1465/1975/1675 1486/1941/1623 1487/1945/1627
f 1465/1975/1675 1466/1972/1669 1478/1942/1624 1486/1941/1623
f 1464/1977/1679 1462/1976/1678 1484/1935/1617 1477/1938/1620
f 1463/1971/1668 1464/1977/1679 1477/1938/1620 1485/1937/1619
f 1462/1976/1678 1460/1978/1681 1483/1931/1613 1484/1935/1617
f 1460/1978/1681 1461/1970/1665 1476/1932/1614 1483/1931/1613
f 1427/1894/1607 1426/1893/1606 1458/1960/1682 1459/1962/1683
f 1426/1893/1606 1425/1979/1684 1457/1958/1685 1458/1960/1682
f 1425/1979/1684 1422/1980/1686 1454/1952/1686 1457/1958/1685
f 1412/1981/1687 1444/1933/1688 1454/1952/1686 1422/1980/1686
f 1413/1982/1689 1445/1934/1690 1444/1933/1688 1412/1981/1687
f 1414/1983/1691 1446/1936/1692 1445/1934/1690 1413/1982/1689
f 1415/1984/1693 1447/1939/1694 1446/1936/1692 1414/1983/1691
f 1416/1985/1695 1448/1940/1696 1447/1939/1694 1415/1984/1693
f 1417/1986/1697 1449/1943/1698 1448/1940/1696 1416/1985/1695
f 1418/1987/1699 1450/1944/1700 1449/1943/1698 1417/1986/1697
f 1419/1988/1701 1451/1946/1702 1450/1944/1700 1418/1987/1699
f 1420/1989/1703 1452/1949/1704 1451/1946/1702 1419/1988/1701
f 1421/1990/1687 1453/1950/1688 1452/1949/1704 1420/1989/1703
f 1423/1991/1686 1455/1954/1686 1453/1950/1688 1421/1990/1687
f 1423/1991/1686 1424/1992/1705 1456/1956/1706 1455/1954/1686
f 1424/1992/1705 1427/1894/1607 1459/1962/1683 1456/1956/1706
f 1394/1993/154 1391/1994/154 1385/1995/154 1387/1996/154
f 1391/1997/154 1357/1998/154 1356/1999/154 1385/1997/154
f 1388/2000/154 1393/2001/154 1394/1993/154 1387/1996/154
f 1389/2002/154 1392/2003/154 1393/2001/154 1388/2000/154
f 1386/2004/154 1390/2005/154 1392/2003/154 1389/2002/154
f 1107/1574/174 1111/1573/174 1113/2006/174 1110/2007/174
f 1110/2007/174 1113/2006/174 1114/2008/174 1109/2009/174
f 1109/2009/174 1114/2008/174 1115/2010/174 1108/2011/174
f 1108/2011/174 1115/2010/174 1112/2012/174 1106/2013/174
s 0
f 1492/2014/557 1493/2015/557 1495/2016/557 1494/2017/557
f 1494/2017/197 1495/2016/197 1499/2016/197 1498/2017/197
f 1497/2018/800 1496/2019/800 1502/2019/800 1503/2018/800
f 1496/2019/1707 1497/2018/1707 1493/2015/1707 1492/2014/1707
f 1494/2020/174 1498/2021/174 1496/2022/174 1492/2023/174
f 1499/2021/154 1495/2020/154 1493/2023/154 1497/2022/154
f 1496/2022/174 1498/2021/174 1501/2024/174 1502/2025/174
f 1499/2021/154 1497/2022/154 1503/2025/154 1500/2024/154
f 1498/2017/197 1499/2016/197 1500/2016/197 1501/2017/197
s 1
f 2826/1/1708 4243/4/1709 4250/3/1710 4249/2/1711
f 4241/5/1712 4248/7/1712 4240/6/1713 4242/1/1714
f 4239/8/1715 2827/4/1716 4242/1/1714 4240/6/1713
f 4239/8/1715 4238/9/1717 2827/4/1716
f 2822/8/1718 4254/11/1719 4251/10/1720 2821/9/1720
f 2823/6/1721 4255/12/1722 4254/11/1719 2822/8/1718
f 2835/7/1723 4256/13/1724 4255/12/1722 2823/6/1721
f 4258/14/1725 4235/17/1726 4236/16/1727 4257/15/1728
f 4236/16/1727 4237/9/1729 4252/10/1729 4257/15/1728
f 4259/18/1730 4234/19/1731 4235/17/1726 4258/14/1725
f 4260/20/1732 4233/21/1733 4234/19/1731 4259/18/1730
f 4262/22/1734 4223/25/1735 4224/24/1736 4261/23/1737
f 4263/26/1738 4261/23/1737 4224/24/1736 4226/27/1739
f 4264/28/1740 4263/26/1738 4226/27/1739 4227/29/1741
f 4265/30/1742 4264/28/1740 4227/29/1741 4228/31/1743
f 4266/32/1744 4265/30/1742 4228/31/1743 4229/33/1745
f 4267/34/1746 4266/32/1744 4229/33/1745 4230/35/1747
f 4268/36/1748 4267/34/1746 4230/35/1747 4231/37/1749
f 4269/38/1750 4268/36/1748 4231/37/1749 4232/39/1751
f 4232/39/1751 4233/21/1733 4260/20/1732 4269/38/1750
f 4275/40/1752 4238/9/1717 2820/16/1753 4274/41/1754
f 2830/17/1755 4273/42/1756 4274/41/1754 2820/16/1753
f 2818/19/1757 4272/43/1758 4273/42/1756 2830/17/1755
f 2818/19/1757 2819/21/1759 4271/44/1760 4272/43/1758
f 4244/45/1761 2827/4/1716 4238/9/1717 4275/40/1752
f 2812/29/1762 2811/27/1763 2893/46/1764
f 2812/29/1762 4283/48/1765 4282/47/1766 2813/31/1767
f 2813/31/1767 4282/47/1766 4281/49/1768 2814/33/1769
f 2814/33/1769 4281/49/1768 4280/50/1770 2815/35/1771
f 4278/51/1772 4277/52/1773 2815/35/1771 4280/50/1770
f 2815/35/1771 4277/52/1773 4287/53/1774 2816/37/1775
f 2816/37/1775 4287/53/1774 4270/54/1776 2817/39/1777
f 4245/55/1778 4244/45/1761 4275/40/1752
f 4270/54/1776 4271/44/1760 2819/21/1759 2817/39/1777
f 2854/56/1779 2853/59/1780 4290/58/1781 4291/57/1782
f 4288/60/1783 4293/63/1784 2865/62/1785 4279/61/1783
f 2864/64/1786 2865/62/1785 4293/63/1784 4292/65/1787
f 2853/59/1780 2864/64/1786 4292/65/1787 4290/58/1781
f 2855/66/1788 2854/56/1779 4291/57/1782 4297/67/1789
f 2851/68/1790 4294/70/1791 4276/69/1792
f 2851/68/1790 4296/71/1793 4294/70/1791
f 2852/72/1794 4296/71/1793 2851/68/1790
f 2852/72/1794 2855/66/1788 4297/67/1789 4296/71/1793
f 4285/73/1795 4286/76/1796 4304/75/1797 4303/74/1798
f 2860/48/1799 4284/79/1800 4302/78/1801 4301/77/1802
f 2858/49/1803 2859/47/1804 4300/81/1805 4299/80/1806
f 4286/76/1796 1620/83/100 1639/82/100 4304/75/1797
f 4284/79/1800 4285/73/1795 4303/74/1798 4302/78/1801
f 2859/47/1804 2860/48/1799 4301/77/1802 4300/81/1805
f 2857/50/1807 2858/49/1803 4299/80/1806 4298/84/1808
f 2857/50/1807 4298/84/1808 4289/85/1809 2856/51/1810
f 4310/86/105 4312/89/1811 1656/88/106 1647/87/105
f 4312/89/1811 4319/90/1812 1656/88/106
f 4319/90/1812 4312/89/1811 4318/91/1813
f 4316/92/1814 4318/91/1813 4312/89/1811 4314/93/1814
f 2885/90/1815 2884/91/1816 4320/95/1817 4321/94/1818
f 1659/96/115 2888/94/1819 2887/95/1820
f 24/88/118 2885/90/1815 4321/94/1818 153/96/118
f 2884/91/1816 4317/92/1821 4180/97/1821 4320/95/1817
f 23/98/120 1659/96/115 2887/95/1820 4179/97/1822
f 4315/93/1823 2883/89/1824 4393/99/1825
f 2883/89/1824 4311/86/1826 2809/25/1827 2890/100/1828
f 4305/101/1829 4308/103/1829 4323/100/1830 4322/102/1831
f 4262/22/1734 4322/102/1831 4323/100/1830 4223/25/1735
f 4327/104/1832 4195/105/1833 2862/73/1834 2893/46/1764
f 4225/24/1835 2809/25/1827 4311/86/1826 4324/106/1836
f 4324/106/1836 4326/104/1837 4225/24/1835
f 2811/27/1763 2810/24/1838 4327/104/1832 2893/46/1764
f 2861/79/1839 4283/48/1765 2812/29/1762 2893/46/1764
f 4194/105/139 2892/104/139 4325/106/139 4190/107/139
f 4188/107/140 2894/106/140 2882/86/140
f 2862/73/1834 2861/79/1839 2893/46/1764
f 4193/105/1840 4189/107/1840 4191/108/1840
f 1515/109/140 4188/107/140 2882/86/140 150/87/140
f 4192/108/140 2895/107/140 27/109/140 1524/110/140
f 1668/111/142 2896/105/142 2796/108/142 29/110/142
f 128/83/143 2863/76/1841 4195/105/1833
f 2863/76/1841 2862/73/1834 4195/105/1833
f 2868/112/1842 2867/115/1843 4328/114/1844 4329/113/1845
f 4332/116/1846 4295/119/1846 2873/118/1847 4331/117/1848
f 4331/117/1848 2873/118/1847 2872/121/1849 4330/120/1850
f 2872/121/1849 2868/112/1842 4329/113/1845 4330/120/1850
f 170/122/154 169/123/154 2877/77/154 2878/78/154
f 169/123/154 2874/84/154 2875/80/154
f 2875/80/154 2876/81/154 169/123/154
f 2876/81/154 2877/77/154 169/123/154
f 2879/74/154 170/122/154 2878/78/154
f 2880/75/154 146/82/154 170/122/154 2879/74/154
f 171/111/155 128/83/143 4195/105/1833
f 4214/124/1851 4215/127/1852 4339/126/1852 4338/125/1851
f 4212/128/1853 4213/131/1854 4337/130/1854 4336/129/1853
f 4215/127/1852 4216/133/1855 4340/132/1855 4339/126/1852
f 4213/131/1854 4214/124/1851 4338/125/1851 4337/130/1854
f 4210/134/1856 4211/137/1857 4335/136/1857 4334/135/1856
f 4346/138/1858 2957/141/1858 4209/140/1859 4429/139/1859
f 1693/142/165 46/145/165 4350/144/165 4347/143/165
f 4348/146/1860 4351/149/1860 4353/148/1861 4354/147/1861
f 4354/147/1861 4353/148/1861 4355/151/1862 4356/150/1862
f 4356/150/1862 4355/151/1862 4357/153/1863 4358/152/1863
f 4358/152/1863 4357/153/1863 4362/155/1864 4359/154/1864
f 2934/156/1865 4365/159/1865 4366/158/1866 4387/157/1867
f 1716/160/174 51/163/174 4369/162/174 4372/161/174
f 1715/164/165 50/167/165 4370/166/165 4368/165/165
f 4361/168/1868 4374/171/1869 2923/170/1870 2915/169/1871
f 4374/171/1869 4375/173/1872 4377/172/1873 2923/170/1870
f 49/174/181 4378/175/1874 4371/162/1875 1717/163/181
f 4378/175/1874 2925/172/1876 4371/162/1875
f 48/176/185 47/179/187 4349/178/187 4380/177/1877
f 1724/174/188 48/176/185 4380/177/1877 4379/175/1878
f 2909/178/1879 2911/180/1880 2928/177/1881
f 2928/177/1881 2911/180/1880 2927/175/1882
f 2913/181/1883 2929/182/1884 2911/180/1880
f 2929/182/1884 4377/172/1873 2927/175/1882
f 2911/180/1880 2929/182/1884 2927/175/1882
f 4377/172/1873 2929/182/1884 2923/170/1870
f 2913/181/1883 2915/169/1871 2923/170/1870 2929/182/1884
f 4381/183/196 1726/185/196 52/164/196 4373/184/196
f 2920/166/800 4382/183/800 2922/184/800 2921/165/800
f 4376/173/1885 2930/186/1886 4371/162/1875 2925/172/1876
f 53/187/200 2930/186/1886 4376/173/1885 1729/188/200
f 4367/189/1887 2924/171/1888 4360/168/1889
f 2931/190/1890 2926/173/1891 2924/171/1888 2932/191/1892
f 2926/173/1891 2931/190/1890 54/188/207
f 54/188/207 2931/190/1890 55/192/208
f 407/193/209 55/192/208 2931/190/1890 2932/191/1892
f 2932/191/1892 2924/171/1888 4367/189/1887 4388/194/1893
f 2917/154/1894 4363/155/1894 4365/159/1865 2934/156/1865
f 4394/195/1895 4309/197/1896 4420/196/1897
f 220/198/215 4411/201/215 4412/200/1898 20/199/216
f 4409/202/215 4411/201/215 220/198/215 1756/203/215
f 4416/204/1899 4417/206/1900 2945/205/1901
f 4410/207/1902 4413/208/1902 4416/204/1899 2945/205/1901
f 2944/202/222 21/203/222 221/210/223 4414/209/222
f 1767/210/224 1514/98/224 4181/97/1903 4415/209/1903
f 4183/211/1904 4178/213/1905 4313/212/1906
f 2881/214/229 2886/216/229 2794/215/229
f 4211/137/1857 4212/128/1853 4336/129/1853 4335/136/1857
f 4392/217/154 4395/99/154 4419/101/154
f 2939/218/1907 4396/220/1908 4183/211/1904 2935/219/1909
f 4401/221/1910 4398/223/1911 4390/222/1912
f 4389/224/1913 4402/225/1914 4401/221/1910 4390/222/1912
f 4344/226/1915 4342/227/1915 2957/141/1858 4346/138/1858
f 4209/140/1859 4210/134/1856 4334/135/1856 4429/139/1859
f 4427/228/1916 4208/231/1917 4343/230/1918 4425/229/1918
f 4427/228/1916 4422/233/1919 2802/232/1920 4208/231/1917
f 4427/228/1916 1780/235/244 4/234/244 4422/233/1919
f 4422/233/1919 4421/236/154 2802/232/1920
f 4421/236/154 2937/237/154 2802/232/1920
f 2938/238/154 2959/239/154 2802/232/1920 2937/237/154
f 2959/239/154 2938/238/154 2803/240/154
f 2805/241/154 2804/243/154 2938/238/154 4391/242/154
f 2804/243/154 2951/244/154 2803/240/154 2938/238/154
f 2806/245/154 2805/241/154 4391/242/154
f 2806/245/154 4391/242/154 4392/217/154 4217/246/154
f 4392/217/154 4419/101/154 4217/246/154
f 4437/247/245 5/250/245 1786/249/245 4435/248/245
f 1789/250/246 4438/247/1921 4424/252/1921 1774/251/246
f 1792/253/248 4440/254/248 4436/248/248 6/249/248
f 2961/248/1922 2963/254/1922 2954/252/1922 2962/247/1922
f 4423/252/1923 4439/254/1924 4404/255/1925
f 4441/256/1926 4439/254/1924 7/253/254 1797/257/254
f 4423/252/1923 4404/255/1925 4403/259/1927 2953/258/1928
f 4389/224/1913 2953/261/1928 4403/260/1927 4402/225/1914
f 1796/262/257 4432/265/257 4430/264/257 1795/263/257
f 2947/266/1929 4417/206/1900 4418/267/1930
f 2945/205/1901 4417/206/1900 2947/266/1929
f 2967/268/1931 2949/270/1932 2940/269/1933
f 2940/211/1933 2949/204/1932 2948/208/1934 4182/213/1934
f 2968/195/1935 2935/219/1909 4313/212/1906
f 4183/211/1904 4313/212/1906 2935/219/1909
f 2883/89/1824 2890/100/1828 2889/103/1936 4393/99/1825
f 4405/271/1937 4431/274/1937 4433/273/1937 4407/272/1937
f 4439/254/1924 4441/256/1926 4404/255/1925
f 2965/275/267 4406/256/267 1799/257/267 8/276/267
f 2969/277/154 215/280/154 246/279/154 2971/278/154
f 18/281/268 20/199/216 4412/200/1898 4185/282/1938
f 4186/283/1939 4184/284/1939 2947/266/1929 4418/267/1930
f 2946/284/1940 4187/283/1940 4447/286/1940 4453/285/1940
f 4446/286/1941 4445/288/1941 4451/287/1941 4452/285/1941
f 4444/289/1942 4443/292/1943 2978/291/1944 4450/290/1942
f 4448/293/1945 4399/295/1946 4442/294/1947
f 4434/296/1948 4448/293/1945 4442/294/1947 4408/297/1948
f 1812/298/154 4454/299/154 2966/265/154 9/262/154
f 2977/300/154 2966/265/154 4454/299/154 4455/301/154
f 4455/301/154 4456/302/154 2977/300/154
f 2980/303/154 2979/306/154 4449/305/154 4457/304/154
f 4185/282/1938 2980/303/154 4459/308/154 4460/307/154
f 4185/282/1938 4461/310/154 10/309/154 18/281/268
f 4461/310/154 4185/282/1938 4460/307/154
f 4457/304/154 4458/311/154 2980/303/154
f 4459/308/154 2980/303/154 4458/311/154
f 4449/305/154 2977/300/154 4456/302/154 4457/304/154
f 14/312/280 2994/314/1949 13/313/281
f 1828/315/283 13/313/281 2993/316/1950
f 2994/314/1949 2993/316/1950 13/313/281
f 4465/317/1951 2993/316/1950 2994/314/1949
f 19/318/286 2995/320/1952 15/319/287
f 4462/321/1953 2995/320/1952 19/318/286
f 1822/322/290 4462/321/1953 19/318/286
f 4463/323/1954 2995/320/1952 4462/321/1953
f 4463/323/1954 4464/325/1955 2996/324/1956 2995/320/1952
f 4464/325/1955 4465/317/1951 2994/314/1949 2996/324/1956
f 15/319/287 2995/320/1952 2996/324/1956 274/326/294
f 2994/314/1949 14/312/280 274/326/294 2996/324/1956
f 17/327/295 1821/309/298 2988/310/1957 3004/328/1958
f 2988/310/1957 2987/307/1959 3003/329/1960 3004/328/1958
f 2987/307/1959 2986/308/1961 3002/330/1962 3003/329/1960
f 2986/308/1961 2985/311/1963 3001/331/1964 3002/330/1962
f 2985/311/1963 2984/304/1965 3000/332/1966 3001/331/1964
f 2984/304/1965 2983/302/1967 2999/333/1968 3000/332/1966
f 2983/302/1967 2982/301/1969 2998/334/1970 2999/333/1968
f 2982/301/1969 2981/299/1971 2997/335/1972 2998/334/1970
f 12/336/313 2997/335/1972 2981/299/1971 11/298/314
f 4466/316/1973 2997/335/1972 12/336/313 270/315/316
f 2997/335/1972 4466/316/1973 2992/317/1974 2998/334/1970
f 2998/334/1970 2992/317/1974 2999/333/1968
f 2991/325/1975 3000/332/1966 2999/333/1968 2992/317/1974
f 2990/323/1976 3001/331/1964 3000/332/1966 2991/325/1975
f 2989/321/1977 3002/330/1962 3001/331/1964 2990/323/1976
f 3002/330/1962 2989/321/1977 3003/329/1960
f 3004/328/1958 3003/329/1960 2989/321/1977
f 16/322/321 17/327/295 3004/328/1958 2989/321/1977
f 4397/337/154 2976/339/154 2950/338/154 2940/269/1933
f 2967/268/1931 2940/269/1933 2950/338/154
f 2939/218/1907 4467/340/1978 4396/220/1908
f 4390/222/1912 4467/340/1978 2939/218/1907
f 4390/222/1912 4398/223/1911 4467/340/1978
f 4448/293/1945 2978/291/1944 4443/292/1943 4399/295/1946
f 3006/341/174 2973/343/174 3005/342/174
f 2973/343/174 2974/344/174 3005/342/174
f 2975/345/174 3005/342/174 2974/344/174
f 3005/342/174 2975/345/174 2941/346/174
f 2942/347/154 2972/349/154 4400/348/1979
f 2972/349/154 2942/347/154 2970/350/154
f 2942/347/154 2936/351/154 2971/278/154 2970/350/154
f 2943/352/154 2969/277/154 2971/278/154 2964/353/154
f 2964/353/154 2971/278/154 2936/351/154
f 4309/197/1896 4306/354/1980 4420/196/1897
f 4857/355/800 4862/355/800 4859/356/800 4855/356/800
f 4220/357/325 45/359/325 1830/235/325 4218/358/325
f 2792/360/1981 4345/363/1981 4468/362/1981 4426/361/1981
f 4470/364/1982 4341/132/1982 4307/354/1982
f 2807/133/1982 2793/196/1982 4307/354/1982 4341/132/1982
f 4472/365/1983 4328/114/1844 2867/115/1843 2870/366/1984
f 4474/367/1985 4472/365/1983 4476/369/1986 4477/368/1985
f 2870/366/1984 2869/370/1987 4472/365/1983
f 2866/85/1988 4476/369/1986 4472/365/1983 2869/370/1987
f 4478/371/334 4482/374/334 4480/373/334 4475/372/334
f 2897/375/1989 4484/378/1990 4485/377/1991 2795/376/1992
f 2900/379/1993 4487/382/1994 4488/381/1995 4333/380/1995
f 2899/383/1996 4486/384/1997 4487/382/1994 2900/379/1993
f 4485/377/1991 4490/385/1998 2795/376/1992
f 4473/386/1999 3011/372/1999 4481/373/1999 4493/387/1999
f 2897/375/1989 4491/388/2000 4484/378/1990
f 2795/376/1992 4490/385/1998 4486/384/1997 2899/383/1996
f 3010/386/2001 4492/387/2001 4491/388/2000 2897/375/1989
f 3020/389/2002 4505/392/2003 4506/391/2004 4489/390/2005
f 3016/393/2006 4499/396/2007 4500/395/2008 3022/394/2009
f 3023/397/154 4498/400/154 4497/399/2010 3017/398/2011
f 3022/394/2009 4500/395/2008 4504/402/2012 3019/401/2013
f 3019/401/2013 4504/402/2012 4505/392/2003 3020/389/2002
f 4483/403/154 4494/406/154 4503/405/154 3014/404/154
f 3017/398/2011 4497/399/2010 4499/396/2007 3016/393/2006
f 3021/407/154 4501/408/154 4498/400/154 3023/397/154
f 4503/405/154 4502/408/154 3014/404/154
f 4508/409/2014 3027/399/2015 3033/400/2016 4507/410/2017
f 3031/408/2018 3030/405/2019 4509/412/2020 4510/411/2021
f 3033/400/2016 3031/408/2018 4510/411/2021 4507/410/2017
f 3032/395/2022 3028/396/2023 4511/414/2024 4512/413/2025
f 3028/396/2023 3027/399/2015 4508/409/2014 4511/414/2024
f 3026/391/2026 3024/392/2027 4513/416/2028 4514/415/2029
f 3024/392/2027 3025/402/2030 4515/417/2031 4513/416/2028
f 3025/402/2030 3032/395/2022 4512/413/2025 4515/417/2031
f 4495/406/2032 4516/418/2032 4509/412/2020 3030/405/2019
f 3041/419/2033 4526/422/2033 4524/421/2033 3042/420/2033
f 3036/423/2034 4518/426/2034 4519/425/2035 3037/424/2036
f 3034/427/2037 4520/430/2037 4521/429/2038 3035/428/2038
f 3042/420/2033 4524/421/2033 4525/432/2039 3040/431/2040
f 4517/433/2041 4527/434/2041 4520/430/2037 3034/427/2037
f 3038/435/2042 4522/438/2043 4523/437/2044 3039/436/2045
f 3035/428/2038 4521/429/2038 4518/426/2034 3036/423/2034
f 3039/436/2045 4523/437/2044 4526/422/2033 3041/419/2033
f 3037/424/2036 4519/425/2035 4522/438/2043 3038/435/2042
f 2914/153/2046 4536/440/2047 4537/439/2048 4364/155/2048
f 4539/441/395 4352/144/395 4221/442/395
f 2908/149/2049 4540/444/2049 4541/443/2050 2910/148/2051
f 2910/148/2051 4541/443/2050 4542/445/2052 2912/151/2053
f 2912/151/2053 4542/445/2052 4536/440/2047 2914/153/2046
f 2933/159/2054 2916/155/2055 4538/439/2056
f 1907/446/395 4221/442/395 4352/144/395 1692/145/395
f 4222/442/2057 4219/448/2057 4428/447/2057
f 4428/447/2057 2956/361/2057 4469/362/2057 4222/442/2057
f 2907/449/2058 3057/452/2059 3060/451/2060 3008/450/2060
f 2907/449/2058 2958/454/174 3059/453/174 3057/452/2059
f 2904/455/174 3056/458/174 3055/457/174 2903/456/174
f 2903/456/174 3055/457/174 2952/459/174
f 2902/460/174 2952/459/174 3055/457/174 3058/461/174
f 2902/460/174 3058/461/174 2960/462/174
f 2901/463/174 2960/462/174 3058/461/174 3059/453/174
f 2958/454/174 2901/463/174 3059/453/174
f 2905/464/174 3056/458/174 2904/455/174
f 2918/158/2061 2933/159/2054 4538/439/2056 4543/465/2062
f 3056/458/174 2905/464/174 2906/467/174 3061/466/174
f 4551/468/2063 4552/471/2064 4547/470/2064 4546/469/2065
f 4546/469/2065 4545/473/2066 4549/472/2066 4551/468/2063
f 4544/473/2067 2932/191/1892 4388/194/1893 4550/472/2068
f 4471/474/174 3061/466/174 2906/467/174
f 3063/469/174 345/476/174 1912/475/174 3064/473/174
f 3063/469/174 4554/478/174 57/477/174 345/476/174
f 4548/470/174 4556/479/174 4554/478/174 3063/469/174
f 4556/479/174 4548/470/174 4560/480/174
f 4557/481/174 4556/479/174 4560/480/174 4562/482/174
f 4562/482/174 4564/484/174 4566/483/174 4557/481/174
f 4557/481/174 4566/483/174 4567/486/174 4558/485/174
f 4567/486/174 4568/487/174 4558/485/174
f 4569/488/174 4558/485/174 4568/487/174
f 4570/489/174 4558/485/174 4569/488/174
f 4573/490/416 1940/491/416 1920/477/416 4555/478/416
f 4576/492/2069 3069/479/2070 4575/493/2071
f 3070/481/2072 4577/494/2073 4575/493/2071 3069/479/2070
f 4589/495/2074 4577/494/2073 3070/481/2072
f 4576/492/2069 4574/490/2075 3068/478/2076
f 3069/479/2070 4576/492/2069 3068/478/2076
f 2801/492/2077 4584/496/427 3081/490/426
f 370/497/174 4581/500/174 4582/499/174 1954/498/174
f 4580/501/174 4581/500/174 370/497/174 60/502/174
f 58/491/426 4584/496/427 1955/503/426
f 3081/490/426 4584/496/427 58/491/426
f 2801/492/2077 4585/504/2078 4584/496/427
f 59/503/429 3088/496/2079 3085/501/2080 1949/502/429
f 3086/500/2081 3085/501/2080 3088/496/2079 3089/504/2082
f 4583/499/434 4206/506/434 1963/505/434 61/498/434
f 3086/500/2081 3089/504/2082 3090/507/2083
f 3087/499/2084 3086/500/2081 3090/507/2083
f 3082/493/2085 4586/507/2085 4585/504/2078 2801/492/2077
f 3083/494/2086 4587/508/2087 4586/507/2085 3082/493/2085
f 3087/499/2084 3090/507/2083 4205/506/2088
f 4205/506/2088 3091/508/2089 3094/510/2090 4204/509/2091
f 4207/511/2092 4588/512/2093 4204/509/2091 3094/510/2090
f 3090/507/2083 3091/508/2089 4205/506/2088
f 4207/511/2092 1539/514/446 1964/513/446 4588/512/2093
f 3095/509/2094 3092/512/2095 63/513/449 381/515/448
f 3095/509/2094 381/515/448 376/505/451 3096/506/451
f 4587/508/2087 3083/494/2086 4590/510/2096
f 3093/495/453 2800/511/454 4590/510/2096
f 3083/494/2086 3093/495/453 4590/510/2096
f 4559/485/2097 4578/516/2097 4589/495/2074 3070/481/2072
f 3093/495/453 4579/516/456 2800/511/454
f 1948/517/456 64/514/456 2800/511/454 4579/516/456
f 4553/471/2098 4591/518/2098 4561/480/2098 3062/470/2098
f 4563/482/2099 3072/480/2099 4592/518/2099 4593/519/2099
f 4565/484/2100 3073/482/2100 4594/519/2100 4595/520/2100
f 3075/483/2101 3074/484/2102 4596/520/2102 4597/521/2103
f 3076/486/2104 3075/483/2101 4597/521/2103 4598/522/2105
f 3077/487/2106 3076/486/2104 4598/522/2105 4599/523/2107
f 3078/488/2108 3077/487/2106 4599/523/2107 4600/524/2109
f 3079/489/2110 3078/488/2108 4600/524/2109 4601/525/2111
f 4571/526/2112 3079/489/2110 4601/525/2111 4384/527/2112
f 3102/523/174 3101/522/174 4603/528/174
f 4602/529/174 3103/524/174 3102/523/174 4603/528/174
f 4604/530/174 3104/525/174 3103/524/174 4602/529/174
f 4605/531/174 3105/527/174 3104/525/174 4604/530/174
f 4606/532/174 4603/528/174 3101/522/174 3100/521/174
f 3099/520/174 3098/519/174 4607/533/174
f 3099/520/174 4607/533/174 4606/532/174 3100/521/174
f 3098/519/174 3097/518/174 4607/533/174
f 3097/518/174 3065/471/174 4607/533/174
f 4607/533/174 3065/471/174 4608/534/174
f 4609/535/174 4608/534/174 3065/471/174 3067/468/174
f 3066/472/174 2919/194/174 3067/468/174
f 4609/535/174 3067/468/174 2919/194/174
f 3113/535/2113 4617/474/2114 4616/536/2115 3112/534/2116
f 3112/534/2116 4616/536/2115 4615/537/2117 3111/533/2118
f 3111/533/2118 4615/537/2117 4614/538/2119 3110/532/2120
f 3110/532/2120 4614/538/2119 4613/539/2121 3109/528/2122
f 3109/528/2122 4613/539/2121 4612/540/2123 3108/529/2124
f 3108/529/2124 4612/540/2123 4611/541/2125 3107/530/2126
f 3107/530/2126 4611/541/2125 4610/542/2127 3106/531/2128
f 2845/543/2129 2844/546/2130 3114/545/2130 3115/544/2129
f 2846/547/2131 2845/543/2129 3115/544/2129 3116/548/2131
f 2847/549/2132 2846/547/2131 3116/548/2131 3117/550/2132
f 2848/551/2133 2847/549/2132 3117/550/2132 3118/552/2134
f 2849/553/2135 2848/556/2133 3118/555/2134 3119/554/2136
f 2891/557/2137 2849/553/2135 3119/554/2136 3120/558/2137
f 3009/364/2138 2891/557/2137 3120/558/2137
f 2891/557/2137 3009/364/2138 2808/354/2137
f 3121/559/2139 3009/364/2138 3120/558/2137
f 2918/158/2061 4543/465/2062 3009/364/2138 3121/559/2139
f 4366/560/1866 4617/474/2114 3113/535/2113 4387/194/1867
f 2932/191/1892 4544/473/2067 56/475/499 407/193/209
f 4385/561/2140 4622/562/2140 4572/526/2140 4383/527/2140
f 4618/563/2141 4624/564/2141 4623/562/2141 4386/561/2141
f 4620/565/2142 4626/566/2143 4625/564/2144 4619/563/2144
f 4628/567/174 4558/485/174 4570/489/174 4630/568/174
f 3080/526/174 4630/568/174 4570/489/174
f 3125/562/174 4630/568/174 3080/526/174
f 3126/564/174 4631/569/174 4630/568/174 3125/562/174
f 3130/569/2145 2006/572/507 2011/571/507 4635/570/2146
f 3130/569/2145 4635/570/2146 4634/573/2147 3129/568/2148
f 3129/568/2148 4634/573/2147 4632/574/2149 4629/567/2149
f 366/517/511 3084/516/2150 4633/574/2151 2012/575/511
f 3084/516/2150 3071/485/2152 3128/567/2152 4633/574/2151
f 3132/573/174 423/576/174 422/575/174 3131/574/174
f 3132/573/174 3133/570/174 421/571/174 423/576/174
f 2013/577/174 2014/579/174 4636/578/174 4627/566/174
f 417/572/174 4631/569/174 3126/564/174 429/580/174
f 2019/581/174 429/580/174 3126/564/174 4638/582/174
f 3126/564/174 4627/566/174 4636/578/174 4638/582/174
f 4642/583/2153 4640/584/2153 4639/582/2153 4637/578/2153
f 428/581/516 3135/582/516 4641/584/516 2024/585/516
f 2025/586/517 4643/583/517 3134/578/517 425/579/517
f 3137/583/174 433/586/174 432/585/174 3136/584/174
f 3127/566/518 4644/588/518 2029/587/518 424/577/518
f 4626/566/2143 4620/565/2142 4646/588/2154
f 4647/589/2155 4645/588/2156 4621/565/2157 4528/590/2158
f 4647/589/2155 4650/592/2159 4649/591/2159 4645/588/2156
f 3138/588/174 4648/591/174 2033/593/174 435/587/174
f 438/594/525 3140/597/525 4651/596/527 442/595/526
f 4652/598/528 2039/599/528 442/595/526 4651/596/527
f 4479/371/2160 4659/600/2161 4496/374/2162 3015/374/2160
f 4656/601/2163 4658/602/2164 4496/374/2162 4659/600/2161
f 4658/602/2164 4656/601/2163 4653/598/2165
f 441/599/535 3142/598/535 4655/601/535 44/603/535
f 3043/433/2166 3029/374/2167 3144/602/2168
f 3139/434/2169 3144/602/2168 4654/598/2170 3141/596/2170
f 3043/433/2166 3144/602/2168 3139/434/2169 3053/434/2171
f 4298/84/1808 4660/604/2172 3012/369/2173 4289/85/1809
f 3013/368/2174 3012/369/2173 4660/604/2172 4661/605/2175
f 3145/600/2176 3013/371/2174 4661/607/2175 4530/606/2177
f 4531/608/2178 4657/601/2178 3145/600/2176 4530/606/2177
f 4532/608/549 4533/609/549 3143/601/549
f 4664/610/174 4662/611/174 3123/563/174 3122/561/174
f 3124/565/174 3123/563/174 4662/611/174 4666/612/174
f 3150/610/2179 4677/614/2179 4679/613/2179 4663/611/2179
f 4665/610/2180 4670/616/2180 4675/615/2180 4676/614/2180
f 4669/616/552 4667/612/552 4672/617/552 4674/615/552
f 3149/611/2181 4678/613/2181 4673/617/2181 3151/612/2181
f 3153/617/174 3156/613/174 3155/614/174 3154/615/174
f 4621/565/2157 4668/612/2182 4528/590/2158
f 3044/618/2183 4528/590/2158 4668/612/2182 4671/616/2184
f 169/123/154 30/619/154 2874/84/154
f 2043/603/549 4533/609/549 334/620/549
f 3143/601/549 4533/609/549 2043/603/549
f 2068/621/557 1899/620/557 4534/609/557 4681/622/557
f 3054/623/154 3148/623/2185 4682/623/2186 4535/623/154
f 3148/623/2185 3147/623/2187 4684/623/2187 4682/623/2186
f 3147/605/2187 3146/604/2188 4683/625/2188 4684/624/2187
f 3146/604/2188 2874/84/154 30/619/154 4683/625/2188
f 31/626/2189 3162/629/2190 3159/628/2191 1525/627/2192
f 3160/630/2193 3159/628/2191 3162/629/2190 3163/631/2194
f 3161/632/2195 3160/630/2193 3163/631/2194 3164/633/2196
f 1526/634/2197 4685/635/2198 3162/629/2190 31/626/2189
f 3163/631/2194 3162/629/2190 4685/635/2198 4686/636/2199
f 3164/633/2196 3163/631/2194 4686/636/2199 4687/637/2200
f 4687/637/2200 3305/639/2201 4691/638/2202 3164/633/2196
f 3167/637/2203 3166/636/2204 4693/641/2205 4694/640/2206
f 3166/636/2204 3165/635/2207 4692/642/2208 4693/641/2205
f 2079/643/582 4692/642/2208 3165/635/2207 32/634/582
f 4704/644/2209 4702/639/2209 3167/637/2203 4694/640/2206
f 3168/642/2210 4699/646/2210 4700/645/2211 3169/641/2211
f 3169/641/2211 4700/645/2211 4701/647/2212 3170/640/2212
f 33/643/2213 2087/648/2213 4699/646/2210 3168/642/2210
f 2839/649/2214 4711/652/2214 4712/651/2215 2840/650/2215
f 2838/653/2216 4707/654/2217 4711/652/2214 2839/649/2214
f 2840/650/2215 4712/651/2215 4715/656/2218 2841/655/2218
f 4253/657/2219 4708/660/2219 4706/659/2220 2837/658/2221
f 2842/661/2222 4713/664/2222 4714/663/2223 2843/662/2223
f 2841/655/2218 4715/656/2218 4713/664/2222 2842/661/2222
f 2837/658/2221 4706/659/2220 4707/654/2217 2838/653/2216
f 2843/662/2223 4714/663/2223 3114/545/2130 2844/546/2130
f 4723/665/2224 4722/668/2225 3175/667/2226 4709/666/2224
f 3175/667/2226 4722/668/2225 4721/670/2227 3176/669/2228
f 3176/669/2228 4721/670/2227 4720/672/2229 3177/671/2230
f 3177/671/2230 4720/672/2229 4719/674/2231 3178/673/2232
f 3178/673/2232 4719/674/2231 4718/676/2233 3179/675/2234
f 3179/675/2234 4718/676/2233 4717/678/2235 3180/677/2236
f 3180/677/2236 4717/678/2235 4716/680/2237 3181/679/2238
f 3181/679/2238 4716/680/2237 3106/531/2128 4610/542/2127
f 4605/531/174 3182/680/174 3105/527/174
f 3045/681/2239 3044/618/2183 4671/616/2184 4725/682/2240
f 3045/681/2239 4725/682/2240 4726/684/2241 3046/683/2242
f 3046/683/2242 4726/684/2241 3192/686/2243 3047/685/2244
f 3232/687/174 4728/689/174 4727/686/174 3230/688/174
f 3048/690/2245 3047/685/2244 3192/686/2243 3196/689/2246
f 3049/691/2247 3048/690/2245 3196/689/2246 4729/692/2248
f 3051/693/2249 3049/691/2247 4729/692/2248 4730/694/2250
f 3052/695/2251 3051/693/2249 4730/694/2250 4731/696/2252
f 3050/697/2253 3052/695/2251 4731/696/2252 3200/698/2254
f 3233/699/174 3198/694/174 3197/692/174 3232/687/174
f 3186/672/174 3187/670/174 3229/700/174 3233/699/174
f 2836/701/2255 4735/704/2256 4734/703/2257 2824/702/2258
f 2824/702/2258 4734/703/2257 4733/706/2259 2831/705/2260
f 2831/705/2260 4733/706/2259 4710/660/2261 2834/657/2261
f 3174/666/2262 3201/708/2263 4736/707/2264 4724/665/2262
f 3195/709/2265 4737/710/2266 4736/707/2264 3201/708/2263
f 3203/711/2267 4738/712/2268 4737/710/2266 3195/709/2265
f 4741/713/2269 3206/716/2270 4742/715/2271 4743/714/2272
f 2833/717/2273 3209/720/2274 3208/719/2275 2832/718/2276
f 3202/710/2277 3204/712/2277 4739/721/2277 4740/716/2277
f 3194/707/2277 3202/710/2277 4740/716/2277 3207/713/2278
f 3194/707/2277 3207/713/2278 3189/665/2279
f 2833/717/2273 4745/723/2280 3212/722/2281 3209/720/2274
f 4743/714/2272 4744/725/2282 4746/724/2283 4741/713/2269
f 4243/4/1709 2828/45/2284 3210/726/2285 4250/3/1710
f 4745/723/2280 4748/728/2286 3215/727/2287 3212/722/2281
f 4744/725/2282 4747/730/2288 4749/729/2289 4746/724/2283
f 2828/45/2284 2829/55/2290 3213/731/2291 3210/726/2285
f 2829/55/2290 4751/733/2292 3217/732/2293 3213/731/2291
f 4748/728/2286 4750/735/2294 3219/734/2295 3215/727/2287
f 4747/730/2288 4752/737/2296 4753/736/2297 4749/729/2289
f 4751/733/2292 4529/739/2298 3221/738/2299 3217/732/2293
f 4750/735/2294 4754/741/2300 3223/740/2301 3219/734/2295
f 4752/737/2296 4755/743/2302 3222/742/2302 4753/736/2297
f 4514/415/2029 3221/738/2299 4529/739/2298 3026/391/2026
f 4525/744/2039 4756/746/2303 3040/745/2040
f 4489/390/2005 4506/391/2004 3220/739/2304 3216/733/2305
f 2850/40/2306 2871/119/2306 2898/116/2306 3018/390/2306
f 4245/729/1778 4275/748/1752 4489/747/2005 3216/736/2305
f 3188/668/174 3189/665/2279 3224/750/2307 3227/749/174
f 3040/745/2040 4756/746/2303 4754/741/2300
f 3218/736/2308 3226/752/2309 3225/751/2310 3214/729/2311
f 3214/729/2311 3225/751/2310 3224/750/2307 3211/724/2312
f 3189/665/2279 3207/713/2278 3211/724/2312 3224/750/2307
f 3225/751/2310 3226/752/2309 3228/753/174 3229/700/174
f 3228/753/174 3226/752/2309 4732/698/2313 3199/696/174
f 3186/672/174 3233/699/174 3232/687/174 3185/674/174
f 3227/749/174 3224/750/2307 3225/751/2310 3229/700/174
f 3233/699/174 3229/700/174 3198/694/174
f 3229/700/174 3228/753/174 3199/696/174 3198/694/174
f 3187/670/174 3188/668/174 3227/749/174 3229/700/174
f 4728/689/174 3232/687/174 3197/692/174
f 3185/674/174 3232/687/174 3230/688/174 3184/676/174
f 4757/754/557 4758/757/557 4760/756/557 4763/755/557
f 4768/758/165 4771/761/165 4765/760/165 4894/759/165
f 4786/762/557 4198/764/557 3240/763/557
f 4196/765/557 4198/764/557 4786/762/557 4787/766/557
f 4787/766/557 4788/767/557 4196/765/557
f 4789/768/557 4196/765/557 4788/767/557
f 4784/769/2314 3299/772/2315 4689/771/2316 4698/770/2316
f 4796/773/557 4802/776/557 4800/775/557 4798/774/557
f 4799/774/693 3250/764/693 3249/765/693 4797/773/693
f 4801/775/692 4792/777/692 4199/764/692 3246/774/692
f 4803/776/691 4794/778/691 4793/777/691 3247/775/691
f 2798/773/694 4197/765/694 4795/778/694 3248/776/694
f 2163/623/174 4774/623/174 471/623/174
f 3171/623/174 471/623/174 4774/623/174 4775/623/174
f 3172/623/174 3171/623/174 4775/623/174 4776/623/174
f 4776/623/174 4777/623/174 3172/623/174
f 3173/779/174 3172/782/174 4777/781/174 4778/780/174
f 34/783/2317 584/786/2318 3264/785/2319 3234/784/2320
f 3265/787/2321 3264/785/2319 584/786/2318 585/788/2322
f 3266/789/2323 3265/787/2321 585/788/2322 586/790/2324
f 3259/791/2325 3266/789/2323 586/790/2324
f 3259/791/2325 3258/792/2326 3266/789/2323
f 586/790/2324 1527/793/2327 3259/791/2325
f 3258/792/2326 4809/795/2328 3263/794/2329 3266/789/2323
f 3263/794/2329 3262/796/2330 3265/787/2321 3266/789/2323
f 3262/796/2330 3261/797/2331 3264/785/2319 3265/787/2321
f 3234/784/2320 3264/785/2319 3261/797/2331 3235/798/2332
f 4808/799/2333 3269/800/2334 3263/794/2329 4809/795/2328
f 3263/794/2329 3269/800/2334 3268/801/2335 3262/796/2330
f 3262/796/2330 3268/801/2335 3267/802/2336 3261/797/2331
f 3236/803/2337 3235/798/2332 3261/797/2331 3267/802/2336
f 3237/804/2338 3236/803/2337 3267/802/2336 3270/805/2339
f 3268/801/2335 3271/806/2340 3270/805/2339 3267/802/2336
f 3269/800/2334 3272/807/2341 3271/806/2340 3268/801/2335
f 4807/808/2342 3272/807/2341 3269/800/2334 4808/799/2333
f 4806/809/2343 3275/810/2344 3272/807/2341 4807/808/2342
f 3272/807/2341 3275/810/2344 3274/811/2345 3271/806/2340
f 3271/806/2340 3274/811/2345 3273/812/2346 3270/805/2339
f 3238/813/2347 3237/804/2338 3270/805/2339 3273/812/2346
f 4779/814/2348 3238/813/2347 3273/812/2346 3279/815/2349
f 3274/811/2345 3280/816/2350 3279/815/2349 3273/812/2346
f 3275/810/2344 3281/817/2351 3280/816/2350 3274/811/2345
f 4805/818/2352 3281/817/2351 3275/810/2344 4806/809/2343
f 4804/819/2353 3278/820/2354 3281/817/2351 4805/818/2352
f 3278/820/2354 3277/821/2355 3280/816/2350 3281/817/2351
f 3277/821/2355 3276/822/2356 3279/815/2349 3280/816/2350
f 4779/814/2348 3279/815/2349 3276/822/2356 4780/823/2357
f 4780/823/2357 3276/822/2356 3242/825/2358 4781/824/2359
f 3243/826/2360 3242/825/2358 3276/822/2356 3277/821/2355
f 3244/827/2361 3243/826/2360 3277/821/2355 3278/820/2354
f 4790/828/2362 3244/827/2361 3278/820/2354 4804/819/2353
f 2203/829/741 4812/830/2363 4811/791/2364 35/793/741
f 4812/830/2363 4810/792/2365 4811/791/2364
f 4810/792/2365 4812/830/2363 3257/795/2366
f 3256/799/2367 3257/795/2366 4812/830/2363 4814/831/2368
f 3255/808/2369 3256/799/2367 4814/831/2368 4815/832/2370
f 3291/833/2371 3245/828/2372 3253/819/2373 3284/834/2374
f 3254/809/2375 4831/835/2376 3260/818/2377
f 3260/818/2377 4831/835/2376 3284/834/2374 3253/819/2373
f 4830/836/2378 2226/839/759 2210/838/759 4817/837/2379
f 4830/836/2378 4817/837/2379 4816/834/2380 4826/840/2381
f 4791/841/557 2182/844/557 2232/843/557 4835/842/557
f 3291/833/2371 3284/834/2374 3285/837/2382
f 4829/845/2383 4826/840/2381 4816/834/2380 3286/835/2384
f 4824/846/2385 4829/845/2383 3286/835/2384 3283/832/2386
f 3254/809/2375 3255/808/2369 4815/832/2370 4831/835/2376
f 4825/846/2387 4819/848/2387 4833/847/2387 3294/845/2387
f 2211/849/768 606/850/768 3292/847/768 4818/848/768
f 4820/848/2388 3293/846/2388 4832/852/2389 4834/851/2390
f 3283/832/2386 2797/831/2391 3296/852/2392 4824/846/2385
f 4823/853/2393 4834/851/2390 4832/852/2389
f 4813/830/2394 4822/853/2394 3296/852/2392 2797/831/2391
f 2215/854/776 4821/853/776 3282/830/776 36/829/776
f 595/855/777 3295/851/777 3288/853/777 37/854/777
f 38/849/777 3287/848/777 3295/851/777 595/855/777
f 2231/856/154 598/839/154 3290/836/154 4828/840/154
f 606/850/768 605/856/768 4827/840/768 3292/847/768
f 3289/840/2387 3294/845/2387 4833/847/2387
f 4789/768/557 4791/841/557 3252/778/557 4196/765/557
f 591/838/778 547/857/778 3291/833/2371 3285/837/2382
f 4697/858/174 4695/859/174 3173/779/174 4778/780/174
f 3170/640/2212 4701/647/2212 4696/770/800 4705/644/800
f 4690/860/779 4703/863/779 3302/862/779 4688/861/779
f 3304/864/779 3302/862/779 4703/863/779 3303/865/779
f 3161/632/2195 3164/633/2196 4691/638/2202 3158/866/2395
f 3157/867/2396 3158/866/2395 4691/638/2202
f 4837/868/174 617/871/174 43/870/174 4680/869/174
f 4680/869/174 3301/873/174 3300/872/174 4837/868/174
f 4842/874/782 4838/877/784 618/876/783 2242/875/782
f 4837/868/174 4843/874/174 621/875/174 617/871/174
f 4784/769/2314 4839/879/2397 3308/878/2397 3299/772/2315
f 3241/880/174 4697/858/174 4778/780/174
f 3239/881/174 4783/882/174 4697/858/174 3241/880/174
f 4782/883/174 4783/882/174 3239/881/174
f 4791/841/557 4835/842/557 3252/778/557
f 4785/884/557 3240/763/557 4198/764/557 3251/777/557
f 3251/777/557 4835/842/557 2791/885/557
f 3251/777/557 3252/778/557 4835/842/557
f 4841/886/786 2243/887/786 618/876/783 4838/877/784
f 631/888/154 2799/891/154 4836/890/154 41/889/154
f 4848/892/2398 4847/895/2399 4203/894/2399 4840/893/2400
f 2799/891/154 4844/897/154 4846/896/154
f 4850/898/557 627/901/557 2254/900/557 4852/899/557
f 4845/902/2401 4849/898/2401 4851/899/2401 4201/903/2401
f 622/904/154 2251/906/154 3312/905/154 4844/897/154
f 4202/907/557 3309/908/557 3311/902/557 4200/903/557
f 4840/893/2400 3307/879/2402 3298/769/2402 4853/909/2403
f 4848/892/2398 4840/893/2400 4853/909/2403 3297/910/2404
f 3251/777/557 2791/885/557 4785/884/557
f 4844/897/154 2799/891/154 631/888/154 622/904/154
f 3310/911/174 3313/912/174 3306/886/174
f 632/913/174 3313/912/174 3314/915/174 630/914/174
f 2/887/174 3306/886/174 3313/912/174 632/913/174
f 2258/916/165 634/917/165 3315/447/165 4854/356/165
f 4856/355/165 3316/448/165 636/919/165 2261/918/165
f 4854/356/165 3315/447/165 3316/448/165 4856/355/165
f 2277/920/794 646/923/794 4872/922/794 4867/921/794
f 2955/924/154 4858/926/154 2265/925/154 235/235/154
f 287/918/174 2269/918/174 4861/355/174 3007/355/174
f 2273/927/795 638/916/795 4860/356/795 4864/928/795
f 4869/921/796 4863/355/796 640/918/796 644/920/796
f 4865/928/2405 3319/356/2405 3320/355/2405 4868/921/2405
f 4870/929/165 4873/922/165 2283/923/165 2280/930/165
f 3318/921/2406 3322/922/2406 4871/929/2406 4866/928/2406
f 3317/928/799 3321/929/799 645/930/799 642/927/799
f 3152/616/174 4664/610/174 4767/932/174 4759/931/174
f 3324/757/197 3323/757/197 4880/756/197 4761/756/197
f 4881/932/2407 4883/934/2407 4887/933/2407 4762/931/2407
f 4877/935/800 4898/935/800 4897/936/800 4874/936/800
f 4876/936/2408 4769/938/2408 4890/937/2408 4879/935/2408
f 4895/759/800 4892/939/800 3332/758/800 4893/759/800
f 3335/940/2409 3328/931/805 4888/933/2410
f 4888/933/2410 4878/935/2411 4891/937/2411 3335/940/2409
f 4896/759/557 4757/754/557 4763/755/557 3331/939/557
f 4764/760/2412 4773/761/2412 4882/756/2412 4766/757/2412
f 4772/941/808 4770/938/808 4875/936/808 4884/934/808
f 4889/933/557 3339/942/557 3337/935/557 3325/935/557
f 3326/936/165 3333/936/165 3338/943/165 4885/934/165
f 3329/934/2413 4899/943/2413 4900/942/2413 3330/933/2413
f 4664/610/174 3122/561/174 4767/932/174
f 4767/932/174 3122/561/174 3231/941/174
f 3122/561/174 3105/527/174 3231/941/174
f 3183/678/174 3231/941/174 3105/527/174 3182/680/174
f 3184/676/174 3334/938/174 3231/941/174 3183/678/174
f 3152/616/174 4759/931/174 3191/940/174 3190/682/174
f 3193/684/174 3190/682/174 3191/940/174 3336/937/174
f 3193/684/174 3336/937/174 4727/686/174
f 3230/688/174 3334/938/174 3184/676/174
f 3334/944/174 3230/944/174 3336/944/174
f 3230/688/174 4727/686/174 3336/937/174
f 3327/932/2414 3340/941/2414 4886/934/2414
f 3361/945/2415 3366/948/2416 3367/947/2417 3364/946/2418
f 3364/949/2418 3367/952/2417 3368/951/2419 3365/950/2420
f 3366/948/2416 3376/954/2421 3379/953/2422 3367/947/2417
f 3367/952/2417 3379/956/2422 3369/955/2423 3368/951/2419
f 3362/957/2424 3372/960/2425 3373/959/2426 3370/958/2427
f 3370/958/2427 3373/959/2426 3374/962/2428 3371/961/2429
f 3372/960/2425 3365/950/2420 3368/951/2419 3373/959/2426
f 3373/959/2426 3368/951/2419 3369/955/2423 3374/962/2428
f 3363/963/2430 3377/966/2431 3378/965/2432 3375/964/2433
f 3375/964/2433 3378/965/2432 3379/953/2422 3376/954/2421
f 3377/967/2431 3371/961/2429 3374/962/2428 3378/968/2432
f 3378/968/2432 3374/962/2428 3369/955/2423 3379/956/2422
f 3380/969/2434 3385/972/2435 3386/971/2436 3383/970/2437
f 3383/970/2437 3386/971/2436 3387/974/2438 3384/973/2439
f 3385/972/2435 3395/976/2440 3398/975/2441 3386/971/2436
f 3386/971/2436 3398/975/2441 3388/977/2442 3387/974/2438
f 3381/978/2443 3391/981/2444 3392/980/2445 3389/979/2446
f 3389/979/2446 3392/980/2445 3393/983/2447 3390/982/2448
f 3391/981/2444 3384/973/2439 3387/974/2438 3392/980/2445
f 3392/980/2445 3387/974/2438 3388/977/2442 3393/983/2447
f 3382/984/2449 3396/987/2450 3397/986/2451 3394/985/2452
f 3394/985/2452 3397/986/2451 3398/975/2441 3395/976/2440
f 3396/987/2450 3390/982/2448 3393/983/2447 3397/986/2451
f 3397/986/2451 3393/983/2447 3388/977/2442 3398/975/2441
f 3399/988/2453 3404/991/2454 3405/990/2455 3402/989/2456
f 3402/989/2456 3405/990/2455 3406/993/2457 3403/992/2458
f 3404/994/2454 3414/997/2459 3417/996/2460 3405/995/2455
f 3405/995/2455 3417/996/2460 3407/999/2461 3406/998/2457
f 3400/1000/2462 3410/1003/2463 3411/1002/2464 3408/1001/2465
f 3408/1001/2465 3411/1002/2464 3412/1005/2466 3409/1004/2467
f 3410/1006/2463 3403/992/2458 3406/993/2457 3411/1007/2464
f 3411/1002/2464 3406/998/2457 3407/999/2461 3412/1005/2466
f 3401/1008/2468 3415/1011/2469 3416/1010/2470 3413/1009/2471
f 3413/1009/2471 3416/1010/2470 3417/996/2460 3414/997/2459
f 3415/1011/2469 3409/1004/2467 3412/1005/2466 3416/1010/2470
f 3416/1010/2470 3412/1005/2466 3407/999/2461 3417/996/2460
f 3418/1012/2472 3423/1015/2473 3424/1014/2474 3421/1013/2475
f 3421/1013/2475 3424/1014/2474 3425/1017/2476 3422/1016/2477
f 3423/1015/2473 3433/1019/2478 3436/1018/2479 3424/1014/2474
f 3424/1014/2474 3436/1018/2479 3426/1020/2480 3425/1017/2476
f 3419/1021/2481 3429/1024/2482 3430/1023/2483 3427/1022/2484
f 3427/1022/2484 3430/1023/2483 3431/1026/2485 3428/1025/2486
f 3429/1024/2482 3422/1016/2477 3425/1017/2476 3430/1023/2483
f 3430/1023/2483 3425/1017/2476 3426/1020/2480 3431/1026/2485
f 3420/1027/2487 3434/1030/2488 3435/1029/2489 3432/1028/2490
f 3432/1028/2490 3435/1029/2489 3436/1018/2479 3433/1019/2478
f 3434/1030/2488 3428/1025/2486 3431/1026/2485 3435/1029/2489
f 3435/1029/2489 3431/1026/2485 3426/1020/2480 3436/1018/2479
f 3466/1031/2491 3467/1034/2492 4902/1033/2493 4901/1032/2494
f 3467/1034/2492 3469/1036/2495 4903/1035/2496 4902/1033/2493
f 3469/1036/2495 3471/1038/2497 4904/1037/2498 4903/1035/2496
f 3471/1038/2497 3473/1040/2499 4905/1039/2500 4904/1037/2498
f 3356/1041/2501 3358/1042/2502 3423/1015/2473 3418/1012/2472
f 3358/1042/2502 3359/1043/2503 3433/1019/2478 3423/1015/2473
f 3359/1043/2503 3360/1044/2504 3432/1028/2490 3433/1019/2478
f 3360/1044/2504 3357/1045/2505 3420/1027/2487 3432/1028/2490
f 3438/1046/2506 3439/1047/2507 3415/1011/2469 3401/1008/2468
f 3439/1047/2507 3440/1048/2508 3409/1004/2467 3415/1011/2469
f 3440/1048/2508 3441/1049/2509 3408/1001/2465 3409/1004/2467
f 3441/1049/2509 3442/1050/2510 3400/1000/2462 3408/1001/2465
f 3361/945/2415 3364/946/2418 3404/991/2454 3399/988/2453
f 3364/949/2418 3365/950/2420 3414/997/2459 3404/994/2454
f 3365/950/2420 3372/960/2425 3413/1009/2471 3414/997/2459
f 3372/960/2425 3362/957/2424 3401/1008/2468 3413/1009/2471
f 3418/1012/2472 3421/1013/2475 3385/972/2435 3380/969/2434
f 3421/1013/2475 3422/1016/2477 3395/976/2440 3385/972/2435
f 3422/1016/2477 3429/1024/2482 3394/985/2452 3395/976/2440
f 3429/1024/2482 3419/1021/2481 3382/984/2449 3394/985/2452
f 3443/1051/2511 3444/1053/2512 3377/967/2431 3363/1052/2430
f 3444/1053/2512 3445/1054/2513 3371/961/2429 3377/967/2431
f 3445/1054/2513 3446/1055/2514 3370/958/2427 3371/961/2429
f 3446/1055/2514 3447/1056/2515 3362/957/2424 3370/958/2427
f 3476/1057/2516 3477/1058/2517 3366/948/2416 3361/945/2415
f 3477/1058/2517 3479/1059/2518 3376/954/2421 3366/948/2416
f 3479/1059/2518 3481/1060/2519 3375/964/2433 3376/954/2421
f 3481/1060/2519 3483/1061/2520 3363/963/2430 3375/964/2433
f 3380/969/2434 3383/970/2437 3350/1063/2521 3347/1062/2522
f 3383/970/2437 3384/973/2439 3349/1064/2523 3350/1063/2521
f 3384/973/2439 3391/981/2444 3348/1065/2524 3349/1064/2523
f 3391/981/2444 3381/978/2443 3346/1066/2525 3348/1065/2524
f 3465/1067/2526 3476/1057/2516 3361/945/2415 3399/988/2453
f 3443/1068/2511 4914/1071/2527 3346/1070/2525 3381/1069/2443
f 3418/1012/2472 3380/969/2434 3347/1062/2522 3356/1041/2501
f 3449/1072/2528 3442/1075/2510 3420/1074/2487 3357/1073/2505
f 3438/1046/2506 3447/1056/2515 3382/1077/2449 3419/1076/2481
f 3354/1078/557 3437/1080/557 3355/1079/557
f 3355/1079/557 3437/1080/557 3352/1081/557
f 3352/1081/557 3437/1080/557 4907/1082/557
f 4907/1082/557 3437/1080/557 4906/1083/557
f 4906/1083/557 3437/1080/557 4908/1084/557
f 4908/1084/557 3437/1080/557 4909/1085/557
f 4909/1085/557 3437/1080/557 4910/1086/557
f 3437/1080/557 3353/1088/557 3351/1087/557
f 3353/1088/557 3437/1080/557 3354/1078/557
f 4912/1089/2529 4916/1092/2530 3463/1091/2531 3450/1090/2529
f 3347/1062/2522 3456/1094/2532 3452/1093/2533 3356/1041/2501
f 3349/1064/2523 3458/1096/2534 3457/1095/2535 3350/1063/2521
f 3450/1090/2529 3463/1091/2531 4913/1098/2536 4915/1097/2529
f 4914/1071/2527 3461/1100/2537 3460/1099/2538 3346/1070/2525
f 3358/1042/2502 3451/1102/2539 3453/1101/2540 3359/1043/2503
f 3350/1063/2521 3457/1095/2535 3456/1094/2532 3347/1062/2522
f 3357/1073/2505 3455/1104/2541 3464/1103/2542 3449/1072/2528
f 3346/1066/2525 3460/1106/2538 3459/1105/2543 3348/1065/2524
f 4911/1107/557 4917/1108/557 3437/1080/557 3351/1087/557
f 3448/1109/557 4910/1086/557 3437/1080/557 4917/1108/557
f 3356/1041/2501 3452/1093/2533 3451/1102/2539 3358/1042/2502
f 3360/1044/2504 3454/1111/2544 3455/1110/2541 3357/1045/2505
f 3401/1008/2468 3362/957/2424 3447/1056/2515 3438/1046/2506
f 4905/1112/2500 3473/1113/2499 3449/1072/2528
f 3363/1114/2430 3483/1115/2520 3443/1068/2511
f 3396/1116/2450 3382/1077/2449 3447/1056/2515 3446/1055/2514
f 3390/1117/2448 3396/1116/2450 3446/1055/2514 3445/1054/2513
f 3389/1118/2446 3390/1117/2448 3445/1054/2513 3444/1053/2512
f 3381/1119/2443 3389/1118/2446 3444/1053/2512 3443/1051/2511
f 3434/1120/2488 3420/1121/2487 3442/1050/2510 3441/1049/2509
f 3428/1122/2486 3434/1120/2488 3441/1049/2509 3440/1048/2508
f 3427/1123/2484 3428/1122/2486 3440/1048/2508 3439/1047/2507
f 3419/1076/2481 3427/1123/2484 3439/1047/2507 3438/1046/2506
f 3451/1102/2539 3485/1125/2545 3487/1124/2546 3453/1101/2540
f 3461/1100/2537 4918/1127/2547 3494/1126/2548 3460/1099/2538
f 4916/1092/2530 4919/1129/2549 3496/1128/2550 3463/1091/2531
f 3452/1093/2533 3486/1130/2551 3485/1125/2545 3451/1102/2539
f 3460/1106/2538 3494/1132/2548 3493/1131/2552 3459/1105/2543
f 3463/1091/2531 3496/1128/2550 3495/1133/2553 4913/1098/2536
f 3459/1105/2543 3493/1131/2552 3492/1134/2554 3458/1096/2534
f 3455/1104/2541 3489/1136/2555 3497/1135/2556 3464/1103/2542
f 3458/1096/2534 3492/1134/2554 3491/1137/2557 3457/1095/2535
f 3457/1095/2535 3491/1137/2557 3490/1138/2558 3456/1094/2532
f 3454/1111/2544 3488/1140/2559 3489/1139/2555 3455/1110/2541
f 3359/1043/2503 3453/1101/2540 3454/1111/2544 3360/1044/2504
f 3348/1065/2524 3459/1105/2543 3458/1096/2534 3349/1064/2523
f 3484/1141/2560 3342/1142/2561 4914/1097/2527
f 3443/1068/2511 3483/1115/2520 3484/1143/2560 4914/1071/2527
f 3474/1144/2562 3400/1145/2462 3442/1075/2510
f 3449/1072/2528 3473/1113/2499 3474/1144/2562 3442/1075/2510
f 4901/1032/2494 3341/1147/2563 3475/1146/2564 3466/1031/2491
f 3466/1031/2491 3475/1146/2564 3476/1057/2516 3465/1067/2526
f 3345/1148/2565 3342/1142/2561 3484/1141/2560 3482/1149/2566
f 3482/1149/2566 3484/1141/2560 3483/1061/2520 3481/1060/2519
f 3344/1150/2567 3345/1148/2565 3482/1149/2566 3480/1151/2568
f 3480/1151/2568 3482/1149/2566 3481/1060/2519 3479/1059/2518
f 3343/1152/2569 3344/1150/2567 3480/1151/2568 3478/1153/2570
f 3478/1153/2570 3480/1151/2568 3479/1059/2518 3477/1058/2517
f 3341/1147/2563 3343/1152/2569 3478/1153/2570 3475/1146/2564
f 3475/1146/2564 3478/1153/2570 3477/1058/2517 3476/1057/2516
f 3410/1154/2463 3400/1145/2462 3474/1144/2562 3472/1155/2571
f 3472/1155/2571 3474/1144/2562 3473/1113/2499 3471/1156/2497
f 3403/992/2458 3410/1006/2463 3472/1158/2571 3470/1157/2572
f 3470/1157/2572 3472/1158/2571 3471/1038/2497 3469/1036/2495
f 3402/989/2456 3403/992/2458 3470/1157/2572 3468/1159/2573
f 3468/1159/2573 3470/1157/2572 3469/1036/2495 3467/1034/2492
f 3399/988/2453 3402/989/2456 3468/1159/2573 3465/1067/2526
f 3465/1067/2526 3468/1159/2573 3467/1034/2492 3466/1031/2491
f 3490/1138/2558 4929/1161/2574 4924/1160/2575 3486/1130/2551
f 3487/1124/2546 4925/1163/2576 4926/1162/2577 3488/1140/2559
f 3492/1134/2554 4931/1165/2578 4930/1164/2579 3491/1137/2557
f 3485/1125/2545 4923/1166/2580 4925/1163/2576 3487/1124/2546
f 3491/1137/2557 4930/1164/2579 4929/1161/2574 3490/1138/2558
f 3486/1130/2551 4924/1160/2575 4923/1166/2580 3485/1125/2545
f 3489/1136/2555 4921/1168/2581 4940/1167/2582 3497/1135/2556
f 3489/1139/2555 3488/1140/2559 4921/1169/2581
f 4932/1170/2583 3493/1131/2552 4936/1172/2584 4933/1171/2585
f 3456/1094/2532 3490/1138/2558 3486/1130/2551 3452/1093/2533
f 3453/1101/2540 3487/1124/2546 3488/1140/2559 3454/1111/2544
f 3507/1173/557 3504/1175/557 3505/1174/557
f 3498/1176/557 3507/1173/557 3462/1177/557
f 3462/1177/557 3507/1173/557 3499/1178/557
f 3499/1178/557 3507/1173/557 3500/1179/557
f 3500/1179/557 3507/1173/557 4927/1180/557
f 3507/1173/557 3505/1174/557 4934/1181/557
f 3502/1182/557 3507/1173/557 3498/1176/557
f 3504/1175/557 3507/1173/557 3503/1183/557
f 3503/1183/557 3507/1173/557 3502/1182/557
f 3493/1131/2552 4932/1170/2583 4931/1165/2578 3492/1134/2554
f 3494/1132/2548 4936/1172/2584 3493/1131/2552
f 3488/1140/2559 4926/1162/2577 4928/1184/2586 4921/1169/2581
f 4920/1185/2587 4942/1188/2587 4941/1187/2587 4922/1186/2587
f 4919/1129/2549 3509/1187/2588 3510/1188/2589 3496/1128/2550
f 4918/1127/2547 4938/1190/2590 4936/1189/2584 3494/1126/2548
f 3496/1128/2550 3510/1188/2589 4939/1191/2591 3495/1133/2553
f 4920/1185/2587 4937/1192/2587 3511/1191/2587 4942/1188/2587
f 4935/1193/2592 3506/1194/2593 3512/1192/2593 3508/1185/2592
f 3513/1186/2592 3501/1195/2592 4935/1193/2592 3508/1185/2592
f 4996/1196/2594 4947/1199/2595 4946/1198/2596 3572/1197/2597
f 4944/1200/2598 3572/1197/2597 4945/1201/2599
f 4945/1201/2599 3572/1197/2597 4946/1198/2596
f 5001/1202/2600 4952/1205/2601 4951/1204/2602 3521/1203/2603
f 3522/1206/2604 3521/1203/2603 4950/1207/2605
f 4950/1207/2605 3521/1203/2603 4951/1204/2602
f 3533/1208/2606 4959/1211/2607 4958/1210/2608 5010/1209/2609
f 4991/1212/2610 4957/1215/2611 4956/1214/2612 3527/1213/2613
f 4954/1216/2614 3527/1213/2613 4955/1217/2615
f 4955/1217/2615 3527/1213/2613 4956/1214/2612
f 3572/1197/2597 4944/1200/2598 4943/1219/2616 5000/1218/2617
f 5006/1220/2618 4962/1222/2619 4961/1221/2620 3533/1208/2606
f 4959/1211/2607 3533/1208/2606 4960/1223/2621
f 4960/1223/2621 3533/1208/2606 4961/1221/2620
f 3527/1213/2613 4954/1216/2614 4953/1225/2622 4995/1224/2623
f 4973/1226/2624 3549/1228/2625 4988/1227/2626
f 4985/1229/2627 4984/1231/2628 3560/1230/2629
f 3531/1210/2630 3534/1211/2631 3564/1229/2631 4986/1232/2630
f 3534/1211/2631 3535/1223/2632 4983/1231/2632 3564/1229/2631
f 3535/1223/2632 3536/1221/2633 4982/1233/2633 4983/1231/2632
f 3536/1221/2633 3532/1222/2634 3558/1234/2634 4982/1233/2633
f 3551/1235/2635 4976/1236/2636 3530/1214/2636 3526/1215/2635
f 4976/1236/2636 4977/1237/2637 3529/1217/2637 3530/1214/2636
f 4977/1237/2637 4979/1238/2638 3528/1216/2638 3529/1217/2637
f 4979/1238/2638 4980/1239/2639 3525/1225/2639 3528/1216/2638
f 3514/1219/2640 3516/1200/2641 4967/1241/2641 4968/1240/2640
f 3516/1200/2641 3517/1201/2642 4965/1242/2642 4967/1241/2641
f 3517/1201/2642 3518/1198/2643 4964/1243/2643 4965/1242/2642
f 3518/1198/2643 3515/1199/2644 3537/1244/2644 4964/1243/2643
f 3544/1245/2645 3548/1246/2646 3524/1204/2646 3520/1205/2645
f 3548/1246/2646 4972/1247/2647 3523/1207/2647 3524/1204/2646
f 4972/1247/2647 3550/1248/2648 4949/1206/2648 3523/1207/2647
f 3550/1248/2648 4974/1250/2649 4948/1249/2649 4949/1206/2648
f 3514/1219/2640 4968/1240/2640 3551/1235/2635 3526/1215/2635
f 4948/1249/2649 4974/1250/2649 3537/1244/2644 3515/1199/2644
f 3531/1210/2630 4986/1232/2630 3544/1245/2645 3520/1205/2645
f 3525/1225/2639 4980/1239/2639 3558/1234/2634 3532/1222/2634
f 2825/5/2650 3554/1252/2651 3539/1251/2652 2835/7/1723
f 2835/7/1723 3539/1251/2652 3540/1253/2653 4256/13/1724
f 4987/1254/2654 4963/1256/2655 3545/1255/2656 4988/1227/2626
f 3203/711/2267 3546/1258/2657 3547/1257/2658 4738/712/2268
f 3547/1257/2658 4969/1261/2659 3559/1260/2660 3560/1259/2629
f 3552/1239/2661 4989/1263/2662 4990/1262/2663 4981/1234/2664
f 2825/5/2650 3553/1264/2665 3554/1252/2651
f 3561/1262/2666 3205/1265/2667 3560/1230/2629
f 4991/1212/2610 3527/1213/2613 4992/1266/2668
f 4992/1266/2668 3527/1213/2613 4993/1267/2669
f 4993/1267/2669 3527/1213/2613 4994/1268/2670
f 4994/1268/2670 3527/1213/2613 4995/1224/2623
f 4996/1196/2594 3572/1197/2597 4997/1269/2671
f 4997/1269/2671 3572/1197/2597 4998/1270/2672
f 4998/1270/2672 3572/1197/2597 4999/1271/2673
f 4999/1271/2673 3572/1197/2597 5000/1218/2617
f 5001/1202/2600 3521/1203/2603 5002/1272/2674
f 5002/1272/2674 3521/1203/2603 5003/1273/2675
f 5003/1273/2675 3521/1203/2603 5004/1274/2676
f 5004/1274/2676 3521/1203/2603 5005/1275/2677
f 5006/1276/2618 3533/1278/2606 5007/1277/2678
f 5007/1279/2678 3533/1208/2606 5008/1280/2679
f 5008/1280/2679 3533/1208/2606 5009/1281/2680
f 5009/1281/2680 3533/1208/2606 5010/1209/2609
f 3581/1220/2681 3583/1279/2682 3621/1283/2683 3619/1282/2684
f 3583/1279/2682 3584/1280/2685 3622/1284/2686 3621/1283/2683
f 3584/1280/2685 3585/1281/2687 3623/1285/2688 3622/1284/2686
f 3585/1281/2687 3582/1209/2689 3620/1286/2690 3623/1285/2688
f 3615/1287/2691 3618/1288/2692 3580/1274/2693 3577/1275/2694
f 3618/1288/2692 3617/1289/2695 3579/1273/2696 3580/1274/2693
f 3617/1289/2695 3616/1290/2697 3578/1272/2698 3579/1273/2696
f 3616/1290/2697 3614/1291/2699 3576/1202/2700 3578/1272/2698
f 3570/1196/2701 3573/1269/2702 3611/1293/2703 3609/1292/2704
f 3573/1269/2702 3574/1270/2705 3612/1294/2706 3611/1293/2703
f 3574/1270/2705 3575/1271/2707 3613/1295/2708 3612/1294/2706
f 3575/1271/2707 3571/1218/2709 3610/1296/2710 3613/1295/2708
f 3605/1297/2711 3608/1298/2712 3569/1268/2713 3566/1224/2714
f 3608/1298/2712 3607/1299/2715 3568/1267/2716 3569/1268/2713
f 3607/1299/2715 3606/1300/2717 3567/1266/2718 3568/1267/2716
f 3606/1300/2717 3604/1301/2719 3565/1212/2720 3567/1266/2718
f 3609/1292/2704 3611/1293/2703 5012/1303/2721 5011/1302/2722
f 3611/1293/2703 3612/1294/2706 5013/1304/2723 5012/1303/2721
f 3612/1294/2706 3613/1295/2708 4246/1305/2724 5013/1304/2723
f 3613/1295/2708 3610/1296/2710 4247/1306/2725 4246/1305/2724
f 5015/1307/2726 5014/1308/2727 3608/1298/2712 3605/1297/2711
f 5014/1308/2727 5016/1309/2728 3607/1299/2715 3608/1298/2712
f 5016/1309/2728 5017/1310/2729 3606/1300/2717 3607/1299/2715
f 5017/1310/2729 4247/1306/2725 3604/1301/2719 3606/1300/2717
f 3614/1291/2699 3616/1290/2697 5019/1312/2730 5018/1311/2731
f 3616/1290/2697 3617/1289/2695 5020/1313/2732 5019/1312/2730
f 3617/1289/2695 3618/1288/2692 5021/1314/2733 5020/1313/2732
f 3618/1288/2692 3615/1287/2691 5022/1315/2734 5021/1314/2733
f 3619/1282/2684 3621/1283/2683 5024/1317/2735 5023/1316/2736
f 3621/1283/2683 3622/1284/2686 5025/1318/2737 5024/1317/2735
f 3622/1284/2686 3623/1285/2688 5026/1319/2738 5025/1318/2737
f 3623/1285/2688 3620/1286/2690 5018/1311/2731 5026/1319/2738
f 3565/1212/2720 3604/1301/2719 3610/1296/2710 3571/1218/2709
f 3581/1220/2681 3619/1282/2684 3605/1297/2711 3566/1224/2714
f 3570/1196/2701 3609/1292/2704 3615/1287/2691 3577/1275/2694
f 3576/1202/2700 3614/1291/2699 3620/1286/2690 3582/1209/2689
f 4247/1306/2725 3610/1296/2710 3604/1301/2719
f 3587/1306/165 3586/1307/165 3591/1302/165
f 5015/1307/2726 3605/1297/2711 3619/1282/2684 5023/1316/2736
f 5022/1315/2734 3615/1287/2691 3609/1292/2704 5011/1302/2722
f 5018/1311/2731 3620/1286/2690 3614/1291/2699
f 4978/1320/2739 4989/1322/2662 3557/1321/2740
f 3553/1264/2665 3556/1323/2741 3554/1252/2651
f 3554/1252/2651 3555/1325/2742 4975/1324/2743
f 3554/1252/2651 3556/1323/2741 3555/1325/2742
f 3557/1321/2740 4989/1322/2662 3552/1326/2661
f 4966/1327/2744 3539/1251/2652 3543/1328/2745
f 3539/1251/2652 4966/1327/2744 3540/1253/2653
f 4987/1254/2654 3541/1329/2746 4963/1256/2655
f 4987/1254/2654 3542/1330/2747 3541/1329/2746
f 3543/1328/2745 3539/1251/2652 3538/1331/2748
f 3547/1257/2658 4970/1332/2749 4969/1261/2659
f 3547/1333/2658 4971/1335/2750 4970/1334/2749
f 3545/1255/2656 4973/1226/2624 4988/1227/2626
f 3546/1258/2657 4971/1336/2750 3547/1257/2658
f 4990/1262/2663 3562/1233/2751 4981/1234/2664
f 4990/1262/2663 3563/1231/2752 3562/1233/2751
f 3559/1260/2660 4985/1337/2627 3560/1259/2629
f 3560/1230/2629 4984/1231/2628 3561/1262/2666
f 3590/1310/165 3588/1308/165 3587/1306/165
f 3587/1306/165 3594/1303/165 3592/1305/165
f 3592/1305/165 3594/1303/165 3593/1304/1150
f 3594/1303/165 3587/1306/165 3591/1302/165
f 3595/1315/165 3598/1313/165 3597/1314/165
f 3598/1313/165 3596/1311/165 3599/1312/1149
f 3596/1338/165 3602/1340/165 3601/1339/165
f 3602/1318/165 3600/1316/165 3603/1317/165
f 5006/1220/2618 4995/1224/2623 4953/1225/2622 4962/1222/2619
f 3586/1307/165 3587/1306/165 3588/1308/165
f 3588/1308/165 3590/1310/165 3589/1309/165
f 3595/1315/165 3596/1311/165 3598/1313/165
f 3600/1316/165 3602/1318/165 3596/1311/165
f 3595/1315/165 3600/1316/165 3596/1311/165
f 3600/1316/165 3595/1315/165 3591/1302/165 3586/1307/165
f 5001/1202/2600 5010/1209/2609 4958/1210/2608 4952/1205/2601
f 3521/1203/2603 3522/1206/2604 3519/1249/2753 5005/1275/2677
f 4996/1196/2594 5005/1275/2677 3519/1249/2753 4947/1199/2595
f 4991/1212/2610 5000/1218/2617 4943/1219/2616 4957/1215/2611
f 3538/1331/2748 3539/1251/2652 3554/1252/2651 4975/1324/2743
f 4735/704/2256 2836/701/2255 4987/1254/2654 4988/1227/2626
f 3205/721/2667 4738/712/2268 3547/1257/2658 3560/1259/2629
f 3208/719/2275 4990/1262/2663 4989/1263/2662 2832/718/2276
f 4742/719/2271 3206/1341/2270 3205/1265/2667 3561/1262/2666
f 4249/2/1711 3553/1264/2665 2825/5/2650 2826/1/1708
f 4732/698/2313 3226/752/2309 5027/1342/2754
f 3226/752/2309 3218/736/2308 5027/1342/2754
f 4756/746/2303 3223/740/2301 4754/741/2300
f 3050/697/2253 3200/698/2254 3624/1342/2755 3625/1343/2755
f 3626/1344/2756 3631/1347/2757 3632/1346/2758 3629/1345/2759
f 3629/1345/2759 3632/1346/2758 3633/1349/2760 3630/1348/2761
f 3631/1347/2757 3641/1351/2762 3644/1350/2763 3632/1346/2758
f 3632/1346/2758 3644/1350/2763 3634/1352/2764 3633/1349/2760
f 3627/1353/2765 3637/1356/2766 3638/1355/2767 3635/1354/2768
f 3635/1354/2768 3638/1355/2767 3639/1358/2769 3636/1357/2770
f 3637/1356/2766 3630/1348/2761 3633/1349/2760 3638/1355/2767
f 3638/1355/2767 3633/1349/2760 3634/1352/2764 3639/1358/2769
f 3628/1359/2771 3642/1362/2772 3643/1361/2773 3640/1360/2774
f 3640/1360/2774 3643/1361/2773 3644/1350/2763 3641/1351/2762
f 3642/1362/2772 3636/1357/2770 3639/1358/2769 3643/1361/2773
f 3643/1361/2773 3639/1358/2769 3634/1352/2764 3644/1350/2763
f 3645/1363/2775 3650/1366/2776 3651/1365/2777 3648/1364/2778
f 3648/1364/2778 3651/1365/2777 3652/1368/2779 3649/1367/2780
f 3650/1366/2776 3660/1370/2781 3663/1369/2782 3651/1365/2777
f 3651/1365/2777 3663/1369/2782 3653/1371/2783 3652/1368/2779
f 3646/1372/2784 3656/1375/2785 3657/1374/2786 3654/1373/2787
f 3654/1373/2787 3657/1374/2786 3658/1377/2788 3655/1376/2789
f 3656/1375/2785 3649/1367/2780 3652/1368/2779 3657/1374/2786
f 3657/1374/2786 3652/1368/2779 3653/1371/2783 3658/1377/2788
f 3647/1378/2790 3661/1381/2791 3662/1380/2792 3659/1379/2793
f 3659/1379/2793 3662/1380/2792 3663/1369/2782 3660/1370/2781
f 3661/1381/2791 3655/1376/2789 3658/1377/2788 3662/1380/2792
f 3662/1380/2792 3658/1377/2788 3653/1371/2783 3663/1369/2782
f 3694/1382/2794 3695/1383/2795 3650/1366/2776 3645/1363/2775
f 3695/1383/2795 3696/1384/2796 3660/1370/2781 3650/1366/2776
f 3696/1384/2796 3697/1385/2797 3659/1379/2793 3660/1370/2781
f 3697/1385/2797 3698/1386/2798 3647/1378/2790 3659/1379/2793
f 3645/1363/2775 3648/1364/2778 3631/1347/2757 3626/1344/2756
f 3648/1364/2778 3649/1367/2780 3641/1351/2762 3631/1347/2757
f 3649/1367/2780 3656/1375/2785 3640/1360/2774 3641/1351/2762
f 3656/1375/2785 3646/1372/2784 3628/1359/2771 3640/1360/2774
f 3699/1387/2799 3700/1390/2800 5031/1389/2801 5032/1388/2802
f 3700/1390/2800 3701/1392/2803 5030/1391/2804 5031/1389/2801
f 3701/1392/2803 3702/1394/2805 5029/1393/2806 5030/1391/2804
f 3702/1394/2805 3703/1396/2807 5028/1395/2808 5029/1393/2806
f 3694/1397/2794 3699/1400/2799 5032/1399/2802 5033/1398/2809
f 5043/1401/2810 5038/1404/2810 5040/1403/2811 5042/1402/2811
f 3628/1405/2771 5089/1408/2812 5088/1407/2813 3642/1406/2772
f 3647/1409/2790 5094/1412/2814 5093/1411/2815 3661/1410/2791
f 3703/1396/2807 5095/1414/197 5053/1413/197 5028/1395/2808
f 3636/1415/2770 5087/1418/2816 5086/1417/2811 3635/1416/2768
f 3655/1419/2789 5092/1422/2817 5091/1421/2818 3654/1420/2787
f 3646/1423/2784 5090/1424/2819 5089/1408/2812 3628/1405/2771
f 5047/1425/2820 5058/1428/2820 5057/1427/2821 5046/1426/2821
f 3635/1416/2768 5086/1417/2811 5085/1430/2822 3627/1429/2765
f 3642/1406/2772 5088/1407/2813 5087/1418/2816 3636/1415/2770
f 3698/1386/2798 5106/1386/800 5094/1378/2814 3647/1378/2790
f 3654/1420/2787 5091/1421/2818 5090/1424/2819 3646/1423/2784
f 3661/1410/2791 5093/1411/2815 5092/1422/2817 3655/1419/2789
f 5078/1431/800 5080/1431/800 5061/1432/2814 5050/1432/2814
f 5048/1433/2823 5059/1434/2823 5058/1428/2820 5047/1425/2820
f 5045/1435/2824 5054/1438/2824 5039/1437/2825 5044/1436/2825
f 5046/1426/2821 5057/1427/2821 5054/1438/2824 5045/1435/2824
f 5050/1439/2814 5061/1442/2814 5060/1441/2815 5049/1440/2815
f 5044/1436/2825 5039/1437/2825 5038/1404/2810 5043/1401/2810
f 5095/1414/197 5104/1444/197 5065/1443/197 5053/1413/197
f 5042/1402/2811 5040/1403/2811 5055/1446/2822 5041/1445/2822
f 5049/1440/2815 5060/1441/2815 5059/1434/2823 5048/1433/2823
f 5104/1444/197 3709/1448/197 5076/1447/197 5065/1443/197
f 5102/1449/2815 5074/1452/2815 5073/1451/2826 5101/1450/2826
f 5100/1453/2818 5072/1456/2818 5071/1455/2819 5099/1454/2819
f 5083/1457/2813 5067/1460/2813 5066/1459/2816 5082/1458/2816
f 5097/1461/2812 5069/1462/2812 5067/1460/2813 5083/1457/2813
f 5108/1386/800 3708/1386/800 5075/1378/2827 5103/1378/2814
f 5101/1450/2826 5073/1451/2826 5072/1456/2818 5100/1453/2818
f 5082/1458/2816 5066/1459/2816 5068/1464/2811 5084/1463/2811
f 5084/1463/2811 5068/1464/2811 5070/1466/2828 5098/1465/2822
f 5099/1454/2819 5071/1455/2819 5069/1462/2812 5097/1461/2812
f 5103/1467/2814 5075/1468/2827 5074/1452/2815 5102/1449/2815
f 5064/1443/800 5077/1470/800 3708/1469/800 5108/1444/800
f 5098/1353/2822 5070/1353/2828 3709/1471/197 5104/1471/197
f 5041/1472/2822 5055/1472/2822 5062/1473/197 5051/1473/197
f 5056/1413/800 5064/1443/800 5108/1444/800 5106/1414/800
f 5037/1395/2829 5056/1413/800 5106/1414/800 3698/1396/2798
f 3627/1353/2765 5085/1353/2822 5095/1471/197 3703/1471/2807
f 3645/1363/2775 3626/1344/2756 3699/1474/2799 3694/1382/2794
f 3637/1356/2766 3627/1353/2765 3703/1471/2807 3702/1475/2805
f 3630/1348/2761 3637/1356/2766 3702/1475/2805 3701/1476/2803
f 3629/1345/2759 3630/1348/2761 3701/1476/2803 3700/1477/2800
f 3626/1344/2756 3629/1345/2759 3700/1477/2800 3699/1474/2799
f 5036/1393/2830 5037/1395/2829 3698/1396/2798 3697/1394/2797
f 5035/1391/2831 5036/1393/2830 3697/1394/2797 3696/1392/2796
f 5034/1389/2832 5035/1391/2831 3696/1392/2796 3695/1390/2795
f 5033/1388/2809 5034/1389/2832 3695/1390/2795 3694/1387/2794
f 3677/1478/174 3710/1481/174 3711/1480/174 3678/1479/174
f 3676/1482/174 3712/1483/174 3710/1481/174 3677/1478/174
f 3666/1482/154 3714/1483/154 3713/1485/154 3664/1484/154
f 3667/1478/154 3715/1481/154 3714/1483/154 3666/1482/154
f 3665/1486/154 3717/1488/154 3716/1480/154 3668/1487/154
f 3668/1487/154 3716/1480/154 3715/1481/154 3667/1478/154
f 3671/1489/154 3719/1492/154 3718/1491/154 3669/1490/154
f 3672/1493/154 3720/1494/154 3719/1492/154 3671/1489/154
f 3670/1495/154 3722/1498/154 3721/1497/154 3673/1496/154
f 3673/1496/154 3721/1497/154 3720/1494/154 3672/1493/154
f 3669/1490/154 3718/1491/154 3717/1488/154 3665/1486/154
f 3664/1353/154 3713/1472/154 5052/1473/154 5096/1471/154
f 3678/1479/174 3711/1480/174 3724/1488/174 3675/1499/174
f 3674/1484/174 3725/1485/174 3712/1483/174 3676/1482/174
f 3679/1500/174 3726/1491/174 3727/1492/174 3681/1501/174
f 3681/1501/174 3727/1492/174 3728/1494/174 3682/1493/174
f 3683/1496/174 3729/1497/174 3730/1498/174 3680/1495/174
f 3682/1493/174 3728/1494/174 3729/1497/174 3683/1496/174
f 3675/1499/174 3724/1488/174 3726/1491/174 3679/1500/174
f 5105/1502/174 5063/1503/174 3725/1485/174 3674/1484/174
f 5107/1386/154 5079/1431/154 3722/1432/154 3670/1378/154
f 3680/1495/174 3730/1498/174 5081/1505/174 5109/1504/174
f 3705/1502/557 3723/1503/557 3731/1503/557 3707/1502/557
f 3733/1504/557 3706/1505/557 3704/1505/557 3732/1504/557
f 3687/1478/1233 5110/1507/1233 5112/1506/1243 3686/1482/1243
f 3692/1493/1231 5117/1509/1231 5116/1508/2833 3691/1501/1237
f 3685/1499/2834 5113/1511/1239 5111/1510/2835 3688/1479/1234
f 3689/1455/2836 5115/1513/1241 5113/1512/1239 3685/1462/2834
f 3690/1495/1245 5119/1515/1246 5118/1514/1232 3693/1496/1232
f 3686/1482/1243 5112/1506/1243 5114/1516/1244 3684/1484/1242
f 3688/1479/1234 5111/1510/2835 5110/1507/1233 3687/1478/1233
f 3693/1496/1232 5118/1514/1232 5117/1509/1231 3692/1493/1231
f 3691/1501/1237 5116/1508/2833 5115/1517/1241 3689/1500/2836
f 3737/1518/2837 5120/1521/2838 5122/1520/2839 3736/1519/2840
f 3739/1513/2841 5125/1523/2842 5123/1522/2843 3735/1512/2844
f 3742/1524/2845 5127/1527/2846 5126/1526/2847 3741/1525/2848
f 3735/1512/2844 5123/1522/2843 5121/1529/2849 3738/1528/2850
f 3753/1530/2851 3743/1532/2852 3766/1531/2853
f 3736/1519/2840 3765/1534/2854 3734/1533/2855
f 3738/1528/2850 5121/1529/2849 5120/1521/2838 3737/1518/2837
f 3743/1532/2852 3753/1530/2851 5127/1527/2846 3742/1524/2845
f 3741/1525/2848 5126/1526/2847 5125/1523/2842 3739/1513/2841
f 5142/1535/2856 5143/1538/1280 5147/1537/1281 5146/1536/1274
f 3765/1539/2854 3744/1541/2857 5135/1540/1279
f 5136/1542/1276 5140/1543/1277 5132/1536/1267 5137/1535/2858
f 5141/1542/1272 5142/1535/2856 5146/1536/1274 5145/1543/1275
f 5304/1544/800 5303/1540/1270 3766/1539/2853 3740/1545/2859
f 5137/1535/2858 5132/1536/1267 5133/1537/1268 5138/1538/1269
f 5136/1542/1276 5135/1540/1279 3744/1541/2857 5140/1543/1277
f 5134/1546/197 3734/1545/2855 3765/1539/2854 5135/1540/1279
f 5152/1547/1282 5144/1550/1283 5139/1549/1283 5153/1548/1282
f 5143/1538/1280 3773/1552/1287 5150/1551/1288 5147/1537/1281
f 5154/1553/165 3769/1555/1286 5151/1554/165
f 5138/1538/1269 5133/1537/1268 5148/1551/1284 3772/1552/1285
f 5150/1551/1288 3773/1552/1287 5170/1556/1304
f 5148/1557/1284 5156/1560/1302 5159/1559/1301 5158/1558/1303
f 5156/1560/1302 5160/1562/1300 5161/1561/1299 5159/1559/1301
f 5160/1562/1300 5162/1564/1297 5163/1563/1298 5161/1561/1299
f 5165/1565/1296 5164/1568/1294 5167/1567/1293 5166/1566/1295
f 5164/1568/1294 5155/1570/1292 5168/1569/1291 5167/1567/1293
f 5155/1570/1292 5150/1554/1288 5169/1571/1290 5168/1569/1291
f 3772/1552/1285 5148/1551/1284 5157/1556/1289
f 5169/1572/1290 5150/1551/1288 5170/1556/1304
f 5163/1563/1298 5162/1564/1297 5165/1565/1296 5166/1566/1295
f 5148/1551/1284 5158/1572/1303 5157/1556/1289
f 5152/1547/1282 5153/1548/1282 3781/1574/174 3785/1573/174
f 5141/1542/1272 5145/1543/1275 3750/1541/2860 5303/1540/1270
f 5303/1540/1270 3750/1541/2860 3766/1539/2853
f 5187/1575/800 5186/1578/1332 5218/1577/1332 5219/1576/800
f 5174/1579/1329 5173/1582/1331 5205/1581/1331 5206/1580/1329
f 5201/1582/1314 5200/1579/1316 5232/1580/1316 5233/1581/1314
f 5188/1578/1313 5187/1575/800 5219/1576/800 5220/1577/1313
f 5175/1583/1327 5174/1579/1329 5206/1580/1329 5207/1584/1327
f 5202/1585/1311 5201/1582/1314 5233/1581/1314 5234/1586/1311
f 5189/1587/1309 5188/1578/1313 5220/1577/1313 5221/1588/1309
f 5176/1589/1325 5175/1583/1327 5207/1584/1327 5208/1590/1325
f 5172/1591/197 5202/1585/1311 5234/1586/1311 5204/1592/197
f 5190/1593/1310 5189/1587/1309 5221/1588/1309 5222/1594/1310
f 5177/1595/1324 5176/1589/1325 5208/1590/1325 5209/1596/1324
f 5191/1597/1333 5190/1593/1310 5222/1594/1310 5223/1598/1333
f 5178/1599/1322 5177/1595/1324 5209/1596/1324 5210/1600/1322
f 5192/1601/1330 5191/1597/1333 5223/1598/1333 5224/1602/1330
f 5179/1603/154 5178/1599/1322 5210/1600/1322 5211/1604/154
f 5193/1605/1328 5192/1601/1330 5224/1602/1330 5225/1606/1328
f 5180/1607/1319 5179/1603/154 5211/1604/154 5212/1608/1319
f 5194/1607/1326 5193/1605/1328 5225/1606/1328 5226/1608/1326
f 5181/1605/1317 5180/1607/1319 5212/1608/1319 5213/1606/1317
f 5195/1603/174 5194/1607/1326 5226/1608/1326 5227/1604/174
f 5182/1601/1315 5181/1605/1317 5213/1606/1317 5214/1602/1315
f 5196/1599/1323 5195/1603/174 5227/1604/174 5228/1600/1323
f 5183/1597/1312 5182/1601/1315 5214/1602/1315 5215/1598/1312
f 5197/1595/1321 5196/1599/1323 5228/1600/1323 5229/1596/1321
f 5184/1593/1307 5183/1597/1312 5215/1598/1312 5216/1594/1307
f 5198/1589/1320 5197/1595/1321 5229/1596/1321 5230/1590/1320
f 5185/1587/1308 5184/1593/1307 5216/1594/1307 5217/1588/1308
f 5171/1585/1306 5172/1591/197 5204/1592/197 5203/1586/1306
f 5199/1583/1318 5198/1589/1320 5230/1590/1320 5231/1584/1318
f 5186/1578/1332 5185/1587/1308 5217/1588/1308 5218/1577/1332
f 5173/1582/1331 5171/1585/1306 5203/1586/1306 5205/1581/1331
f 5200/1579/1316 5199/1583/1318 5231/1584/1318 5232/1580/1316
f 3838/1609/165 5251/1612/165 5252/1611/165 3839/1610/165
f 3825/1613/165 5238/1616/165 5239/1615/165 3826/1614/165
f 3852/1617/165 5265/1620/165 5266/1619/165 3853/1618/165
f 3839/1610/165 5252/1611/165 5253/1622/165 3840/1621/165
f 3826/1614/165 5239/1615/165 5240/1624/165 3827/1623/165
f 3853/1618/165 5266/1619/165 5236/1626/165 3822/1625/165
f 3840/1621/165 5253/1622/165 5254/1628/165 3841/1627/165
f 3827/1623/165 5240/1624/165 5241/1630/165 3828/1629/165
f 3841/1627/165 5254/1628/165 5255/1632/165 3842/1631/165
f 3828/1629/165 5241/1630/165 5242/1634/165 3829/1633/165
f 3842/1631/165 5255/1632/165 5256/1636/165 3843/1635/165
f 3829/1633/165 5242/1634/165 5243/1638/165 3830/1637/165
f 3843/1635/165 5256/1636/165 5257/1640/165 3844/1639/165
f 3830/1637/165 5243/1638/165 5244/1642/165 3831/1641/165
f 3844/1639/165 5257/1640/165 5258/1644/165 3845/1643/165
f 3831/1641/165 5244/1642/165 5245/1646/165 3832/1645/165
f 3845/1643/165 5258/1644/165 5259/1648/165 3846/1647/165
f 3832/1645/165 5245/1646/165 5246/1650/165 3833/1649/165
f 3846/1647/165 5259/1648/165 5260/1652/165 3847/1651/165
f 3833/1649/165 5246/1650/165 5247/1654/165 3834/1653/165
f 3847/1651/165 5260/1652/165 5261/1656/165 3848/1655/165
f 3834/1653/165 5247/1654/165 5248/1658/165 3835/1657/165
f 3848/1655/165 5261/1656/165 5262/1660/165 3849/1659/165
f 3835/1657/165 5248/1658/165 5249/1662/165 3836/1661/165
f 3822/1625/165 5236/1626/165 5235/1664/165 3823/1663/165
f 3849/1659/165 5262/1660/165 5263/1666/165 3850/1665/165
f 3836/1661/165 5249/1662/165 5250/1668/165 3837/1667/165
f 3823/1663/165 5235/1664/165 5237/1670/165 3824/1669/165
f 3850/1665/165 5263/1666/165 5264/1672/165 3851/1671/165
f 3837/1667/165 5250/1668/165 5251/1612/165 3838/1609/165
f 3824/1669/165 5237/1670/165 5238/1616/165 3825/1613/165
f 3851/1671/165 5264/1672/165 5265/1620/165 3852/1617/165
f 3873/1628/1377 5286/1674/1378 5287/1673/1372 3874/1632/2861
f 3860/1630/1351 5273/1676/1352 5274/1675/1348 3861/1634/1347
f 3874/1632/2861 5287/1673/1372 5288/1677/1365 3875/1636/1364
f 3861/1634/1347 5274/1675/1348 5275/1678/1344 3862/1638/1344
f 3875/1636/1364 5288/1677/1365 5289/1679/1361 3876/1640/1360
f 3862/1638/1344 5275/1678/1344 5276/1680/1340 3863/1642/1339
f 3876/1640/1360 5289/1679/1361 5290/1681/1357 3877/1644/1356
f 3863/1642/1339 5276/1680/1340 5277/1682/1341 3864/1646/2862
f 3877/1644/1356 5290/1681/1357 5291/1683/1353 3878/1648/1353
f 3864/1646/2862 5277/1682/1341 5278/1684/1393 3865/1650/1392
f 3878/1648/1353 5291/1683/1353 5292/1685/1350 3879/1652/1349
f 3865/1650/1392 5278/1684/1393 5279/1686/1387 3866/1654/2863
f 3879/1652/1349 5292/1685/1350 5293/1687/1346 3880/1656/1345
f 3866/1654/2863 5279/1686/1387 5280/1688/1381 3867/1658/1380
f 3880/1656/1345 5293/1687/1346 5294/1689/1343 3881/1660/1342
f 3867/1658/1380 5280/1688/1381 5281/1690/1376 3868/1662/1375
f 3854/1626/1379 5268/1692/1379 5267/1691/1374 3855/1664/1373
f 3881/1660/1342 5294/1689/1343 5295/1693/1336 3882/1666/2864
f 3868/1662/1375 5281/1690/1376 5282/1694/1370 3869/1668/1369
f 3855/1664/1373 5267/1691/1374 5269/1695/1367 3856/1670/1366
f 3882/1666/2864 5295/1693/1336 5296/1696/1337 3883/1672/1334
f 3869/1668/1369 5282/1694/1370 5283/1697/1368 3870/1612/1368
f 3856/1670/1366 5269/1695/1367 5270/1698/1363 3857/1616/1362
f 3883/1672/1334 5296/1696/1337 5297/1699/1391 3884/1620/1390
f 3870/1612/1368 5283/1697/1368 5284/1700/1389 3871/1611/1388
f 3857/1616/1362 5270/1698/1363 5271/1701/1359 3858/1615/2865
f 3884/1620/1390 5297/1699/1391 5298/1702/1385 3885/1619/1384
f 3871/1611/1388 5284/1700/1389 5285/1703/1383 3872/1622/1382
f 3858/1615/2865 5271/1701/1359 5272/1704/1355 3859/1624/1354
f 3885/1619/1384 5298/1702/1385 5268/1692/1379 3854/1626/1379
f 3872/1622/1382 5285/1703/1383 5286/1674/1378 3873/1628/1377
f 3859/1624/1354 5272/1704/1355 5273/1676/1352 3860/1630/1351
f 3918/1705/165 3804/1661/165 3805/1667/165
f 3807/1610/165 3918/1705/165 3806/1609/165
f 3792/1669/165 3918/1705/165 3791/1663/165
f 3791/1663/165 3918/1705/165 3790/1625/165
f 3918/1705/165 3805/1667/165 3806/1609/165
f 3794/1614/165 3918/1705/165 3793/1613/165
f 3793/1613/165 3918/1705/165 3792/1669/165
f 3796/1629/165 3918/1705/165 3795/1623/165
f 3795/1623/165 3918/1705/165 3794/1614/165
f 3798/1637/165 3918/1705/165 3797/1633/165
f 3797/1633/165 3918/1705/165 3796/1629/165
f 3800/1645/165 3918/1705/165 3799/1641/165
f 3799/1641/165 3918/1705/165 3798/1637/165
f 3802/1653/165 3918/1705/165 3801/1649/165
f 3801/1649/165 3918/1705/165 3800/1645/165
f 3804/1661/165 3918/1705/165 3803/1657/165
f 3803/1657/165 3918/1705/165 3802/1653/165
f 3918/1705/165 3821/1618/165 3790/1625/165
f 3821/1618/165 3918/1705/165 3820/1617/165
f 3820/1617/165 3918/1705/165 3819/1671/165
f 3819/1671/165 3918/1705/165 3818/1665/165
f 3818/1665/165 3918/1705/165 3817/1659/165
f 3817/1659/165 3918/1705/165 3816/1655/165
f 3816/1655/165 3918/1705/165 3815/1651/165
f 3815/1651/165 3918/1705/165 3814/1647/165
f 3814/1647/165 3918/1705/165 3813/1643/165
f 3813/1643/165 3918/1705/165 3812/1639/165
f 3812/1639/165 3918/1705/165 3811/1635/165
f 3811/1635/165 3918/1705/165 3810/1631/165
f 3810/1631/165 3918/1705/165 3809/1627/165
f 3809/1627/165 3918/1705/165 3808/1621/165
f 3808/1621/165 3918/1705/165 3807/1610/165
f 3896/1682/1441 3929/1707/1442 3930/1706/1438 3897/1684/1437
f 3910/1683/1398 3943/1709/1398 3944/1708/1455 3911/1685/1454
f 3897/1684/1437 3930/1706/1438 3931/1710/1432 3898/1686/1431
f 3911/1685/1454 3944/1708/1455 3945/1711/1451 3912/1687/1450
f 3898/1686/1431 3931/1710/1432 3932/1712/1426 3899/1688/1425
f 3912/1687/1450 3945/1711/1451 3946/1713/1448 3913/1689/1447
f 3899/1688/1425 3932/1712/1426 3933/1714/1420 3900/1690/1419
f 3886/1692/1423 3919/1716/1424 3920/1715/1418 3887/1691/1417
f 3913/1689/1447 3946/1713/1448 3947/1717/1444 3914/1693/1443
f 3900/1690/1419 3933/1714/1420 3934/1718/1413 3901/1694/1412
f 3887/1691/1417 3920/1715/1418 3921/1719/1410 3888/1695/1409
f 3914/1693/1443 3947/1717/1444 3948/1720/1440 3915/1696/1439
f 3901/1694/1412 3934/1718/1413 3935/1721/1414 3902/1697/1411
f 3888/1695/1409 3921/1719/1410 3922/1722/1406 3889/1698/1405
f 3915/1696/1439 3948/1720/1440 3949/1723/1436 3916/1699/1435
f 3902/1697/1411 3935/1721/1414 3936/1724/1434 3903/1700/1433
f 3889/1698/1405 3922/1722/1406 3923/1725/1402 3890/1701/1401
f 3916/1699/1435 3949/1723/1436 3950/1726/2866 3917/1702/1429
f 3903/1700/1433 3936/1724/1434 3937/1727/1428 3904/1703/1427
f 3890/1701/1401 3923/1725/1402 3924/1728/1396 3891/1704/1395
f 3917/1702/1429 3950/1726/2866 3919/1716/1424 3886/1692/1423
f 3904/1703/1427 3937/1727/1428 3938/1729/1422 3905/1674/1421
f 3891/1704/1395 3924/1728/1396 3925/1730/1397 3892/1676/2867
f 3905/1674/1421 3938/1729/1422 3939/1731/1416 3906/1673/1415
f 3892/1676/2867 3925/1730/1397 3926/1732/1453 3893/1675/1452
f 3906/1673/1415 3939/1731/1416 3940/1733/1408 3907/1677/1407
f 3893/1675/1452 3926/1732/1453 3927/1734/1449 3894/1678/1449
f 3907/1677/1407 3940/1733/1408 3941/1735/1404 3908/1679/1403
f 3894/1678/1449 3927/1734/1449 3928/1736/1446 3895/1680/1445
f 3908/1679/1403 3941/1735/1404 3942/1737/1400 3909/1681/1399
f 3895/1680/1445 3928/1736/1446 3929/1707/1442 3896/1682/1441
f 3909/1681/1399 3942/1737/1400 3943/1709/1398 3910/1683/1398
f 3748/1738/174 3745/1741/174 3749/1740/174 3751/1739/174
f 3747/1742/174 3748/1738/174 3751/1739/174 3752/1743/174
f 3746/1744/174 3747/1742/174 3752/1743/174 5128/1745/174
f 5124/1746/1456 3746/1744/174 5128/1745/174 5129/1747/2868
f 3761/1748/1458 5124/1751/1456 5129/1750/2868 3767/1749/1458
f 3754/1752/1458 3761/1748/1458 3767/1749/1458 3768/1753/1458
f 3755/1754/1286 3754/1752/1458 3768/1753/1458 3769/1555/1286
f 3759/1755/2869 5302/1758/2870 5301/1757/1461 3758/1756/1460
f 3757/1759/1463 5300/1762/1465 5299/1761/1464 3756/1760/1464
f 3760/1549/2871 5307/1763/2872 5302/1758/2870 3759/1755/2869
f 3758/1756/1460 5301/1757/1461 5300/1762/1465 3757/1759/1463
f 3684/1484/1242 5114/1516/1244 3756/1760/1464 5299/1761/1464
f 5122/1520/2839 3744/1751/2857 3765/1534/2854
f 5122/1520/2839 3765/1534/2854 3736/1519/2840
f 3956/1764/2873 3958/1767/2874 3959/1766/2875 3957/1765/2876
f 3958/1767/2874 3960/1769/2877 3961/1768/2878 3959/1766/2875
f 3960/1769/2877 3962/1771/2879 3963/1770/2880 3961/1768/2878
f 3962/1771/2879 3964/1773/2881 3965/1772/2882 3963/1770/2880
f 3964/1773/2881 3966/1771/2883 3967/1770/2884 3965/1772/2882
f 3966/1771/2883 3968/1769/2885 3969/1768/2886 3967/1770/2884
f 3968/1769/2885 3970/1767/2887 3971/1766/2888 3969/1768/2886
f 3970/1767/2887 3972/1764/2889 3973/1765/2890 3971/1766/2888
f 3972/1764/2889 3974/1775/2891 3975/1774/2892 3973/1765/2890
f 3974/1775/2891 3976/1777/2893 3977/1776/2894 3975/1774/2892
f 3976/1777/2893 3978/1779/2895 3979/1778/2896 3977/1776/2894
f 3978/1779/2895 3980/1781/2897 3981/1780/2898 3979/1778/2896
f 3980/1781/2897 3982/1779/2899 3983/1778/2900 3981/1780/2898
f 3982/1779/2899 3984/1777/2901 3985/1776/2902 3983/1778/2900
f 3967/1782/2884 3993/1785/2903 3992/1784/2904 3965/1783/2882
f 3984/1777/2901 3986/1775/2905 3987/1774/2906 3985/1776/2902
f 3986/1775/2905 3956/1764/2873 3957/1765/2876 3987/1774/2906
f 3974/1786/2891 4013/1789/2907 4014/1788/2908 3976/1787/2893
f 4015/1790/2909 4021/1792/800 4016/1791/2910
f 3977/1787/2894 3998/1788/2911 3997/1789/2912 3975/1786/2892
f 3987/1793/2906 4003/1796/2913 4002/1795/2914 3985/1794/2902
f 3963/1797/2880 3991/1800/2915 3990/1799/2916 3961/1798/2878
f 3973/1801/2890 3996/1804/2917 3995/1803/2918 3971/1802/2888
f 3959/1805/2875 3989/1808/2919 3988/1807/2920 3957/1806/2876
f 3983/1809/2900 4001/1811/2921 4000/1791/2922 3981/1810/2898
f 3969/1812/2886 3994/1813/2923 3993/1785/2903 3967/1782/2884
f 3979/1814/2896 3999/1790/2924 3998/1788/2911 3977/1787/2894
f 3957/1806/2876 3988/1807/2920 4003/1796/2913 3987/1793/2906
f 3965/1783/2882 3992/1784/2904 3991/1800/2915 3963/1797/2880
f 3975/1786/2892 3997/1789/2912 3996/1804/2917 3973/1801/2890
f 3985/1794/2902 4002/1795/2914 4001/1811/2921 3983/1809/2900
f 3961/1798/2878 3990/1799/2916 3989/1808/2919 3959/1805/2875
f 3971/1802/2888 3995/1803/2918 3994/1813/2923 3969/1812/2886
f 3981/1810/2898 4000/1791/2922 3999/1790/2924 3979/1814/2896
f 4021/1792/800 4017/1815/2925 4016/1791/2910
f 3984/1794/2901 4018/1795/2926 4019/1796/2927 3986/1793/2905
f 3960/1798/2877 4006/1799/2928 4007/1816/2929 3962/1797/2879
f 3970/1802/2887 4011/1803/2930 4012/1804/2931 3972/1801/2889
f 3956/1806/2873 4004/1807/2932 4005/1808/2933 3958/1805/2874
f 3980/1810/2897 4016/1791/2910 4017/1815/2925 3982/1809/2899
f 3966/1782/2883 4009/1785/2934 4010/1813/2935 3968/1812/2885
f 3976/1787/2893 4014/1788/2908 4015/1790/2909 3978/1814/2895
f 3986/1793/2905 4019/1796/2927 4004/1807/2932 3956/1806/2873
f 3962/1797/2879 4007/1816/2929 4008/1784/2936 3964/1783/2881
f 3972/1801/2889 4012/1804/2931 4013/1789/2907 3974/1786/2891
f 3982/1809/2899 4017/1815/2925 4018/1795/2926 3984/1794/2901
f 3958/1805/2874 4005/1808/2933 4006/1799/2928 3960/1798/2877
f 3968/1812/2885 4010/1813/2935 4011/1803/2930 3970/1802/2887
f 3978/1814/2895 4015/1790/2909 4016/1791/2910 3980/1810/2897
f 3964/1783/2881 4008/1784/2936 4009/1785/2934 3966/1782/2883
f 3990/1799/2916 4020/1792/197 3989/1808/2919
f 3993/1785/2903 4020/1792/197 3992/1784/2904
f 4021/1792/800 4009/1785/2934 4008/1784/2936
f 4009/1785/2934 4021/1792/800 4010/1813/2935
f 4010/1813/2935 4021/1792/800 4011/1803/2930
f 4011/1803/2930 4021/1792/800 4012/1804/2931
f 4012/1804/2931 4021/1792/800 4013/1789/2907
f 4013/1789/2907 4021/1792/800 4014/1788/2908
f 4014/1788/2908 4021/1792/800 4015/1790/2909
f 4017/1815/2925 4021/1792/800 4018/1795/2926
f 4018/1795/2926 4021/1792/800 4019/1796/2927
f 4019/1796/2927 4021/1792/800 4004/1807/2932
f 4004/1807/2932 4021/1792/800 4005/1808/2933
f 4005/1808/2933 4021/1792/800 4006/1799/2928
f 4006/1799/2928 4021/1792/800 4007/1816/2929
f 4007/1816/2929 4021/1792/800 4008/1784/2936
f 3988/1807/2920 4020/1792/197 4003/1796/2913
f 4003/1796/2913 4020/1792/197 4002/1795/2914
f 4002/1795/2914 4020/1792/197 4001/1811/2921
f 4001/1811/2921 4020/1792/197 4000/1791/2922
f 4020/1792/197 3991/1800/2915 3992/1784/2904
f 3989/1808/2919 4020/1792/197 3988/1807/2920
f 3991/1800/2915 4020/1792/197 3990/1799/2916
f 4020/1792/197 3999/1790/2924 4000/1791/2922
f 3999/1790/2924 4020/1792/197 3998/1788/2911
f 3998/1788/2911 4020/1792/197 3997/1789/2912
f 3997/1789/2912 4020/1792/197 3996/1804/2917
f 3996/1804/2917 4020/1792/197 3995/1803/2918
f 3995/1803/2918 4020/1792/197 3994/1813/2923
f 3994/1813/2923 4020/1792/197 3993/1785/2903
f 3690/1495/1245 5309/1818/2937 4022/1817/2937 5119/1515/1246
f 3750/1750/2860 3753/1530/2851 3766/1531/2853
f 3740/1819/2859 3766/1531/2853 3743/1532/2852
f 5322/1820/1534 4033/1823/1535 4074/1822/1536 5339/1821/1533
f 4070/1824/1541 5333/1826/1572 5130/1825/1542
f 5313/1827/1557 5311/1828/1538 4069/1824/1537
f 5314/1829/1543 4028/1832/1544 4029/1831/1544 5316/1830/1543
f 4040/1833/2938 4039/1836/1547 5320/1835/1548 4041/1834/2939
f 4043/1837/1550 4040/1833/2938 4041/1834/2939 4042/1838/1549
f 5318/1836/1551 5315/1840/1552 5319/1839/1552 4038/1835/1551
f 4048/1841/1554 4044/1843/1555 4045/1842/1556 4026/1763/1553
f 4044/1843/1555 4043/1837/1550 4042/1838/1549 4045/1842/1556
f 5315/1840/1552 5314/1829/1543 5316/1830/1543 5319/1839/1552
f 5317/1827/1540 4070/1824/1541 5130/1825/1542
f 4022/1817/2937 5309/1818/2937 5308/1845/2940 4023/1844/2941
f 5306/1846/1461 3762/1847/1460 4023/1844/2941 5308/1845/2940
f 3762/1847/1460 5306/1846/1461 5305/1849/2942 3763/1848/2943
f 5310/1841/2944 3764/1550/2945 3763/1848/2943 5305/1849/2942
f 3764/1550/2945 5310/1841/2944 5307/1763/2872 3760/1549/2871
f 5329/1850/1580 5313/1827/1557 4069/1824/1537
f 4033/1823/1535 4032/1853/1578 5324/1852/2946 5323/1851/2947
f 4032/1853/1578 4027/1855/1576 5326/1854/1575 5324/1852/2946
f 4027/1855/1576 4025/1857/1574 5328/1856/1573 5326/1854/1575
f 4025/1857/1574 4069/1859/1537 5330/1858/1539 5328/1856/1573
f 4070/1860/1541 4071/1863/1571 5334/1862/1570 5333/1861/1572
f 4071/1863/1571 4072/1865/1569 5336/1864/1568 5334/1862/1570
f 4072/1865/1569 4073/1867/1567 5338/1866/2948 5336/1864/1568
f 4073/1867/1567 4074/1822/1536 5340/1868/2949 5338/1866/2948
f 4033/1823/1535 5323/1851/2947 5340/1868/2949 4074/1822/1536
f 5332/1850/1564 4070/1824/1541 5317/1827/1540
f 4069/1824/1537 5311/1828/1538 5330/1869/1539
f 5337/1870/1586 5339/1821/1533 4074/1822/1536 4073/1867/1567
f 5335/1871/1585 5337/1870/1586 4073/1867/1567 4072/1865/1569
f 5331/1872/2950 5335/1871/1585 4072/1865/1569 4071/1863/1571
f 5332/1873/1564 5331/1872/2950 4071/1863/1571 4070/1860/1541
f 5327/1874/1583 5329/1875/1580 4069/1859/1537 4025/1857/1574
f 5325/1876/1582 5327/1874/1583 4025/1857/1574 4027/1855/1576
f 5321/1877/1581 5325/1876/1582 4027/1855/1576 4032/1853/1578
f 5322/1820/1534 5321/1877/1581 4032/1853/1578 4033/1823/1535
f 5070/1878/2828 3951/1546/1590 3709/1448/197
f 3951/1546/1590 3952/1540/197 3709/1448/197
f 3953/1542/197 3709/1448/197 3952/1540/197
f 3954/1535/1592 4075/1879/1591 3953/1542/197
f 5075/1545/2827 3708/1469/800 4024/1546/1587
f 4024/1546/1587 3708/1469/800 3955/1540/800
f 3955/1540/800 3708/1469/800 4046/1542/800
f 3708/1469/800 4076/1880/1589 4046/1542/800
f 4046/1542/800 4076/1880/1589 4047/1535/1588
f 3953/1542/197 4075/1879/1591 3709/1448/197
f 3709/1448/197 4075/1879/1591 5130/1825/1542 5076/1447/197
f 3708/1469/800 5077/1470/800 5311/1828/1538 4076/1880/1589
f 3954/1535/1592 4080/1881/1600 4075/1879/1591
f 5130/1825/1542 4077/1882/1599 5317/1827/1540
f 5130/1825/1542 4078/1883/1602 4077/1882/1599
f 4075/1879/1591 4079/1884/1601 4078/1883/1602 5130/1825/1542
f 4075/1879/1591 4080/1881/1600 4079/1884/1601
f 3954/1535/1592 4026/1886/1553 4045/1885/1556 4080/1881/1600
f 4045/1885/1556 4042/1887/1549 4079/1884/1601 4080/1881/1600
f 4042/1887/1549 4041/1888/2939 4078/1883/1602 4079/1884/1601
f 4041/1888/2939 5320/1889/1548 4077/1882/1599 4078/1883/1602
f 4037/1890/1603 4077/1882/1599 5320/1889/1548
f 4034/1891/1604 4077/1882/1599 4037/1890/1603
f 5317/1827/1540 4077/1882/1599 4034/1891/1604
f 5313/1827/1557 4081/1882/1594 5311/1828/1538
f 4076/1880/1589 4084/1892/1593 4047/1535/1588
f 4076/1880/1589 4083/1884/1596 4084/1892/1593
f 5311/1828/1538 4082/1883/1595 4083/1884/1596 4076/1880/1589
f 5311/1828/1538 4081/1882/1594 4082/1883/1595
f 4047/1535/1588 4084/1892/1593 4044/1885/1555 4048/1886/1554
f 4044/1885/1555 4084/1892/1593 4083/1884/1596 4043/1887/1550
f 4043/1887/1550 4083/1884/1596 4082/1883/1595 4040/1888/2938
f 4040/1888/2938 4082/1883/1595 4081/1882/1594 4039/1889/1547
f 4039/1889/1547 4081/1882/1594 4036/1890/1597
f 4036/1890/1597 4081/1882/1594 4035/1891/1598
f 4035/1891/1598 4081/1882/1594 5313/1827/1557
f 5131/1861/1605 5312/1895/1605 4101/1894/1606 4100/1893/1607
f 5149/1557/165 3755/1754/1286 5154/1553/165
f 3755/1754/1286 3769/1555/1286 5154/1553/165
f 3770/1896/154 4085/1899/154 3776/1898/154 3775/1897/154
f 3776/1898/154 4085/1899/154 3774/1900/154
f 3774/1900/154 4085/1899/154 3777/1901/154
f 3777/1901/154 4085/1899/154 3778/1902/154
f 4085/1899/154 3771/1904/154 3779/1903/154 3778/1902/154
f 4058/1905/174 4051/1908/174 4049/1907/174 4055/1906/174
f 4057/1909/174 4052/1910/174 4051/1908/174 4058/1905/174
f 4056/1911/174 4054/1914/174 4050/1913/174 4053/1912/174
f 4057/1909/174 4056/1911/174 4053/1912/174 4052/1910/174
f 4029/1831/1544 4028/1832/1544 4055/1906/174 4049/1907/174
f 5372/1915/1608 5373/1918/1608 5375/1917/1608 5371/1916/1608
f 5371/1916/1608 5370/1920/1609 5369/1919/1609 5372/1915/1608
f 5369/1919/1609 5370/1920/1609 5368/1922/1611 5359/1921/1610
f 5359/1921/1610 5368/1922/1611 5367/1924/1612 5360/1923/1612
f 5360/1923/1612 5367/1924/1612 5366/1926/1612 5361/1925/1612
f 5361/1925/1612 5366/1926/1612 5365/1928/1612 5362/1927/1612
f 5362/1927/1612 5365/1928/1612 5364/1930/1612 5363/1929/1612
f 4157/1931/2951 5342/1934/2952 5341/1933/2953 4150/1932/2954
f 4158/1935/2955 5343/1936/2956 5342/1934/2952 4157/1931/2951
f 4159/1937/2957 5345/1940/2958 5344/1939/2959 4151/1938/2960
f 4151/1938/2960 5344/1939/2959 5343/1936/2956 4158/1935/2955
f 4160/1941/2961 5347/1944/2962 5346/1943/2963 4152/1942/2964
f 4161/1945/2965 5348/1946/2966 5347/1944/2962 4160/1941/2961
f 4162/1947/2967 5350/1950/2968 5349/1949/2969 4153/1948/2970
f 4153/1948/2970 5349/1949/2969 5348/1946/2966 4161/1945/2965
f 4152/1942/2964 5346/1943/2963 5345/1940/2958 4159/1937/2957
f 4150/1932/2954 5341/1933/2953 5351/1952/2971 4154/1951/2972
f 4163/1953/2973 5352/1954/2974 5350/1950/2968 4162/1947/2967
f 4164/1955/2975 5353/1956/2976 5352/1954/2974 4163/1953/2973
f 4154/1951/2972 5351/1952/2971 5354/1958/2977 4155/1957/2978
f 4155/1957/2978 5354/1958/2977 5355/1960/2979 5377/1959/2980
f 4165/1961/2981 5357/1962/2982 5353/1956/2976 4164/1955/2975
f 4156/1959/1645 5356/1960/1647 5358/1962/1647 5380/1961/1646
f 5374/1918/1648 5379/1964/1649 5378/1963/1649 5376/1917/1648
f 4116/1917/2983 4149/1963/2984 4146/1965/2985 4113/1916/2986
f 4115/1915/2987 4147/1966/2988 4148/1964/2989 4117/1918/2990
f 4112/1919/2991 4144/1967/2992 4147/1966/2988 4115/1915/2987
f 4113/1916/2986 4146/1965/2985 4145/1968/2993 4114/1920/2994
f 4114/1920/2994 4145/1968/2993 4142/1969/2995 4108/1922/2996
f 4102/1921/2997 4135/1970/2998 4144/1967/2992 4112/1919/2991
f 4107/1930/2999 4140/1972/3000 4137/1971/3001 4103/1929/3002
f 4111/1924/3003 4143/1974/3004 4141/1973/3005 4110/1926/3006
f 4108/1922/2996 4142/1969/2995 4143/1974/3004 4111/1924/3003
f 4110/1926/3006 4141/1973/3005 4139/1975/3007 4109/1928/3008
f 4109/1928/3008 4139/1975/3007 4140/1972/3000 4107/1930/2999
f 4106/1927/3009 4138/1977/3010 4136/1976/3011 4105/1925/3012
f 4103/1929/3002 4137/1971/3001 4138/1977/3010 4106/1927/3009
f 4105/1925/3012 4136/1976/3011 4134/1978/3013 4104/1923/3014
f 4104/1923/3014 4134/1978/3013 4135/1970/2998 4102/1921/2997
f 5379/1964/1649 4156/1959/1645 5380/1961/1646 5378/1963/1649
f 4149/1963/2984 4165/1961/2981 4164/1955/2975 4146/1965/2985
f 4147/1966/2988 4155/1957/2978 5377/1959/2980 4148/1964/2989
f 4144/1967/2992 4154/1951/2972 4155/1957/2978 4147/1966/2988
f 4146/1965/2985 4164/1955/2975 4163/1953/2973 4145/1968/2993
f 4145/1968/2993 4163/1953/2973 4162/1947/2967 4142/1969/2995
f 4135/1970/2998 4150/1932/2954 4154/1951/2972 4144/1967/2992
f 4140/1972/3000 4152/1942/2964 4159/1937/2957 4137/1971/3001
f 4143/1974/3004 4153/1948/2970 4161/1945/2965 4141/1973/3005
f 4142/1969/2995 4162/1947/2967 4153/1948/2970 4143/1974/3004
f 4141/1973/3005 4161/1945/2965 4160/1941/2961 4139/1975/3007
f 4139/1975/3007 4160/1941/2961 4152/1942/2964 4140/1972/3000
f 4138/1977/3010 4151/1938/2960 4158/1935/2955 4136/1976/3011
f 4137/1971/3001 4159/1937/2957 4151/1938/2960 4138/1977/3010
f 4136/1976/3011 4158/1935/2955 4157/1931/2951 4134/1978/3013
f 4134/1978/3013 4157/1931/2951 4150/1932/2954 4135/1970/2998
f 4101/1894/1606 4133/1962/1682 4132/1960/1683 4100/1893/1607
f 4100/1893/1607 4132/1960/1683 4131/1958/1706 4099/1979/1705
f 4099/1979/1705 4131/1958/1706 4128/1952/1686 4096/1980/1686
f 4086/1981/1687 4096/1980/1686 4128/1952/1686 4118/1933/1688
f 4087/1982/3015 4086/1981/1687 4118/1933/1688 4119/1934/3016
f 4088/1983/3017 4087/1982/3015 4119/1934/3016 4120/1936/3018
f 4089/1984/3019 4088/1983/3017 4120/1936/3018 4121/1939/3020
f 4090/1985/3021 4089/1984/3019 4121/1939/3020 4122/1940/3022
f 4091/1986/3023 4090/1985/3021 4122/1940/3022 4123/1943/3024
f 4092/1987/3025 4091/1986/3023 4123/1943/3024 4124/1944/3026
f 4093/1988/3027 4092/1987/3025 4124/1944/3026 4125/1946/3028
f 4094/1989/3029 4093/1988/3027 4125/1946/3028 4126/1949/3030
f 4095/1990/1687 4094/1989/3029 4126/1949/3030 4127/1950/1688
f 4097/1991/1686 4095/1990/1687 4127/1950/1688 4129/1954/1686
f 4097/1991/1686 4129/1954/1686 4130/1956/1685 4098/1992/1684
f 4098/1992/1684 4130/1956/1685 4133/1962/1682 4101/1894/1606
f 4068/1993/154 4061/1996/154 4059/1995/154 4065/1994/154
f 4065/1997/154 4059/1997/154 4030/1999/154 4031/1998/154
f 4062/2000/154 4061/1996/154 4068/1993/154 4067/2001/154
f 4063/2002/154 4062/2000/154 4067/2001/154 4066/2003/154
f 4060/2004/154 4063/2002/154 4066/2003/154 4064/2005/154
f 3781/1574/174 3784/2007/174 3787/2006/174 3785/1573/174
f 3784/2007/174 3783/2009/174 3788/2008/174 3787/2006/174
f 3783/2009/174 3782/2011/174 3789/2010/174 3788/2008/174
f 3782/2011/174 3780/2013/174 3786/2012/174 3789/2010/174
s 0
f 4166/2014/557 4168/2017/557 4169/2016/557 4167/2015/557
f 4168/2017/800 4172/2017/800 4173/2016/800 4169/2016/800
f 4171/2018/197 4177/2018/197 4176/2019/197 4170/2019/197
f 4170/2019/3031 4166/2014/3031 4167/2015/3031 4171/2018/3031
f 4168/2020/174 4166/2023/174 4170/2022/174 4172/2021/174
f 4173/2021/154 4171/2022/154 4167/2023/154 4169/2020/154
f 4170/2022/174 4176/2025/174 4175/2024/174 4172/2021/174
f 4173/2021/154 4174/2024/154 4177/2025/154 4171/2022/154
f 4172/2017/800 4175/2017/800 4174/2016/800 4173/2016/800
